sender	Set up job	﻿2026-10-08T11:56:57.6251970Z Current runner version: '2.337.0'
sender	Set up job	2026-10-08T11:56:57.6269610Z ##[group]Runner Image Provisioner
sender	Set up job	2026-10-08T11:56:57.6270120Z Hosted Compute Agent
sender	Set up job	2026-10-08T11:56:57.6270500Z Version: 20260828.587
sender	Set up job	2026-10-08T11:56:57.6270900Z Commit: abac92662cab4cc7352de4f9f9d2e2419aad9c29
sender	Set up job	2026-10-08T11:56:57.6271370Z Build Date: 2026-08-28T16:44:25Z
sender	Set up job	2026-10-08T11:56:57.6271800Z Worker ID: {d77cd52f-7586-43db-8067-0f6bc383aa12}
sender	Set up job	2026-10-08T11:56:57.6272250Z Azure Region: westus
sender	Set up job	2026-10-08T11:56:57.6272600Z ##[endgroup]
sender	Set up job	2026-10-08T11:56:57.6273410Z ##[group]Operating System
sender	Set up job	2026-10-08T11:56:57.6273800Z macOS
sender	Set up job	2026-10-08T11:56:57.6274120Z 15.7.9
sender	Set up job	2026-10-08T11:56:57.6274440Z 24G830
sender	Set up job	2026-10-08T11:56:57.6274770Z ##[endgroup]
sender	Set up job	2026-10-08T11:56:57.6275120Z ##[group]Runner Image
sender	Set up job	2026-10-08T11:56:57.6275610Z Image: macos-15-arm64
sender	Set up job	2026-10-08T11:56:57.6276020Z Version: 20260907.0337.1
sender	Set up job	2026-10-08T11:56:57.6276950Z Included Software: https://github.com/actions/runner-images/blob/macos-15-arm64/20260907.0337/images/macos/macos-15-arm64-Readme.md
sender	Set up job	2026-10-08T11:56:57.6278040Z Image Release: https://github.com/actions/runner-images/releases/tag/macos-15-arm64%2F20260907.0337
sender	Set up job	2026-10-08T11:56:57.6278650Z ##[endgroup]
sender	Set up job	2026-10-08T11:56:57.6279330Z ##[group]GITHUB_TOKEN Permissions
sender	Set up job	2026-10-08T11:56:57.6280260Z Contents: read
sender	Set up job	2026-10-08T11:56:57.6280610Z Metadata: read
sender	Set up job	2026-10-08T11:56:57.6280950Z ##[endgroup]
sender	Set up job	2026-10-08T11:56:57.6282170Z Secret source: Actions
sender	Set up job	2026-10-08T11:56:57.6282680Z Cache mode: write
sender	Set up job	2026-10-08T11:56:57.6283070Z Prepare workflow directory
sender	Set up job	2026-10-08T11:56:57.6499650Z Prepare all required actions
sender	Set up job	2026-10-08T11:56:57.6534190Z Getting action download info
sender	Set up job	2026-10-08T11:56:57.7946760Z Download action repository 'actions/checkout@v4' (SHA:11d5960a326750d5838078e36cf38b85af677262)
sender	Set up job	2026-10-08T11:56:57.9782820Z Download action repository 'actions/setup-python@v5' (SHA:a26af69be951a213d495a4c3e4e4022e16d87065)
sender	Set up job	2026-10-08T11:56:58.0730560Z Download action repository 'actions/upload-artifact@v4' (SHA:ea165f8d65b6e75b540449e92b4886f43607fa02)
sender	Set up job	2026-10-08T11:56:58.2358020Z Complete job name: sender
sender	Run actions/checkout@v4	﻿2026-10-08T11:56:58.2793000Z ##[group]Run actions/checkout@v4
sender	Run actions/checkout@v4	2026-10-08T11:56:58.2793550Z with:
sender	Run actions/checkout@v4	2026-10-08T11:56:58.2793910Z   repository: full-aigc-skills/printcraft-skills
sender	Run actions/checkout@v4	2026-10-08T11:56:58.2796570Z   token: ***
sender	Run actions/checkout@v4	2026-10-08T11:56:58.2796870Z   ssh-strict: true
sender	Run actions/checkout@v4	2026-10-08T11:56:58.2797180Z   ssh-user: git
sender	Run actions/checkout@v4	2026-10-08T11:56:58.2797500Z   persist-credentials: true
sender	Run actions/checkout@v4	2026-10-08T11:56:58.2797830Z   clean: true
sender	Run actions/checkout@v4	2026-10-08T11:56:58.2798150Z   sparse-checkout-cone-mode: true
sender	Run actions/checkout@v4	2026-10-08T11:56:58.2798520Z   fetch-depth: 1
sender	Run actions/checkout@v4	2026-10-08T11:56:58.2798820Z   fetch-tags: false
sender	Run actions/checkout@v4	2026-10-08T11:56:58.2799130Z   show-progress: true
sender	Run actions/checkout@v4	2026-10-08T11:56:58.2799450Z   lfs: false
sender	Run actions/checkout@v4	2026-10-08T11:56:58.2799750Z   submodules: false
sender	Run actions/checkout@v4	2026-10-08T11:56:58.2800070Z   set-safe-directory: true
sender	Run actions/checkout@v4	2026-10-08T11:56:58.2800420Z   allow-unsafe-pr-checkout: false
sender	Run actions/checkout@v4	2026-10-08T11:56:58.2800890Z ##[endgroup]
sender	Run actions/checkout@v4	2026-10-08T11:56:58.6313750Z Syncing repository: full-aigc-skills/printcraft-skills
sender	Run actions/checkout@v4	2026-10-08T11:56:58.6315490Z ##[group]Getting Git version info
sender	Run actions/checkout@v4	2026-10-08T11:56:58.6316140Z Working directory is '/Users/runner/work/printcraft-skills/printcraft-skills'
sender	Run actions/checkout@v4	2026-10-08T11:56:58.6317050Z [command]/opt/homebrew/bin/git version
sender	Run actions/checkout@v4	2026-10-08T11:56:58.6812700Z git version 2.55.0
sender	Run actions/checkout@v4	2026-10-08T11:56:58.6829560Z ##[endgroup]
sender	Run actions/checkout@v4	2026-10-08T11:56:58.6834930Z Copying '/Users/runner/.gitconfig' to '/Users/runner/work/_temp/de5ec726-2385-4a4c-b6d9-29956abe0827/.gitconfig'
sender	Run actions/checkout@v4	2026-10-08T11:56:58.6841110Z Temporarily overriding HOME='/Users/runner/work/_temp/de5ec726-2385-4a4c-b6d9-29956abe0827' before making global git config changes
sender	Run actions/checkout@v4	2026-10-08T11:56:58.6842350Z Adding repository directory to the temporary git global config as a safe directory
sender	Run actions/checkout@v4	2026-10-08T11:56:58.6844670Z [command]/opt/homebrew/bin/git config --global --add safe.directory /Users/runner/work/printcraft-skills/printcraft-skills
sender	Run actions/checkout@v4	2026-10-08T11:56:58.6944580Z Deleting the contents of '/Users/runner/work/printcraft-skills/printcraft-skills'
sender	Run actions/checkout@v4	2026-10-08T11:56:58.6947210Z ##[group]Initializing the repository
sender	Run actions/checkout@v4	2026-10-08T11:56:58.6950850Z [command]/opt/homebrew/bin/git init /Users/runner/work/printcraft-skills/printcraft-skills
sender	Run actions/checkout@v4	2026-10-08T11:56:58.7136840Z hint: Using 'master' as the name for the initial branch. This default branch name
sender	Run actions/checkout@v4	2026-10-08T11:56:58.7139140Z hint: will change to "main" in Git 3.0. To configure the initial branch name
sender	Run actions/checkout@v4	2026-10-08T11:56:58.7140980Z hint: to use in all of your new repositories, which will suppress this warning,
sender	Run actions/checkout@v4	2026-10-08T11:56:58.7141620Z hint: call:
sender	Run actions/checkout@v4	2026-10-08T11:56:58.7142680Z hint:
sender	Run actions/checkout@v4	2026-10-08T11:56:58.7144560Z hint: 	git config --global init.defaultBranch <name>
sender	Run actions/checkout@v4	2026-10-08T11:56:58.7145130Z hint:
sender	Run actions/checkout@v4	2026-10-08T11:56:58.7145760Z hint: Names commonly chosen instead of 'master' are 'main', 'trunk' and
sender	Run actions/checkout@v4	2026-10-08T11:56:58.7146510Z hint: 'development'. The just-created branch can be renamed via this command:
sender	Run actions/checkout@v4	2026-10-08T11:56:58.7148060Z hint:
sender	Run actions/checkout@v4	2026-10-08T11:56:58.7148490Z hint: 	git branch -m <name>
sender	Run actions/checkout@v4	2026-10-08T11:56:58.7149020Z hint:
sender	Run actions/checkout@v4	2026-10-08T11:56:58.7149600Z hint: Disable this message with "git config set advice.defaultBranchName false"
sender	Run actions/checkout@v4	2026-10-08T11:56:58.7150570Z Initialized empty Git repository in /Users/runner/work/printcraft-skills/printcraft-skills/.git/
sender	Run actions/checkout@v4	2026-10-08T11:56:58.7156750Z [command]/opt/homebrew/bin/git remote add origin https://github.com/full-aigc-skills/printcraft-skills
sender	Run actions/checkout@v4	2026-10-08T11:56:58.7231320Z ##[endgroup]
sender	Run actions/checkout@v4	2026-10-08T11:56:58.7232430Z ##[group]Disabling automatic garbage collection
sender	Run actions/checkout@v4	2026-10-08T11:56:58.7233210Z [command]/opt/homebrew/bin/git config --local gc.auto 0
sender	Run actions/checkout@v4	2026-10-08T11:56:58.7310340Z ##[endgroup]
sender	Run actions/checkout@v4	2026-10-08T11:56:58.7313170Z ##[group]Setting up auth
sender	Run actions/checkout@v4	2026-10-08T11:56:58.7314960Z [command]/opt/homebrew/bin/git config --local --name-only --get-regexp core\.sshCommand
sender	Run actions/checkout@v4	2026-10-08T11:56:58.7378750Z [command]/opt/homebrew/bin/git submodule foreach --recursive sh -c "git config --local --name-only --get-regexp 'core\.sshCommand' && git config --local --unset-all 'core.sshCommand' || :"
sender	Run actions/checkout@v4	2026-10-08T11:56:58.8288480Z [command]/opt/homebrew/bin/git config --local --name-only --get-regexp http\.https\:\/\/github\.com\/\.extraheader
sender	Run actions/checkout@v4	2026-10-08T11:56:58.8347610Z [command]/opt/homebrew/bin/git submodule foreach --recursive sh -c "git config --local --name-only --get-regexp 'http\.https\:\/\/github\.com\/\.extraheader' && git config --local --unset-all 'http.https://github.com/.extraheader' || :"
sender	Run actions/checkout@v4	2026-10-08T11:56:58.9027670Z [command]/opt/homebrew/bin/git config --local --name-only --get-regexp ^includeIf\.gitdir:
sender	Run actions/checkout@v4	2026-10-08T11:56:58.9080600Z [command]/opt/homebrew/bin/git submodule foreach --recursive git config --local --show-origin --name-only --get-regexp remote.origin.url
sender	Run actions/checkout@v4	2026-10-08T11:56:59.0230110Z [command]/opt/homebrew/bin/git config --local http.https://github.com/.extraheader AUTHORIZATION: basic ***
sender	Run actions/checkout@v4	2026-10-08T11:56:59.0235100Z ##[endgroup]
sender	Run actions/checkout@v4	2026-10-08T11:56:59.0235820Z ##[group]Fetching the repository
sender	Run actions/checkout@v4	2026-10-08T11:56:59.0238190Z [command]/opt/homebrew/bin/git -c protocol.version=2 fetch --no-tags --prune --no-recurse-submodules --depth=1 origin +cb90b21920e04fbe0f65be3d0fe8619cbe33e1da:refs/remotes/origin/main
sender	Run actions/checkout@v4	2026-10-08T11:56:59.9650140Z From https://github.com/full-aigc-skills/printcraft-skills
sender	Run actions/checkout@v4	2026-10-08T11:56:59.9659750Z  * [new ref]         cb90b21920e04fbe0f65be3d0fe8619cbe33e1da -> origin/main
sender	Run actions/checkout@v4	2026-10-08T11:56:59.9793490Z ##[endgroup]
sender	Run actions/checkout@v4	2026-10-08T11:56:59.9803270Z ##[group]Determining the checkout info
sender	Run actions/checkout@v4	2026-10-08T11:56:59.9825390Z ##[endgroup]
sender	Run actions/checkout@v4	2026-10-08T11:56:59.9834470Z [command]/opt/homebrew/bin/git sparse-checkout disable
sender	Run actions/checkout@v4	2026-10-08T11:56:59.9839010Z [command]/opt/homebrew/bin/git config --local --unset-all extensions.worktreeConfig
sender	Run actions/checkout@v4	2026-10-08T11:56:59.9841060Z ##[group]Checking out the ref
sender	Run actions/checkout@v4	2026-10-08T11:56:59.9842040Z [command]/opt/homebrew/bin/git checkout --progress --force -B main refs/remotes/origin/main
sender	Run actions/checkout@v4	2026-10-08T11:57:00.0774630Z Switched to a new branch 'main'
sender	Run actions/checkout@v4	2026-10-08T11:57:00.0783370Z branch 'main' set up to track 'origin/main'.
sender	Run actions/checkout@v4	2026-10-08T11:57:00.0786640Z ##[endgroup]
sender	Run actions/checkout@v4	2026-10-08T11:57:00.0881050Z [command]/opt/homebrew/bin/git log -1 --format=%H
sender	Run actions/checkout@v4	2026-10-08T11:57:00.0950450Z cb90b21920e04fbe0f65be3d0fe8619cbe33e1da
sender	Run actions/setup-python@v5	﻿2026-10-08T11:57:00.1189390Z ##[group]Run actions/setup-python@v5
sender	Run actions/setup-python@v5	2026-10-08T11:57:00.1190060Z with:
sender	Run actions/setup-python@v5	2026-10-08T11:57:00.1190510Z   python-version: 3.13
sender	Run actions/setup-python@v5	2026-10-08T11:57:00.1190980Z   check-latest: false
sender	Run actions/setup-python@v5	2026-10-08T11:57:00.1197160Z   token: ***
sender	Run actions/setup-python@v5	2026-10-08T11:57:00.1197660Z   update-environment: true
sender	Run actions/setup-python@v5	2026-10-08T11:57:00.1211540Z   allow-prereleases: false
sender	Run actions/setup-python@v5	2026-10-08T11:57:00.1212060Z   freethreaded: false
sender	Run actions/setup-python@v5	2026-10-08T11:57:00.1212510Z ##[endgroup]
sender	Run actions/setup-python@v5	2026-10-08T11:57:00.2370050Z ##[group]Installed versions
sender	Run actions/setup-python@v5	2026-10-08T11:57:00.2413920Z (node:1128) [DEP0040] DeprecationWarning: The `punycode` module is deprecated. Please use a userland alternative instead.
sender	Run actions/setup-python@v5	2026-10-08T11:57:00.2425250Z Successfully set up CPython (3.13.15)
sender	Run actions/setup-python@v5	2026-10-08T11:57:00.2428710Z (Use `node --trace-deprecation ...` to show where the warning was created)
sender	Run actions/setup-python@v5	2026-10-08T11:57:00.2429990Z ##[endgroup]
sender	Run python -I -B tests/cross_machine_acceptance.py pack --workdir sender-evidence	﻿2026-10-08T11:57:00.2517010Z ##[group]Run python -I -B tests/cross_machine_acceptance.py pack --workdir sender-evidence
sender	Run python -I -B tests/cross_machine_acceptance.py pack --workdir sender-evidence	2026-10-08T11:57:00.2518490Z ^[[36;1mpython -I -B tests/cross_machine_acceptance.py pack --workdir sender-evidence^[[0m
sender	Run python -I -B tests/cross_machine_acceptance.py pack --workdir sender-evidence	2026-10-08T11:57:00.2571180Z shell: /bin/bash -e {0}
sender	Run python -I -B tests/cross_machine_acceptance.py pack --workdir sender-evidence	2026-10-08T11:57:00.2571670Z env:
sender	Run python -I -B tests/cross_machine_acceptance.py pack --workdir sender-evidence	2026-10-08T11:57:00.2572230Z   pythonLocation: /Users/runner/hostedtoolcache/Python/3.13.15/arm64
sender	Run python -I -B tests/cross_machine_acceptance.py pack --workdir sender-evidence	2026-10-08T11:57:00.2573330Z   PKG_CONFIG_PATH: /Users/runner/hostedtoolcache/Python/3.13.15/arm64/lib/pkgconfig
sender	Run python -I -B tests/cross_machine_acceptance.py pack --workdir sender-evidence	2026-10-08T11:57:00.2574380Z   Python_ROOT_DIR: /Users/runner/hostedtoolcache/Python/3.13.15/arm64
sender	Run python -I -B tests/cross_machine_acceptance.py pack --workdir sender-evidence	2026-10-08T11:57:00.2575310Z   Python2_ROOT_DIR: /Users/runner/hostedtoolcache/Python/3.13.15/arm64
sender	Run python -I -B tests/cross_machine_acceptance.py pack --workdir sender-evidence	2026-10-08T11:57:00.2576290Z   Python3_ROOT_DIR: /Users/runner/hostedtoolcache/Python/3.13.15/arm64
sender	Run python -I -B tests/cross_machine_acceptance.py pack --workdir sender-evidence	2026-10-08T11:57:00.2577010Z ##[endgroup]
sender	Run python -I -B tests/cross_machine_acceptance.py pack --workdir sender-evidence	2026-10-08T11:57:00.9231220Z {
sender	Run python -I -B tests/cross_machine_acceptance.py pack --workdir sender-evidence	2026-10-08T11:57:00.9234870Z   "status": "PACKED_NOT_RECEIVED",
sender	Run python -I -B tests/cross_machine_acceptance.py pack --workdir sender-evidence	2026-10-08T11:57:00.9235800Z   "sender": {
sender	Run python -I -B tests/cross_machine_acceptance.py pack --workdir sender-evidence	2026-10-08T11:57:00.9236550Z     "system": "Darwin",
sender	Run python -I -B tests/cross_machine_acceptance.py pack --workdir sender-evidence	2026-10-08T11:57:00.9237370Z     "machine": "arm64",
sender	Run python -I -B tests/cross_machine_acceptance.py pack --workdir sender-evidence	2026-10-08T11:57:00.9238020Z     "release": "24.6.0",
sender	Run python -I -B tests/cross_machine_acceptance.py pack --workdir sender-evidence	2026-10-08T11:57:00.9238660Z     "python": "3.13.15",
sender	Run python -I -B tests/cross_machine_acceptance.py pack --workdir sender-evidence	2026-10-08T11:57:00.9239380Z     "runnerName": "GitHub Actions 1000000372",
sender	Run python -I -B tests/cross_machine_acceptance.py pack --workdir sender-evidence	2026-10-08T11:57:00.9240050Z     "workflowRunId": "37773443950",
sender	Run python -I -B tests/cross_machine_acceptance.py pack --workdir sender-evidence	2026-10-08T11:57:00.9240730Z     "workflowJob": "sender",
sender	Run python -I -B tests/cross_machine_acceptance.py pack --workdir sender-evidence	2026-10-08T11:57:00.9241490Z     "sourceCommit": "cb90b21920e04fbe0f65be3d0fe8619cbe33e1da"
sender	Run python -I -B tests/cross_machine_acceptance.py pack --workdir sender-evidence	2026-10-08T11:57:00.9242340Z   },
sender	Run python -I -B tests/cross_machine_acceptance.py pack --workdir sender-evidence	2026-10-08T11:57:00.9243190Z   "transportSha256": "2ff3a91f5f649b94bb3958933435e937cac5fc9941fe1f6b96bc04c3b6294089",
sender	Run python -I -B tests/cross_machine_acceptance.py pack --workdir sender-evidence	2026-10-08T11:57:00.9244250Z   "files": {
sender	Run python -I -B tests/cross_machine_acceptance.py pack --workdir sender-evidence	2026-10-08T11:57:00.9245470Z     "package-v1/children/12ea12eace7d655f471ce55e34f89b1b77a3d9d05a445ca82877dd2235beaa51/artboard-1.pdf": {
sender	Run python -I -B tests/cross_machine_acceptance.py pack --workdir sender-evidence	2026-10-08T11:57:00.9246720Z       "sha256": "cc210e23d3b9a0fd0c7f5690c23e9506a2edb0a52f1a26d153145745a05a0e2e",
sender	Run python -I -B tests/cross_machine_acceptance.py pack --workdir sender-evidence	2026-10-08T11:57:00.9247580Z       "bytes": 4207
sender	Run python -I -B tests/cross_machine_acceptance.py pack --workdir sender-evidence	2026-10-08T11:57:00.9248200Z     },
sender	Run python -I -B tests/cross_machine_acceptance.py pack --workdir sender-evidence	2026-10-08T11:57:00.9249130Z     "package-v1/children/12ea12eace7d655f471ce55e34f89b1b77a3d9d05a445ca82877dd2235beaa51/artboard-1.png": {
sender	Run python -I -B tests/cross_machine_acceptance.py pack --workdir sender-evidence	2026-10-08T11:57:00.9250850Z       "sha256": "ee9954be079cbe31a2097ebf5bbdf86d2a097af37ef474d1034056e492461cd3",
sender	Run python -I -B tests/cross_machine_acceptance.py pack --workdir sender-evidence	2026-10-08T11:57:00.9260650Z       "bytes": 334
sender	Run python -I -B tests/cross_machine_acceptance.py pack --workdir sender-evidence	2026-10-08T11:57:00.9261660Z     },
sender	Run python -I -B tests/cross_machine_acceptance.py pack --workdir sender-evidence	2026-10-08T11:57:00.9262900Z     "package-v1/children/12ea12eace7d655f471ce55e34f89b1b77a3d9d05a445ca82877dd2235beaa51/exchange-loss.json": {
sender	Run python -I -B tests/cross_machine_acceptance.py pack --workdir sender-evidence	2026-10-08T11:57:00.9264380Z       "sha256": "0343690c47076cda11eb68104e7a18f0c05d77802871d96de864b63d88410f24",
sender	Run python -I -B tests/cross_machine_acceptance.py pack --workdir sender-evidence	2026-10-08T11:57:00.9265540Z       "bytes": 2821
sender	Run python -I -B tests/cross_machine_acceptance.py pack --workdir sender-evidence	2026-10-08T11:57:00.9266430Z     },
sender	Run python -I -B tests/cross_machine_acceptance.py pack --workdir sender-evidence	2026-10-08T11:57:00.9268420Z     "package-v1/children/12ea12eace7d655f471ce55e34f89b1b77a3d9d05a445ca82877dd2235beaa51/manifest.json": {
sender	Run python -I -B tests/cross_machine_acceptance.py pack --workdir sender-evidence	2026-10-08T11:57:00.9270170Z       "sha256": "8b8a53173f5045172bf28f4e959fd8b3614a1464040a821e424b1abae0b94b45",
sender	Run python -I -B tests/cross_machine_acceptance.py pack --workdir sender-evidence	2026-10-08T11:57:00.9271560Z       "bytes": 1474
sender	Run python -I -B tests/cross_machine_acceptance.py pack --workdir sender-evidence	2026-10-08T11:57:00.9272560Z     },
sender	Run python -I -B tests/cross_machine_acceptance.py pack --workdir sender-evidence	2026-10-08T11:57:00.9273810Z     "package-v1/children/12ea12eace7d655f471ce55e34f89b1b77a3d9d05a445ca82877dd2235beaa51/native.json": {
sender	Run python -I -B tests/cross_machine_acceptance.py pack --workdir sender-evidence	2026-10-08T11:57:00.9279730Z       "sha256": "a7b035d350d2717144493d485e426934f92f61c936b239b936a9cb58a3e63e2a",
sender	Run python -I -B tests/cross_machine_acceptance.py pack --workdir sender-evidence	2026-10-08T11:57:00.9281000Z       "bytes": 22805
sender	Run python -I -B tests/cross_machine_acceptance.py pack --workdir sender-evidence	2026-10-08T11:57:00.9282250Z     },
sender	Run python -I -B tests/cross_machine_acceptance.py pack --workdir sender-evidence	2026-10-08T11:57:00.9283510Z     "package-v1/children/12ea12eace7d655f471ce55e34f89b1b77a3d9d05a445ca82877dd2235beaa51/operations.json": {
sender	Run python -I -B tests/cross_machine_acceptance.py pack --workdir sender-evidence	2026-10-08T11:57:00.9284960Z       "sha256": "2f6d9bb6d1ab0be6fd5d7fc96d718830c9f2f4f16c0fbfdc9fe5c3dfadfd8c3b",
sender	Run python -I -B tests/cross_machine_acceptance.py pack --workdir sender-evidence	2026-10-08T11:57:00.9285960Z       "bytes": 1605
sender	Run python -I -B tests/cross_machine_acceptance.py pack --workdir sender-evidence	2026-10-08T11:57:00.9286730Z     },
sender	Run python -I -B tests/cross_machine_acceptance.py pack --workdir sender-evidence	2026-10-08T11:57:00.9287800Z     "package-v1/children/12ea12eace7d655f471ce55e34f89b1b77a3d9d05a445ca82877dd2235beaa51/pdf-export-date.json": {
sender	Run python -I -B tests/cross_machine_acceptance.py pack --workdir sender-evidence	2026-10-08T11:57:00.9289130Z       "sha256": "d7b420bc536f7beb9e5e84b8776119df18913241276ee77fdf3de6c6dc751a24",
sender	Run python -I -B tests/cross_machine_acceptance.py pack --workdir sender-evidence	2026-10-08T11:57:00.9290070Z       "bytes": 107
sender	Run python -I -B tests/cross_machine_acceptance.py pack --workdir sender-evidence	2026-10-08T11:57:00.9290760Z     },
sender	Run python -I -B tests/cross_machine_acceptance.py pack --workdir sender-evidence	2026-10-08T11:57:00.9291700Z     "package-v1/children/12ea12eace7d655f471ce55e34f89b1b77a3d9d05a445ca82877dd2235beaa51/plan.json": {
sender	Run python -I -B tests/cross_machine_acceptance.py pack --workdir sender-evidence	2026-10-08T11:57:00.9293560Z       "sha256": "babb20b040fc48e9bf9855eff2069b67a0f018e4656ba6b34e8a12a8bef87995",
sender	Run python -I -B tests/cross_machine_acceptance.py pack --workdir sender-evidence	2026-10-08T11:57:00.9294440Z       "bytes": 791
sender	Run python -I -B tests/cross_machine_acceptance.py pack --workdir sender-evidence	2026-10-08T11:57:00.9295090Z     },
sender	Run python -I -B tests/cross_machine_acceptance.py pack --workdir sender-evidence	2026-10-08T11:57:00.9296140Z     "package-v1/children/12ea12eace7d655f471ce55e34f89b1b77a3d9d05a445ca82877dd2235beaa51/project.vectorcraft": {
sender	Run python -I -B tests/cross_machine_acceptance.py pack --workdir sender-evidence	2026-10-08T11:57:00.9297380Z       "sha256": "3ad1114bf9bef3798764cd13ef7de209b025cc2f3ef0ba17f7154b3a1386d442",
sender	Run python -I -B tests/cross_machine_acceptance.py pack --workdir sender-evidence	2026-10-08T11:57:00.9298280Z       "bytes": 23889
sender	Run python -I -B tests/cross_machine_acceptance.py pack --workdir sender-evidence	2026-10-08T11:57:00.9298940Z     },
sender	Run python -I -B tests/cross_machine_acceptance.py pack --workdir sender-evidence	2026-10-08T11:57:00.9299870Z     "package-v1/children/1daf82f62247f3a1d148c2d88b1828c9efa2d5f087d7059e98650aafe7afdea3/artboard-1.pdf": {
sender	Run python -I -B tests/cross_machine_acceptance.py pack --workdir sender-evidence	2026-10-08T11:57:00.9301150Z       "sha256": "bf6fd26b9ca7347c6f09c4e4f7578752249b24d6948e9f0cf1190bd33a9ee2ef",
sender	Run python -I -B tests/cross_machine_acceptance.py pack --workdir sender-evidence	2026-10-08T11:57:00.9302300Z       "bytes": 4210
sender	Run python -I -B tests/cross_machine_acceptance.py pack --workdir sender-evidence	2026-10-08T11:57:00.9303480Z     },
sender	Run python -I -B tests/cross_machine_acceptance.py pack --workdir sender-evidence	2026-10-08T11:57:00.9304490Z     "package-v1/children/1daf82f62247f3a1d148c2d88b1828c9efa2d5f087d7059e98650aafe7afdea3/artboard-1.png": {
sender	Run python -I -B tests/cross_machine_acceptance.py pack --workdir sender-evidence	2026-10-08T11:57:00.9305790Z       "sha256": "cb99fda5a7983e7871fdd630c2e7a962e6d9322890f536e48b63bd82c283e19a",
sender	Run python -I -B tests/cross_machine_acceptance.py pack --workdir sender-evidence	2026-10-08T11:57:00.9306760Z       "bytes": 336
sender	Run python -I -B tests/cross_machine_acceptance.py pack --workdir sender-evidence	2026-10-08T11:57:00.9307390Z     },
sender	Run python -I -B tests/cross_machine_acceptance.py pack --workdir sender-evidence	2026-10-08T11:57:00.9308430Z     "package-v1/children/1daf82f62247f3a1d148c2d88b1828c9efa2d5f087d7059e98650aafe7afdea3/exchange-loss.json": {
sender	Run python -I -B tests/cross_machine_acceptance.py pack --workdir sender-evidence	2026-10-08T11:57:00.9309580Z       "sha256": "c2b92052985f645151560388d918c6384e0826bd19de09d4a1573771d2608e79",
sender	Run python -I -B tests/cross_machine_acceptance.py pack --workdir sender-evidence	2026-10-08T11:57:00.9310420Z       "bytes": 2821
sender	Run python -I -B tests/cross_machine_acceptance.py pack --workdir sender-evidence	2026-10-08T11:57:00.9311050Z     },
sender	Run python -I -B tests/cross_machine_acceptance.py pack --workdir sender-evidence	2026-10-08T11:57:00.9311940Z     "package-v1/children/1daf82f62247f3a1d148c2d88b1828c9efa2d5f087d7059e98650aafe7afdea3/manifest.json": {
sender	Run python -I -B tests/cross_machine_acceptance.py pack --workdir sender-evidence	2026-10-08T11:57:00.9313090Z       "sha256": "fdc98b9d1774753c2292f318c67b1426283935b599e579d64f102ffb02018053",
sender	Run python -I -B tests/cross_machine_acceptance.py pack --workdir sender-evidence	2026-10-08T11:57:00.9313950Z       "bytes": 1474
sender	Run python -I -B tests/cross_machine_acceptance.py pack --workdir sender-evidence	2026-10-08T11:57:00.9314590Z     },
sender	Run python -I -B tests/cross_machine_acceptance.py pack --workdir sender-evidence	2026-10-08T11:57:00.9315470Z     "package-v1/children/1daf82f62247f3a1d148c2d88b1828c9efa2d5f087d7059e98650aafe7afdea3/native.json": {
sender	Run python -I -B tests/cross_machine_acceptance.py pack --workdir sender-evidence	2026-10-08T11:57:00.9316640Z       "sha256": "465b154b9256eca9aa33a2366fe5d02aed125b58a377670d8d0ae01ff1d96677",
sender	Run python -I -B tests/cross_machine_acceptance.py pack --workdir sender-evidence	2026-10-08T11:57:00.9317540Z       "bytes": 22806
sender	Run python -I -B tests/cross_machine_acceptance.py pack --workdir sender-evidence	2026-10-08T11:57:00.9318340Z     },
sender	Run python -I -B tests/cross_machine_acceptance.py pack --workdir sender-evidence	2026-10-08T11:57:00.9319460Z     "package-v1/children/1daf82f62247f3a1d148c2d88b1828c9efa2d5f087d7059e98650aafe7afdea3/operations.json": {
sender	Run python -I -B tests/cross_machine_acceptance.py pack --workdir sender-evidence	2026-10-08T11:57:00.9320800Z       "sha256": "34f46c94cfb0f079375fcfb13c82bda0b4135ee4f91b70f664dee52cee9116b2",
sender	Run python -I -B tests/cross_machine_acceptance.py pack --workdir sender-evidence	2026-10-08T11:57:00.9321840Z       "bytes": 1607
sender	Run python -I -B tests/cross_machine_acceptance.py pack --workdir sender-evidence	2026-10-08T11:57:00.9322530Z     },
sender	Run python -I -B tests/cross_machine_acceptance.py pack --workdir sender-evidence	2026-10-08T11:57:00.9323660Z     "package-v1/children/1daf82f62247f3a1d148c2d88b1828c9efa2d5f087d7059e98650aafe7afdea3/pdf-export-date.json": {
sender	Run python -I -B tests/cross_machine_acceptance.py pack --workdir sender-evidence	2026-10-08T11:57:00.9325080Z       "sha256": "d7b420bc536f7beb9e5e84b8776119df18913241276ee77fdf3de6c6dc751a24",
sender	Run python -I -B tests/cross_machine_acceptance.py pack --workdir sender-evidence	2026-10-08T11:57:00.9325970Z       "bytes": 107
sender	Run python -I -B tests/cross_machine_acceptance.py pack --workdir sender-evidence	2026-10-08T11:57:00.9326640Z     },
sender	Run python -I -B tests/cross_machine_acceptance.py pack --workdir sender-evidence	2026-10-08T11:57:00.9327540Z     "package-v1/children/1daf82f62247f3a1d148c2d88b1828c9efa2d5f087d7059e98650aafe7afdea3/plan.json": {
sender	Run python -I -B tests/cross_machine_acceptance.py pack --workdir sender-evidence	2026-10-08T11:57:00.9328930Z       "sha256": "86f32a18d155814bb76ff36c5c884c9ca1a181e1ed0001381edb35265733f235",
sender	Run python -I -B tests/cross_machine_acceptance.py pack --workdir sender-evidence	2026-10-08T11:57:00.9329960Z       "bytes": 793
sender	Run python -I -B tests/cross_machine_acceptance.py pack --workdir sender-evidence	2026-10-08T11:57:00.9330740Z     },
sender	Run python -I -B tests/cross_machine_acceptance.py pack --workdir sender-evidence	2026-10-08T11:57:00.9331780Z     "package-v1/children/1daf82f62247f3a1d148c2d88b1828c9efa2d5f087d7059e98650aafe7afdea3/project.vectorcraft": {
sender	Run python -I -B tests/cross_machine_acceptance.py pack --workdir sender-evidence	2026-10-08T11:57:00.9342480Z       "sha256": "8627a26e76cbc5158d3f4cf9442b0acf67c7d7d84885f239ed7a5353f2212fca",
sender	Run python -I -B tests/cross_machine_acceptance.py pack --workdir sender-evidence	2026-10-08T11:57:00.9343400Z       "bytes": 23891
sender	Run python -I -B tests/cross_machine_acceptance.py pack --workdir sender-evidence	2026-10-08T11:57:00.9344020Z     },
sender	Run python -I -B tests/cross_machine_acceptance.py pack --workdir sender-evidence	2026-10-08T11:57:00.9344660Z     "package-v1/project.json": {
sender	Run python -I -B tests/cross_machine_acceptance.py pack --workdir sender-evidence	2026-10-08T11:57:00.9345500Z       "sha256": "2bc262cc670dae1997d9eced7792dbf8f1daf9bd6997a2dac222ff7d5f856b12",
sender	Run python -I -B tests/cross_machine_acceptance.py pack --workdir sender-evidence	2026-10-08T11:57:00.9346500Z       "bytes": 9521
sender	Run python -I -B tests/cross_machine_acceptance.py pack --workdir sender-evidence	2026-10-08T11:57:00.9347160Z     },
sender	Run python -I -B tests/cross_machine_acceptance.py pack --workdir sender-evidence	2026-10-08T11:57:00.9347820Z     "package-v1/workflow-plan-portable.json": {
sender	Run python -I -B tests/cross_machine_acceptance.py pack --workdir sender-evidence	2026-10-08T11:57:00.9348810Z       "sha256": "de7fc10b574cd5ca777516203937dfa5dd478c2e10a6274e651d963d5bfc4cfd",
sender	Run python -I -B tests/cross_machine_acceptance.py pack --workdir sender-evidence	2026-10-08T11:57:00.9350010Z       "bytes": 4380
sender	Run python -I -B tests/cross_machine_acceptance.py pack --workdir sender-evidence	2026-10-08T11:57:00.9350610Z     },
sender	Run python -I -B tests/cross_machine_acceptance.py pack --workdir sender-evidence	2026-10-08T11:57:00.9351240Z     "package-v1/workflow-plan.json": {
sender	Run python -I -B tests/cross_machine_acceptance.py pack --workdir sender-evidence	2026-10-08T11:57:00.9352180Z       "sha256": "de7fc10b574cd5ca777516203937dfa5dd478c2e10a6274e651d963d5bfc4cfd",
sender	Run python -I -B tests/cross_machine_acceptance.py pack --workdir sender-evidence	2026-10-08T11:57:00.9352960Z       "bytes": 4380
sender	Run python -I -B tests/cross_machine_acceptance.py pack --workdir sender-evidence	2026-10-08T11:57:00.9353530Z     },
sender	Run python -I -B tests/cross_machine_acceptance.py pack --workdir sender-evidence	2026-10-08T11:57:00.9354100Z     "package-v1/workflow-record.json": {
sender	Run python -I -B tests/cross_machine_acceptance.py pack --workdir sender-evidence	2026-10-08T11:57:00.9354980Z       "sha256": "dc9782dfa213daa5d60f3e325b0b5886cf0c8a94eee471e2345197ce80b11d00",
sender	Run python -I -B tests/cross_machine_acceptance.py pack --workdir sender-evidence	2026-10-08T11:57:00.9355770Z       "bytes": 17596
sender	Run python -I -B tests/cross_machine_acceptance.py pack --workdir sender-evidence	2026-10-08T11:57:00.9356320Z     },
sender	Run python -I -B tests/cross_machine_acceptance.py pack --workdir sender-evidence	2026-10-08T11:57:00.9357170Z     "package-v2/children/12ea12eace7d655f471ce55e34f89b1b77a3d9d05a445ca82877dd2235beaa51/artboard-1.pdf": {
sender	Run python -I -B tests/cross_machine_acceptance.py pack --workdir sender-evidence	2026-10-08T11:57:00.9358230Z       "sha256": "54fd26bcf4b9ef5e3aa9ad3ac88f9748832ea2ae6299362116b59d12369369cc",
sender	Run python -I -B tests/cross_machine_acceptance.py pack --workdir sender-evidence	2026-10-08T11:57:00.9359010Z       "bytes": 4207
sender	Run python -I -B tests/cross_machine_acceptance.py pack --workdir sender-evidence	2026-10-08T11:57:00.9359560Z     },
sender	Run python -I -B tests/cross_machine_acceptance.py pack --workdir sender-evidence	2026-10-08T11:57:00.9360410Z     "package-v2/children/12ea12eace7d655f471ce55e34f89b1b77a3d9d05a445ca82877dd2235beaa51/artboard-1.png": {
sender	Run python -I -B tests/cross_machine_acceptance.py pack --workdir sender-evidence	2026-10-08T11:57:00.9371450Z       "sha256": "33f92e46a29dd0892547ad2dfcdfef82acd7dde56a8fe07b27dc5c922d0c9330",
sender	Run python -I -B tests/cross_machine_acceptance.py pack --workdir sender-evidence	2026-10-08T11:57:00.9372370Z       "bytes": 334
sender	Run python -I -B tests/cross_machine_acceptance.py pack --workdir sender-evidence	2026-10-08T11:57:00.9373090Z     },
sender	Run python -I -B tests/cross_machine_acceptance.py pack --workdir sender-evidence	2026-10-08T11:57:00.9374000Z     "package-v2/children/12ea12eace7d655f471ce55e34f89b1b77a3d9d05a445ca82877dd2235beaa51/exchange-loss.json": {
sender	Run python -I -B tests/cross_machine_acceptance.py pack --workdir sender-evidence	2026-10-08T11:57:00.9375200Z       "sha256": "d164992044e9756b251b3c39d11e42756298f53156ee12e36ec12063abf48b23",
sender	Run python -I -B tests/cross_machine_acceptance.py pack --workdir sender-evidence	2026-10-08T11:57:00.9375960Z       "bytes": 2821
sender	Run python -I -B tests/cross_machine_acceptance.py pack --workdir sender-evidence	2026-10-08T11:57:00.9376490Z     },
sender	Run python -I -B tests/cross_machine_acceptance.py pack --workdir sender-evidence	2026-10-08T11:57:00.9377330Z     "package-v2/children/12ea12eace7d655f471ce55e34f89b1b77a3d9d05a445ca82877dd2235beaa51/manifest.json": {
sender	Run python -I -B tests/cross_machine_acceptance.py pack --workdir sender-evidence	2026-10-08T11:57:00.9378500Z       "sha256": "2e8c3cf06a06d99a8fab95a81ab106836e72ae09b886bf1d553feaefb3a58171",
sender	Run python -I -B tests/cross_machine_acceptance.py pack --workdir sender-evidence	2026-10-08T11:57:00.9379270Z       "bytes": 1536
sender	Run python -I -B tests/cross_machine_acceptance.py pack --workdir sender-evidence	2026-10-08T11:57:00.9379890Z     },
sender	Run python -I -B tests/cross_machine_acceptance.py pack --workdir sender-evidence	2026-10-08T11:57:00.9380740Z     "package-v2/children/12ea12eace7d655f471ce55e34f89b1b77a3d9d05a445ca82877dd2235beaa51/native.json": {
sender	Run python -I -B tests/cross_machine_acceptance.py pack --workdir sender-evidence	2026-10-08T11:57:00.9381790Z       "sha256": "f8e3a3b8609e9322bfa221f090905bcb065115f98dfe9041b7ed44fea72103ad",
sender	Run python -I -B tests/cross_machine_acceptance.py pack --workdir sender-evidence	2026-10-08T11:57:00.9382550Z       "bytes": 22803
sender	Run python -I -B tests/cross_machine_acceptance.py pack --workdir sender-evidence	2026-10-08T11:57:00.9383090Z     },
sender	Run python -I -B tests/cross_machine_acceptance.py pack --workdir sender-evidence	2026-10-08T11:57:00.9383920Z     "package-v2/children/12ea12eace7d655f471ce55e34f89b1b77a3d9d05a445ca82877dd2235beaa51/operations.json": {
sender	Run python -I -B tests/cross_machine_acceptance.py pack --workdir sender-evidence	2026-10-08T11:57:00.9384970Z       "sha256": "f916cd9e9f563ca38a9e9e3ae313bb1c1852aeeb9e25e598356a29d780e7010b",
sender	Run python -I -B tests/cross_machine_acceptance.py pack --workdir sender-evidence	2026-10-08T11:57:00.9385750Z       "bytes": 1413
sender	Run python -I -B tests/cross_machine_acceptance.py pack --workdir sender-evidence	2026-10-08T11:57:00.9386290Z     },
sender	Run python -I -B tests/cross_machine_acceptance.py pack --workdir sender-evidence	2026-10-08T11:57:00.9387160Z     "package-v2/children/12ea12eace7d655f471ce55e34f89b1b77a3d9d05a445ca82877dd2235beaa51/pdf-export-date.json": {
sender	Run python -I -B tests/cross_machine_acceptance.py pack --workdir sender-evidence	2026-10-08T11:57:00.9388270Z       "sha256": "d7b420bc536f7beb9e5e84b8776119df18913241276ee77fdf3de6c6dc751a24",
sender	Run python -I -B tests/cross_machine_acceptance.py pack --workdir sender-evidence	2026-10-08T11:57:00.9389120Z       "bytes": 107
sender	Run python -I -B tests/cross_machine_acceptance.py pack --workdir sender-evidence	2026-10-08T11:57:00.9389660Z     },
sender	Run python -I -B tests/cross_machine_acceptance.py pack --workdir sender-evidence	2026-10-08T11:57:00.9390560Z     "package-v2/children/12ea12eace7d655f471ce55e34f89b1b77a3d9d05a445ca82877dd2235beaa51/plan.json": {
sender	Run python -I -B tests/cross_machine_acceptance.py pack --workdir sender-evidence	2026-10-08T11:57:00.9391890Z       "sha256": "cba35e5461d59dcfe1e79afeb3c6b3e085b986ad34ddb9f185a777f37894a842",
sender	Run python -I -B tests/cross_machine_acceptance.py pack --workdir sender-evidence	2026-10-08T11:57:00.9392760Z       "bytes": 434
sender	Run python -I -B tests/cross_machine_acceptance.py pack --workdir sender-evidence	2026-10-08T11:57:00.9393360Z     },
sender	Run python -I -B tests/cross_machine_acceptance.py pack --workdir sender-evidence	2026-10-08T11:57:00.9394210Z     "package-v2/children/12ea12eace7d655f471ce55e34f89b1b77a3d9d05a445ca82877dd2235beaa51/project.vectorcraft": {
sender	Run python -I -B tests/cross_machine_acceptance.py pack --workdir sender-evidence	2026-10-08T11:57:00.9395340Z       "sha256": "dd632d612da2f65bf21deb1f2cf566db87d00b8b643b84af115b948dfce6d189",
sender	Run python -I -B tests/cross_machine_acceptance.py pack --workdir sender-evidence	2026-10-08T11:57:00.9396100Z       "bytes": 23889
sender	Run python -I -B tests/cross_machine_acceptance.py pack --workdir sender-evidence	2026-10-08T11:57:00.9396670Z     },
sender	Run python -I -B tests/cross_machine_acceptance.py pack --workdir sender-evidence	2026-10-08T11:57:00.9397590Z     "package-v2/children/1daf82f62247f3a1d148c2d88b1828c9efa2d5f087d7059e98650aafe7afdea3/artboard-1.pdf": {
sender	Run python -I -B tests/cross_machine_acceptance.py pack --workdir sender-evidence	2026-10-08T11:57:00.9398630Z       "sha256": "bf6fd26b9ca7347c6f09c4e4f7578752249b24d6948e9f0cf1190bd33a9ee2ef",
sender	Run python -I -B tests/cross_machine_acceptance.py pack --workdir sender-evidence	2026-10-08T11:57:00.9399370Z       "bytes": 4210
sender	Run python -I -B tests/cross_machine_acceptance.py pack --workdir sender-evidence	2026-10-08T11:57:00.9399900Z     },
sender	Run python -I -B tests/cross_machine_acceptance.py pack --workdir sender-evidence	2026-10-08T11:57:00.9400720Z     "package-v2/children/1daf82f62247f3a1d148c2d88b1828c9efa2d5f087d7059e98650aafe7afdea3/artboard-1.png": {
sender	Run python -I -B tests/cross_machine_acceptance.py pack --workdir sender-evidence	2026-10-08T11:57:00.9401910Z       "sha256": "cb99fda5a7983e7871fdd630c2e7a962e6d9322890f536e48b63bd82c283e19a",
sender	Run python -I -B tests/cross_machine_acceptance.py pack --workdir sender-evidence	2026-10-08T11:57:00.9402650Z       "bytes": 336
sender	Run python -I -B tests/cross_machine_acceptance.py pack --workdir sender-evidence	2026-10-08T11:57:00.9403180Z     },
sender	Run python -I -B tests/cross_machine_acceptance.py pack --workdir sender-evidence	2026-10-08T11:57:00.9404090Z     "package-v2/children/1daf82f62247f3a1d148c2d88b1828c9efa2d5f087d7059e98650aafe7afdea3/exchange-loss.json": {
sender	Run python -I -B tests/cross_machine_acceptance.py pack --workdir sender-evidence	2026-10-08T11:57:00.9405140Z       "sha256": "c2b92052985f645151560388d918c6384e0826bd19de09d4a1573771d2608e79",
sender	Run python -I -B tests/cross_machine_acceptance.py pack --workdir sender-evidence	2026-10-08T11:57:00.9405890Z       "bytes": 2821
sender	Run python -I -B tests/cross_machine_acceptance.py pack --workdir sender-evidence	2026-10-08T11:57:00.9406420Z     },
sender	Run python -I -B tests/cross_machine_acceptance.py pack --workdir sender-evidence	2026-10-08T11:57:00.9407230Z     "package-v2/children/1daf82f62247f3a1d148c2d88b1828c9efa2d5f087d7059e98650aafe7afdea3/manifest.json": {
sender	Run python -I -B tests/cross_machine_acceptance.py pack --workdir sender-evidence	2026-10-08T11:57:00.9408270Z       "sha256": "fdc98b9d1774753c2292f318c67b1426283935b599e579d64f102ffb02018053",
sender	Run python -I -B tests/cross_machine_acceptance.py pack --workdir sender-evidence	2026-10-08T11:57:00.9409020Z       "bytes": 1474
sender	Run python -I -B tests/cross_machine_acceptance.py pack --workdir sender-evidence	2026-10-08T11:57:00.9409560Z     },
sender	Run python -I -B tests/cross_machine_acceptance.py pack --workdir sender-evidence	2026-10-08T11:57:00.9410350Z     "package-v2/children/1daf82f62247f3a1d148c2d88b1828c9efa2d5f087d7059e98650aafe7afdea3/native.json": {
sender	Run python -I -B tests/cross_machine_acceptance.py pack --workdir sender-evidence	2026-10-08T11:57:00.9411400Z       "sha256": "465b154b9256eca9aa33a2366fe5d02aed125b58a377670d8d0ae01ff1d96677",
sender	Run python -I -B tests/cross_machine_acceptance.py pack --workdir sender-evidence	2026-10-08T11:57:00.9412160Z       "bytes": 22806
sender	Run python -I -B tests/cross_machine_acceptance.py pack --workdir sender-evidence	2026-10-08T11:57:00.9412710Z     },
sender	Run python -I -B tests/cross_machine_acceptance.py pack --workdir sender-evidence	2026-10-08T11:57:00.9413540Z     "package-v2/children/1daf82f62247f3a1d148c2d88b1828c9efa2d5f087d7059e98650aafe7afdea3/operations.json": {
sender	Run python -I -B tests/cross_machine_acceptance.py pack --workdir sender-evidence	2026-10-08T11:57:00.9414600Z       "sha256": "34f46c94cfb0f079375fcfb13c82bda0b4135ee4f91b70f664dee52cee9116b2",
sender	Run python -I -B tests/cross_machine_acceptance.py pack --workdir sender-evidence	2026-10-08T11:57:00.9415350Z       "bytes": 1607
sender	Run python -I -B tests/cross_machine_acceptance.py pack --workdir sender-evidence	2026-10-08T11:57:00.9415900Z     },
sender	Run python -I -B tests/cross_machine_acceptance.py pack --workdir sender-evidence	2026-10-08T11:57:00.9416790Z     "package-v2/children/1daf82f62247f3a1d148c2d88b1828c9efa2d5f087d7059e98650aafe7afdea3/pdf-export-date.json": {
sender	Run python -I -B tests/cross_machine_acceptance.py pack --workdir sender-evidence	2026-10-08T11:57:00.9417950Z       "sha256": "d7b420bc536f7beb9e5e84b8776119df18913241276ee77fdf3de6c6dc751a24",
sender	Run python -I -B tests/cross_machine_acceptance.py pack --workdir sender-evidence	2026-10-08T11:57:00.9418760Z       "bytes": 107
sender	Run python -I -B tests/cross_machine_acceptance.py pack --workdir sender-evidence	2026-10-08T11:57:00.9419420Z     },
sender	Run python -I -B tests/cross_machine_acceptance.py pack --workdir sender-evidence	2026-10-08T11:57:00.9420260Z     "package-v2/children/1daf82f62247f3a1d148c2d88b1828c9efa2d5f087d7059e98650aafe7afdea3/plan.json": {
sender	Run python -I -B tests/cross_machine_acceptance.py pack --workdir sender-evidence	2026-10-08T11:57:00.9421420Z       "sha256": "86f32a18d155814bb76ff36c5c884c9ca1a181e1ed0001381edb35265733f235",
sender	Run python -I -B tests/cross_machine_acceptance.py pack --workdir sender-evidence	2026-10-08T11:57:00.9422240Z       "bytes": 793
sender	Run python -I -B tests/cross_machine_acceptance.py pack --workdir sender-evidence	2026-10-08T11:57:00.9422790Z     },
sender	Run python -I -B tests/cross_machine_acceptance.py pack --workdir sender-evidence	2026-10-08T11:57:00.9423650Z     "package-v2/children/1daf82f62247f3a1d148c2d88b1828c9efa2d5f087d7059e98650aafe7afdea3/project.vectorcraft": {
sender	Run python -I -B tests/cross_machine_acceptance.py pack --workdir sender-evidence	2026-10-08T11:57:00.9424740Z       "sha256": "8627a26e76cbc5158d3f4cf9442b0acf67c7d7d84885f239ed7a5353f2212fca",
sender	Run python -I -B tests/cross_machine_acceptance.py pack --workdir sender-evidence	2026-10-08T11:57:00.9425510Z       "bytes": 23891
sender	Run python -I -B tests/cross_machine_acceptance.py pack --workdir sender-evidence	2026-10-08T11:57:00.9426060Z     },
sender	Run python -I -B tests/cross_machine_acceptance.py pack --workdir sender-evidence	2026-10-08T11:57:00.9426850Z     "package-v2/inputs/167af38b7d94a3a849cef272aaa14f51b14cde7b34e27770409be95a6ece9975/artboard-1.pdf": {
sender	Run python -I -B tests/cross_machine_acceptance.py pack --workdir sender-evidence	2026-10-08T11:57:00.9427870Z       "sha256": "cc210e23d3b9a0fd0c7f5690c23e9506a2edb0a52f1a26d153145745a05a0e2e",
sender	Run python -I -B tests/cross_machine_acceptance.py pack --workdir sender-evidence	2026-10-08T11:57:00.9428640Z       "bytes": 4207
sender	Run python -I -B tests/cross_machine_acceptance.py pack --workdir sender-evidence	2026-10-08T11:57:00.9429200Z     },
sender	Run python -I -B tests/cross_machine_acceptance.py pack --workdir sender-evidence	2026-10-08T11:57:00.9430010Z     "package-v2/inputs/167af38b7d94a3a849cef272aaa14f51b14cde7b34e27770409be95a6ece9975/artboard-1.png": {
sender	Run python -I -B tests/cross_machine_acceptance.py pack --workdir sender-evidence	2026-10-08T11:57:00.9431280Z       "sha256": "ee9954be079cbe31a2097ebf5bbdf86d2a097af37ef474d1034056e492461cd3",
sender	Run python -I -B tests/cross_machine_acceptance.py pack --workdir sender-evidence	2026-10-08T11:57:00.9432050Z       "bytes": 334
sender	Run python -I -B tests/cross_machine_acceptance.py pack --workdir sender-evidence	2026-10-08T11:57:00.9432730Z     },
sender	Run python -I -B tests/cross_machine_acceptance.py pack --workdir sender-evidence	2026-10-08T11:57:00.9433590Z     "package-v2/inputs/167af38b7d94a3a849cef272aaa14f51b14cde7b34e27770409be95a6ece9975/exchange-loss.json": {
sender	Run python -I -B tests/cross_machine_acceptance.py pack --workdir sender-evidence	2026-10-08T11:57:00.9434630Z       "sha256": "0343690c47076cda11eb68104e7a18f0c05d77802871d96de864b63d88410f24",
sender	Run python -I -B tests/cross_machine_acceptance.py pack --workdir sender-evidence	2026-10-08T11:57:00.9435370Z       "bytes": 2821
sender	Run python -I -B tests/cross_machine_acceptance.py pack --workdir sender-evidence	2026-10-08T11:57:00.9435900Z     },
sender	Run python -I -B tests/cross_machine_acceptance.py pack --workdir sender-evidence	2026-10-08T11:57:00.9436700Z     "package-v2/inputs/167af38b7d94a3a849cef272aaa14f51b14cde7b34e27770409be95a6ece9975/manifest.json": {
sender	Run python -I -B tests/cross_machine_acceptance.py pack --workdir sender-evidence	2026-10-08T11:57:00.9437710Z       "sha256": "8b8a53173f5045172bf28f4e959fd8b3614a1464040a821e424b1abae0b94b45",
sender	Run python -I -B tests/cross_machine_acceptance.py pack --workdir sender-evidence	2026-10-08T11:57:00.9438460Z       "bytes": 1474
sender	Run python -I -B tests/cross_machine_acceptance.py pack --workdir sender-evidence	2026-10-08T11:57:00.9438990Z     },
sender	Run python -I -B tests/cross_machine_acceptance.py pack --workdir sender-evidence	2026-10-08T11:57:00.9439830Z     "package-v2/inputs/167af38b7d94a3a849cef272aaa14f51b14cde7b34e27770409be95a6ece9975/native.json": {
sender	Run python -I -B tests/cross_machine_acceptance.py pack --workdir sender-evidence	2026-10-08T11:57:00.9440840Z       "sha256": "a7b035d350d2717144493d485e426934f92f61c936b239b936a9cb58a3e63e2a",
sender	Run python -I -B tests/cross_machine_acceptance.py pack --workdir sender-evidence	2026-10-08T11:57:00.9441730Z       "bytes": 22805
sender	Run python -I -B tests/cross_machine_acceptance.py pack --workdir sender-evidence	2026-10-08T11:57:00.9442310Z     },
sender	Run python -I -B tests/cross_machine_acceptance.py pack --workdir sender-evidence	2026-10-08T11:57:00.9443110Z     "package-v2/inputs/167af38b7d94a3a849cef272aaa14f51b14cde7b34e27770409be95a6ece9975/operations.json": {
sender	Run python -I -B tests/cross_machine_acceptance.py pack --workdir sender-evidence	2026-10-08T11:57:00.9444240Z       "sha256": "2f6d9bb6d1ab0be6fd5d7fc96d718830c9f2f4f16c0fbfdc9fe5c3dfadfd8c3b",
sender	Run python -I -B tests/cross_machine_acceptance.py pack --workdir sender-evidence	2026-10-08T11:57:00.9445020Z       "bytes": 1605
sender	Run python -I -B tests/cross_machine_acceptance.py pack --workdir sender-evidence	2026-10-08T11:57:00.9445570Z     },
sender	Run python -I -B tests/cross_machine_acceptance.py pack --workdir sender-evidence	2026-10-08T11:57:00.9446480Z     "package-v2/inputs/167af38b7d94a3a849cef272aaa14f51b14cde7b34e27770409be95a6ece9975/pdf-export-date.json": {
sender	Run python -I -B tests/cross_machine_acceptance.py pack --workdir sender-evidence	2026-10-08T11:57:00.9447540Z       "sha256": "d7b420bc536f7beb9e5e84b8776119df18913241276ee77fdf3de6c6dc751a24",
sender	Run python -I -B tests/cross_machine_acceptance.py pack --workdir sender-evidence	2026-10-08T11:57:00.9448360Z       "bytes": 107
sender	Run python -I -B tests/cross_machine_acceptance.py pack --workdir sender-evidence	2026-10-08T11:57:00.9448900Z     },
sender	Run python -I -B tests/cross_machine_acceptance.py pack --workdir sender-evidence	2026-10-08T11:57:00.9449680Z     "package-v2/inputs/167af38b7d94a3a849cef272aaa14f51b14cde7b34e27770409be95a6ece9975/plan.json": {
sender	Run python -I -B tests/cross_machine_acceptance.py pack --workdir sender-evidence	2026-10-08T11:57:00.9450690Z       "sha256": "babb20b040fc48e9bf9855eff2069b67a0f018e4656ba6b34e8a12a8bef87995",
sender	Run python -I -B tests/cross_machine_acceptance.py pack --workdir sender-evidence	2026-10-08T11:57:00.9451440Z       "bytes": 791
sender	Run python -I -B tests/cross_machine_acceptance.py pack --workdir sender-evidence	2026-10-08T11:57:00.9451970Z     },
sender	Run python -I -B tests/cross_machine_acceptance.py pack --workdir sender-evidence	2026-10-08T11:57:00.9452780Z     "package-v2/inputs/167af38b7d94a3a849cef272aaa14f51b14cde7b34e27770409be95a6ece9975/project.vectorcraft": {
sender	Run python -I -B tests/cross_machine_acceptance.py pack --workdir sender-evidence	2026-10-08T11:57:00.9453810Z       "sha256": "3ad1114bf9bef3798764cd13ef7de209b025cc2f3ef0ba17f7154b3a1386d442",
sender	Run python -I -B tests/cross_machine_acceptance.py pack --workdir sender-evidence	2026-10-08T11:57:00.9454550Z       "bytes": 23889
sender	Run python -I -B tests/cross_machine_acceptance.py pack --workdir sender-evidence	2026-10-08T11:57:00.9455070Z     },
sender	Run python -I -B tests/cross_machine_acceptance.py pack --workdir sender-evidence	2026-10-08T11:57:00.9455600Z     "package-v2/project.json": {
sender	Run python -I -B tests/cross_machine_acceptance.py pack --workdir sender-evidence	2026-10-08T11:57:00.9456340Z       "sha256": "1caa92b3d0a9d1d6089b7e4c9628ee88683c3f515f531175af32e7bac06798f3",
sender	Run python -I -B tests/cross_machine_acceptance.py pack --workdir sender-evidence	2026-10-08T11:57:00.9457080Z       "bytes": 13415
sender	Run python -I -B tests/cross_machine_acceptance.py pack --workdir sender-evidence	2026-10-08T11:57:00.9457860Z     },
sender	Run python -I -B tests/cross_machine_acceptance.py pack --workdir sender-evidence	2026-10-08T11:57:00.9458430Z     "package-v2/workflow-plan-portable.json": {
sender	Run python -I -B tests/cross_machine_acceptance.py pack --workdir sender-evidence	2026-10-08T11:57:00.9459210Z       "sha256": "5bf8cfcbf590c70516c34486862b4b3339e27ee787c787a8674e24e2a3b28746",
sender	Run python -I -B tests/cross_machine_acceptance.py pack --workdir sender-evidence	2026-10-08T11:57:00.9459930Z       "bytes": 5789
sender	Run python -I -B tests/cross_machine_acceptance.py pack --workdir sender-evidence	2026-10-08T11:57:00.9460440Z     },
sender	Run python -I -B tests/cross_machine_acceptance.py pack --workdir sender-evidence	2026-10-08T11:57:00.9460980Z     "package-v2/workflow-plan.json": {
sender	Run python -I -B tests/cross_machine_acceptance.py pack --workdir sender-evidence	2026-10-08T11:57:00.9461740Z       "sha256": "ce87ae1fc8620c1251f077d2dbc73c389ea31524902c13aa6a29c34ff835c895",
sender	Run python -I -B tests/cross_machine_acceptance.py pack --workdir sender-evidence	2026-10-08T11:57:00.9462460Z       "bytes": 5858
sender	Run python -I -B tests/cross_machine_acceptance.py pack --workdir sender-evidence	2026-10-08T11:57:00.9462970Z     },
sender	Run python -I -B tests/cross_machine_acceptance.py pack --workdir sender-evidence	2026-10-08T11:57:00.9463510Z     "package-v2/workflow-record.json": {
sender	Run python -I -B tests/cross_machine_acceptance.py pack --workdir sender-evidence	2026-10-08T11:57:00.9464250Z       "sha256": "51a0f8e14613b95f24150a70e7026e98f36ae1379a544930dd3bca4fa767d207",
sender	Run python -I -B tests/cross_machine_acceptance.py pack --workdir sender-evidence	2026-10-08T11:57:00.9464960Z       "bytes": 17538
sender	Run python -I -B tests/cross_machine_acceptance.py pack --workdir sender-evidence	2026-10-08T11:57:00.9465490Z     },
sender	Run python -I -B tests/cross_machine_acceptance.py pack --workdir sender-evidence	2026-10-08T11:57:00.9466000Z     "revised.pdf": {
sender	Run python -I -B tests/cross_machine_acceptance.py pack --workdir sender-evidence	2026-10-08T11:57:00.9466700Z       "sha256": "42db8b468aab763d66ac02aa893f32337ef4b983e2d4e4cf7e03311fad0664b7",
sender	Run python -I -B tests/cross_machine_acceptance.py pack --workdir sender-evidence	2026-10-08T11:57:00.9467430Z       "bytes": 4996
sender	Run python -I -B tests/cross_machine_acceptance.py pack --workdir sender-evidence	2026-10-08T11:57:00.9467950Z     },
sender	Run python -I -B tests/cross_machine_acceptance.py pack --workdir sender-evidence	2026-10-08T11:57:00.9468460Z     "second.pdf": {
sender	Run python -I -B tests/cross_machine_acceptance.py pack --workdir sender-evidence	2026-10-08T11:57:00.9469140Z       "sha256": "699e182b1371dba7b16a9dfa41d2cfa0782712aae9a8d955089692ca960ad27f",
sender	Run python -I -B tests/cross_machine_acceptance.py pack --workdir sender-evidence	2026-10-08T11:57:00.9469940Z       "bytes": 4984
sender	Run python -I -B tests/cross_machine_acceptance.py pack --workdir sender-evidence	2026-10-08T11:57:00.9470450Z     },
sender	Run python -I -B tests/cross_machine_acceptance.py pack --workdir sender-evidence	2026-10-08T11:57:00.9471120Z     "revised-1.pam": {
sender	Run python -I -B tests/cross_machine_acceptance.py pack --workdir sender-evidence	2026-10-08T11:57:00.9471860Z       "sha256": "d7d8880f7a70f62efd0f38ed3d4661ed634b91d9807d6fe32a5060761fb25534",
sender	Run python -I -B tests/cross_machine_acceptance.py pack --workdir sender-evidence	2026-10-08T11:57:00.9472680Z       "bytes": 74949
sender	Run python -I -B tests/cross_machine_acceptance.py pack --workdir sender-evidence	2026-10-08T11:57:00.9473210Z     },
sender	Run python -I -B tests/cross_machine_acceptance.py pack --workdir sender-evidence	2026-10-08T11:57:00.9473730Z     "revised-2.pam": {
sender	Run python -I -B tests/cross_machine_acceptance.py pack --workdir sender-evidence	2026-10-08T11:57:00.9474500Z       "sha256": "638919dab3c4e77720bd2965a231e689c5133823bccf632c83512d9f474039ac",
sender	Run python -I -B tests/cross_machine_acceptance.py pack --workdir sender-evidence	2026-10-08T11:57:00.9475210Z       "bytes": 87109
sender	Run python -I -B tests/cross_machine_acceptance.py pack --workdir sender-evidence	2026-10-08T11:57:00.9475750Z     },
sender	Run python -I -B tests/cross_machine_acceptance.py pack --workdir sender-evidence	2026-10-08T11:57:00.9476330Z     "cross-plugin-report.json": {
sender	Run python -I -B tests/cross_machine_acceptance.py pack --workdir sender-evidence	2026-10-08T11:57:00.9477870Z       "sha256": "6c59eccea9146c3f4cf55aeb0c6b0473515fb3e333201425d07465a1c88dfed6",
sender	Run python -I -B tests/cross_machine_acceptance.py pack --workdir sender-evidence	2026-10-08T11:57:00.9478790Z       "bytes": 8927
sender	Run python -I -B tests/cross_machine_acceptance.py pack --workdir sender-evidence	2026-10-08T11:57:00.9479360Z     },
sender	Run python -I -B tests/cross_machine_acceptance.py pack --workdir sender-evidence	2026-10-08T11:57:00.9479920Z     "producer-report.json": {
sender	Run python -I -B tests/cross_machine_acceptance.py pack --workdir sender-evidence	2026-10-08T11:57:00.9480910Z       "sha256": "1ed72f8c08da4afde5c120f3bbc372516c3dc8e656dd5e251a5d43815629fd6e",
sender	Run python -I -B tests/cross_machine_acceptance.py pack --workdir sender-evidence	2026-10-08T11:57:00.9481700Z       "bytes": 32899
sender	Run python -I -B tests/cross_machine_acceptance.py pack --workdir sender-evidence	2026-10-08T11:57:00.9482960Z     }
sender	Run python -I -B tests/cross_machine_acceptance.py pack --workdir sender-evidence	2026-10-08T11:57:00.9484160Z   },
sender	Run python -I -B tests/cross_machine_acceptance.py pack --workdir sender-evidence	2026-10-08T11:57:00.9484850Z   "inputUnchanged": true,
sender	Run python -I -B tests/cross_machine_acceptance.py pack --workdir sender-evidence	2026-10-08T11:57:00.9485520Z   "mobileDevice": "NOT_RUN"
sender	Run python -I -B tests/cross_machine_acceptance.py pack --workdir sender-evidence	2026-10-08T11:57:00.9486080Z }
sender	Run actions/upload-artifact@v4	﻿2026-10-08T11:57:00.9788000Z ##[group]Run actions/upload-artifact@v4
sender	Run actions/upload-artifact@v4	2026-10-08T11:57:00.9788660Z with:
sender	Run actions/upload-artifact@v4	2026-10-08T11:57:00.9789190Z   name: project-transport-37773443950
sender	Run actions/upload-artifact@v4	2026-10-08T11:57:00.9789790Z   path: sender-evidence/*
sender	Run actions/upload-artifact@v4	2026-10-08T11:57:00.9790350Z   if-no-files-found: error
sender	Run actions/upload-artifact@v4	2026-10-08T11:57:00.9790910Z   compression-level: 6
sender	Run actions/upload-artifact@v4	2026-10-08T11:57:00.9791440Z   overwrite: false
sender	Run actions/upload-artifact@v4	2026-10-08T11:57:00.9791980Z   include-hidden-files: false
sender	Run actions/upload-artifact@v4	2026-10-08T11:57:00.9792530Z env:
sender	Run actions/upload-artifact@v4	2026-10-08T11:57:00.9793150Z   pythonLocation: /Users/runner/hostedtoolcache/Python/3.13.15/arm64
sender	Run actions/upload-artifact@v4	2026-10-08T11:57:00.9793990Z   PKG_CONFIG_PATH: /Users/runner/hostedtoolcache/Python/3.13.15/arm64/lib/pkgconfig
sender	Run actions/upload-artifact@v4	2026-10-08T11:57:00.9794930Z   Python_ROOT_DIR: /Users/runner/hostedtoolcache/Python/3.13.15/arm64
sender	Run actions/upload-artifact@v4	2026-10-08T11:57:00.9795850Z   Python2_ROOT_DIR: /Users/runner/hostedtoolcache/Python/3.13.15/arm64
sender	Run actions/upload-artifact@v4	2026-10-08T11:57:00.9796950Z   Python3_ROOT_DIR: /Users/runner/hostedtoolcache/Python/3.13.15/arm64
sender	Run actions/upload-artifact@v4	2026-10-08T11:57:00.9797730Z ##[endgroup]
sender	Run actions/upload-artifact@v4	2026-10-08T11:57:01.1108440Z (node:1173) [DEP0040] DeprecationWarning: The `punycode` module is deprecated. Please use a userland alternative instead.
sender	Run actions/upload-artifact@v4	2026-10-08T11:57:01.1109720Z (Use `node --trace-deprecation ...` to show where the warning was created)
sender	Run actions/upload-artifact@v4	2026-10-08T11:57:01.1148520Z With the provided path, there will be 3 files uploaded
sender	Run actions/upload-artifact@v4	2026-10-08T11:57:01.1150110Z Artifact name is valid!
sender	Run actions/upload-artifact@v4	2026-10-08T11:57:01.1150830Z Root directory input is valid!
sender	Run actions/upload-artifact@v4	2026-10-08T11:57:01.3040380Z Beginning upload of artifact content to blob storage
sender	Run actions/upload-artifact@v4	2026-10-08T11:57:01.3274640Z (node:1173) [DEP0169] DeprecationWarning: `url.parse()` behavior is not standardized and prone to errors that have security implications. Use the WHATWG URL API instead. CVEs are not issued for `url.parse()` vulnerabilities.
sender	Run actions/upload-artifact@v4	2026-10-08T11:57:01.3554650Z Uploaded bytes 82239
sender	Run actions/upload-artifact@v4	2026-10-08T11:57:01.3672170Z Finished uploading artifact content to blob storage!
sender	Run actions/upload-artifact@v4	2026-10-08T11:57:01.3673470Z SHA256 digest of uploaded artifact zip is 7cc630cb188fed26a4e72c7e904005b789099cad4e00ec9088687e25d5d76a07
sender	Run actions/upload-artifact@v4	2026-10-08T11:57:01.3676450Z Finalizing artifact upload
sender	Run actions/upload-artifact@v4	2026-10-08T11:57:01.5638340Z Artifact project-transport-37773443950.zip successfully finalized. Artifact ID 11548254329
sender	Run actions/upload-artifact@v4	2026-10-08T11:57:01.5639160Z Artifact project-transport-37773443950 has been successfully uploaded! Final size is 82239 bytes. Artifact ID is 11548254329
sender	Run actions/upload-artifact@v4	2026-10-08T11:57:01.5640090Z Artifact download URL: https://github.com/full-aigc-skills/printcraft-skills/actions/runs/37773443950/artifacts/11548254329
sender	Post Run actions/setup-python@v5	﻿2026-10-08T11:57:01.5906040Z Post job cleanup.
sender	Post Run actions/setup-python@v5	2026-10-08T11:57:01.7077400Z (node:1174) [DEP0040] DeprecationWarning: The `punycode` module is deprecated. Please use a userland alternative instead.
sender	Post Run actions/setup-python@v5	2026-10-08T11:57:01.7078260Z (Use `node --trace-deprecation ...` to show where the warning was created)
sender	Post Run actions/checkout@v4	﻿2026-10-08T11:57:01.7170760Z Post job cleanup.
sender	Post Run actions/checkout@v4	2026-10-08T11:57:01.7855290Z [command]/opt/homebrew/bin/git version
sender	Post Run actions/checkout@v4	2026-10-08T11:57:01.7905560Z git version 2.55.0
sender	Post Run actions/checkout@v4	2026-10-08T11:57:01.7921450Z Copying '/Users/runner/.gitconfig' to '/Users/runner/work/_temp/06f4351d-683d-42df-bf29-01e1f707ef46/.gitconfig'
sender	Post Run actions/checkout@v4	2026-10-08T11:57:01.7927370Z Temporarily overriding HOME='/Users/runner/work/_temp/06f4351d-683d-42df-bf29-01e1f707ef46' before making global git config changes
sender	Post Run actions/checkout@v4	2026-10-08T11:57:01.7928140Z Adding repository directory to the temporary git global config as a safe directory
sender	Post Run actions/checkout@v4	2026-10-08T11:57:01.7930590Z [command]/opt/homebrew/bin/git config --global --add safe.directory /Users/runner/work/printcraft-skills/printcraft-skills
sender	Post Run actions/checkout@v4	2026-10-08T11:57:01.7980400Z [command]/opt/homebrew/bin/git config --local --name-only --get-regexp core\.sshCommand
sender	Post Run actions/checkout@v4	2026-10-08T11:57:01.8025240Z [command]/opt/homebrew/bin/git submodule foreach --recursive sh -c "git config --local --name-only --get-regexp 'core\.sshCommand' && git config --local --unset-all 'core.sshCommand' || :"
sender	Post Run actions/checkout@v4	2026-10-08T11:57:01.8615870Z [command]/opt/homebrew/bin/git config --local --name-only --get-regexp http\.https\:\/\/github\.com\/\.extraheader
sender	Post Run actions/checkout@v4	2026-10-08T11:57:01.8654470Z http.https://github.com/.extraheader
sender	Post Run actions/checkout@v4	2026-10-08T11:57:01.8659540Z [command]/opt/homebrew/bin/git config --local --unset-all http.https://github.com/.extraheader
sender	Post Run actions/checkout@v4	2026-10-08T11:57:01.8706460Z [command]/opt/homebrew/bin/git submodule foreach --recursive sh -c "git config --local --name-only --get-regexp 'http\.https\:\/\/github\.com\/\.extraheader' && git config --local --unset-all 'http.https://github.com/.extraheader' || :"
sender	Post Run actions/checkout@v4	2026-10-08T11:57:01.9297400Z [command]/opt/homebrew/bin/git config --local --name-only --get-regexp ^includeIf\.gitdir:
sender	Post Run actions/checkout@v4	2026-10-08T11:57:01.9346970Z [command]/opt/homebrew/bin/git submodule foreach --recursive git config --local --show-origin --name-only --get-regexp remote.origin.url
sender	Complete job	﻿2026-10-08T11:57:02.0098540Z Cleaning up orphan processes
sender	Complete job	2026-10-08T11:57:02.0360380Z ##[warning]Node.js 20 is deprecated. The following actions target Node.js 20 but are being forced to run on Node.js 24: actions/checkout@v4, actions/setup-python@v5, actions/upload-artifact@v4. For more information see: https://github.blog/changelog/2025-09-19-deprecation-of-node-20-on-github-actions-runners/
receiver (macos-15-intel, darwin-x86_64)	Set up job	﻿2026-10-08T11:57:11.1585780Z Current runner version: '2.337.0'
receiver (macos-15-intel, darwin-x86_64)	Set up job	2026-10-08T11:57:11.1619190Z ##[group]Runner Image Provisioner
receiver (macos-15-intel, darwin-x86_64)	Set up job	2026-10-08T11:57:11.1620340Z Hosted Compute Agent
receiver (macos-15-intel, darwin-x86_64)	Set up job	2026-10-08T11:57:11.1621070Z Version: 20260819.586
receiver (macos-15-intel, darwin-x86_64)	Set up job	2026-10-08T11:57:11.1621870Z Commit: 3cc4a88dfa507ef76119ad1bb3eccc6378bb2b76
receiver (macos-15-intel, darwin-x86_64)	Set up job	2026-10-08T11:57:11.1622840Z Build Date: 2026-08-18T23:20:18Z
receiver (macos-15-intel, darwin-x86_64)	Set up job	2026-10-08T11:57:11.1623730Z Worker ID: {cd7365eb-0e2e-459b-abda-9de6f0ba21f6}
receiver (macos-15-intel, darwin-x86_64)	Set up job	2026-10-08T11:57:11.1624680Z Azure Region: westus
receiver (macos-15-intel, darwin-x86_64)	Set up job	2026-10-08T11:57:11.1625400Z ##[endgroup]
receiver (macos-15-intel, darwin-x86_64)	Set up job	2026-10-08T11:57:11.1628480Z ##[group]Operating System
receiver (macos-15-intel, darwin-x86_64)	Set up job	2026-10-08T11:57:11.1629300Z macOS
receiver (macos-15-intel, darwin-x86_64)	Set up job	2026-10-08T11:57:11.1629920Z 15.7.9
receiver (macos-15-intel, darwin-x86_64)	Set up job	2026-10-08T11:57:11.1630530Z 24G830
receiver (macos-15-intel, darwin-x86_64)	Set up job	2026-10-08T11:57:11.1631150Z ##[endgroup]
receiver (macos-15-intel, darwin-x86_64)	Set up job	2026-10-08T11:57:11.1631820Z ##[group]Runner Image
receiver (macos-15-intel, darwin-x86_64)	Set up job	2026-10-08T11:57:11.1632550Z Image: macos-15
receiver (macos-15-intel, darwin-x86_64)	Set up job	2026-10-08T11:57:11.1633220Z Version: 20260824.0482.1
receiver (macos-15-intel, darwin-x86_64)	Set up job	2026-10-08T11:57:11.1634760Z Included Software: https://github.com/actions/runner-images/blob/macos-15/20260824.0482/images/macos/macos-15-Readme.md
receiver (macos-15-intel, darwin-x86_64)	Set up job	2026-10-08T11:57:11.1637210Z Image Release: https://github.com/actions/runner-images/releases/tag/macos-15%2F20260824.0482
receiver (macos-15-intel, darwin-x86_64)	Set up job	2026-10-08T11:57:11.1638620Z ##[endgroup]
receiver (macos-15-intel, darwin-x86_64)	Set up job	2026-10-08T11:57:11.1640130Z ##[group]GITHUB_TOKEN Permissions
receiver (macos-15-intel, darwin-x86_64)	Set up job	2026-10-08T11:57:11.1643350Z Contents: read
receiver (macos-15-intel, darwin-x86_64)	Set up job	2026-10-08T11:57:11.1644110Z Metadata: read
receiver (macos-15-intel, darwin-x86_64)	Set up job	2026-10-08T11:57:11.1644780Z ##[endgroup]
receiver (macos-15-intel, darwin-x86_64)	Set up job	2026-10-08T11:57:11.1647710Z Secret source: Actions
receiver (macos-15-intel, darwin-x86_64)	Set up job	2026-10-08T11:57:11.1648960Z Cache mode: write
receiver (macos-15-intel, darwin-x86_64)	Set up job	2026-10-08T11:57:11.1649900Z Prepare workflow directory
receiver (macos-15-intel, darwin-x86_64)	Set up job	2026-10-08T11:57:11.2275750Z Prepare all required actions
receiver (macos-15-intel, darwin-x86_64)	Set up job	2026-10-08T11:57:11.2372810Z Getting action download info
receiver (macos-15-intel, darwin-x86_64)	Set up job	2026-10-08T11:57:11.5705760Z Download action repository 'actions/checkout@v4' (SHA:11d5960a326750d5838078e36cf38b85af677262)
receiver (macos-15-intel, darwin-x86_64)	Set up job	2026-10-08T11:57:12.1046290Z Download action repository 'actions/setup-python@v5' (SHA:a26af69be951a213d495a4c3e4e4022e16d87065)
receiver (macos-15-intel, darwin-x86_64)	Set up job	2026-10-08T11:57:12.4517970Z Download action repository 'actions/setup-node@v4' (SHA:49933ea5288caeca8642d1e84afbd3f7d6820020)
receiver (macos-15-intel, darwin-x86_64)	Set up job	2026-10-08T11:57:12.7791000Z Download action repository 'actions/download-artifact@v4' (SHA:d3f86a106a0bac45b974a628896c90dbdf5c8093)
receiver (macos-15-intel, darwin-x86_64)	Set up job	2026-10-08T11:57:13.9013470Z Download action repository 'actions/upload-artifact@v4' (SHA:ea165f8d65b6e75b540449e92b4886f43607fa02)
receiver (macos-15-intel, darwin-x86_64)	Set up job	2026-10-08T11:57:14.5050350Z Complete job name: receiver (macos-15-intel, darwin-x86_64)
receiver (macos-15-intel, darwin-x86_64)	Run actions/checkout@v4	﻿2026-10-08T11:57:14.6473510Z ##[group]Run actions/checkout@v4
receiver (macos-15-intel, darwin-x86_64)	Run actions/checkout@v4	2026-10-08T11:57:14.6476200Z with:
receiver (macos-15-intel, darwin-x86_64)	Run actions/checkout@v4	2026-10-08T11:57:14.6477960Z   repository: full-aigc-skills/printcraft-skills
receiver (macos-15-intel, darwin-x86_64)	Run actions/checkout@v4	2026-10-08T11:57:14.6498890Z   token: ***
receiver (macos-15-intel, darwin-x86_64)	Run actions/checkout@v4	2026-10-08T11:57:14.6500420Z   ssh-strict: true
receiver (macos-15-intel, darwin-x86_64)	Run actions/checkout@v4	2026-10-08T11:57:14.6501970Z   ssh-user: git
receiver (macos-15-intel, darwin-x86_64)	Run actions/checkout@v4	2026-10-08T11:57:14.6503560Z   persist-credentials: true
receiver (macos-15-intel, darwin-x86_64)	Run actions/checkout@v4	2026-10-08T11:57:14.6505330Z   clean: true
receiver (macos-15-intel, darwin-x86_64)	Run actions/checkout@v4	2026-10-08T11:57:14.6506920Z   sparse-checkout-cone-mode: true
receiver (macos-15-intel, darwin-x86_64)	Run actions/checkout@v4	2026-10-08T11:57:14.6508880Z   fetch-depth: 1
receiver (macos-15-intel, darwin-x86_64)	Run actions/checkout@v4	2026-10-08T11:57:14.6510430Z   fetch-tags: false
receiver (macos-15-intel, darwin-x86_64)	Run actions/checkout@v4	2026-10-08T11:57:14.6512010Z   show-progress: true
receiver (macos-15-intel, darwin-x86_64)	Run actions/checkout@v4	2026-10-08T11:57:14.6513650Z   lfs: false
receiver (macos-15-intel, darwin-x86_64)	Run actions/checkout@v4	2026-10-08T11:57:14.6515110Z   submodules: false
receiver (macos-15-intel, darwin-x86_64)	Run actions/checkout@v4	2026-10-08T11:57:14.6516950Z   set-safe-directory: true
receiver (macos-15-intel, darwin-x86_64)	Run actions/checkout@v4	2026-10-08T11:57:14.6518850Z   allow-unsafe-pr-checkout: false
receiver (macos-15-intel, darwin-x86_64)	Run actions/checkout@v4	2026-10-08T11:57:14.6521630Z ##[endgroup]
receiver (macos-15-intel, darwin-x86_64)	Run actions/checkout@v4	2026-10-08T11:57:16.7730250Z Syncing repository: full-aigc-skills/printcraft-skills
receiver (macos-15-intel, darwin-x86_64)	Run actions/checkout@v4	2026-10-08T11:57:16.7737400Z ##[group]Getting Git version info
receiver (macos-15-intel, darwin-x86_64)	Run actions/checkout@v4	2026-10-08T11:57:16.7739610Z Working directory is '/Users/runner/work/printcraft-skills/printcraft-skills'
receiver (macos-15-intel, darwin-x86_64)	Run actions/checkout@v4	2026-10-08T11:57:16.7743370Z [command]/usr/local/bin/git version
receiver (macos-15-intel, darwin-x86_64)	Run actions/checkout@v4	2026-10-08T11:57:16.9756660Z git version 2.55.0
receiver (macos-15-intel, darwin-x86_64)	Run actions/checkout@v4	2026-10-08T11:57:16.9973780Z ##[endgroup]
receiver (macos-15-intel, darwin-x86_64)	Run actions/checkout@v4	2026-10-08T11:57:17.0040730Z Copying '/Users/runner/.gitconfig' to '/Users/runner/work/_temp/ad61e484-7738-4a81-9fe5-822d240522a1/.gitconfig'
receiver (macos-15-intel, darwin-x86_64)	Run actions/checkout@v4	2026-10-08T11:57:17.0131200Z Temporarily overriding HOME='/Users/runner/work/_temp/ad61e484-7738-4a81-9fe5-822d240522a1' before making global git config changes
receiver (macos-15-intel, darwin-x86_64)	Run actions/checkout@v4	2026-10-08T11:57:17.0138190Z Adding repository directory to the temporary git global config as a safe directory
receiver (macos-15-intel, darwin-x86_64)	Run actions/checkout@v4	2026-10-08T11:57:17.0151660Z [command]/usr/local/bin/git config --global --add safe.directory /Users/runner/work/printcraft-skills/printcraft-skills
receiver (macos-15-intel, darwin-x86_64)	Run actions/checkout@v4	2026-10-08T11:57:17.0812800Z Deleting the contents of '/Users/runner/work/printcraft-skills/printcraft-skills'
receiver (macos-15-intel, darwin-x86_64)	Run actions/checkout@v4	2026-10-08T11:57:17.0837400Z ##[group]Initializing the repository
receiver (macos-15-intel, darwin-x86_64)	Run actions/checkout@v4	2026-10-08T11:57:17.0849810Z [command]/usr/local/bin/git init /Users/runner/work/printcraft-skills/printcraft-skills
receiver (macos-15-intel, darwin-x86_64)	Run actions/checkout@v4	2026-10-08T11:57:17.1431740Z hint: Using 'master' as the name for the initial branch. This default branch name
receiver (macos-15-intel, darwin-x86_64)	Run actions/checkout@v4	2026-10-08T11:57:17.1434830Z hint: will change to "main" in Git 3.0. To configure the initial branch name
receiver (macos-15-intel, darwin-x86_64)	Run actions/checkout@v4	2026-10-08T11:57:17.1437430Z hint: to use in all of your new repositories, which will suppress this warning,
receiver (macos-15-intel, darwin-x86_64)	Run actions/checkout@v4	2026-10-08T11:57:17.1439810Z hint: call:
receiver (macos-15-intel, darwin-x86_64)	Run actions/checkout@v4	2026-10-08T11:57:17.1441770Z hint:
receiver (macos-15-intel, darwin-x86_64)	Run actions/checkout@v4	2026-10-08T11:57:17.1443870Z hint: 	git config --global init.defaultBranch <name>
receiver (macos-15-intel, darwin-x86_64)	Run actions/checkout@v4	2026-10-08T11:57:17.1446190Z hint:
receiver (macos-15-intel, darwin-x86_64)	Run actions/checkout@v4	2026-10-08T11:57:17.1448070Z hint: Names commonly chosen instead of 'master' are 'main', 'trunk' and
receiver (macos-15-intel, darwin-x86_64)	Run actions/checkout@v4	2026-10-08T11:57:17.1450760Z hint: 'development'. The just-created branch can be renamed via this command:
receiver (macos-15-intel, darwin-x86_64)	Run actions/checkout@v4	2026-10-08T11:57:17.1452890Z hint:
receiver (macos-15-intel, darwin-x86_64)	Run actions/checkout@v4	2026-10-08T11:57:17.1454640Z hint: 	git branch -m <name>
receiver (macos-15-intel, darwin-x86_64)	Run actions/checkout@v4	2026-10-08T11:57:17.1456300Z hint:
receiver (macos-15-intel, darwin-x86_64)	Run actions/checkout@v4	2026-10-08T11:57:17.1459050Z hint: Disable this message with "git config set advice.defaultBranchName false"
receiver (macos-15-intel, darwin-x86_64)	Run actions/checkout@v4	2026-10-08T11:57:17.1462390Z Initialized empty Git repository in /Users/runner/work/printcraft-skills/printcraft-skills/.git/
receiver (macos-15-intel, darwin-x86_64)	Run actions/checkout@v4	2026-10-08T11:57:17.1467920Z [command]/usr/local/bin/git remote add origin https://github.com/full-aigc-skills/printcraft-skills
receiver (macos-15-intel, darwin-x86_64)	Run actions/checkout@v4	2026-10-08T11:57:17.1653530Z ##[endgroup]
receiver (macos-15-intel, darwin-x86_64)	Run actions/checkout@v4	2026-10-08T11:57:17.1656620Z ##[group]Disabling automatic garbage collection
receiver (macos-15-intel, darwin-x86_64)	Run actions/checkout@v4	2026-10-08T11:57:17.1661400Z [command]/usr/local/bin/git config --local gc.auto 0
receiver (macos-15-intel, darwin-x86_64)	Run actions/checkout@v4	2026-10-08T11:57:17.1834730Z ##[endgroup]
receiver (macos-15-intel, darwin-x86_64)	Run actions/checkout@v4	2026-10-08T11:57:17.1840730Z ##[group]Setting up auth
receiver (macos-15-intel, darwin-x86_64)	Run actions/checkout@v4	2026-10-08T11:57:17.1844150Z [command]/usr/local/bin/git config --local --name-only --get-regexp core\.sshCommand
receiver (macos-15-intel, darwin-x86_64)	Run actions/checkout@v4	2026-10-08T11:57:17.2045600Z [command]/usr/local/bin/git submodule foreach --recursive sh -c "git config --local --name-only --get-regexp 'core\.sshCommand' && git config --local --unset-all 'core.sshCommand' || :"
receiver (macos-15-intel, darwin-x86_64)	Run actions/checkout@v4	2026-10-08T11:57:17.4798200Z [command]/usr/local/bin/git config --local --name-only --get-regexp http\.https\:\/\/github\.com\/\.extraheader
receiver (macos-15-intel, darwin-x86_64)	Run actions/checkout@v4	2026-10-08T11:57:17.4842150Z [command]/usr/local/bin/git submodule foreach --recursive sh -c "git config --local --name-only --get-regexp 'http\.https\:\/\/github\.com\/\.extraheader' && git config --local --unset-all 'http.https://github.com/.extraheader' || :"
receiver (macos-15-intel, darwin-x86_64)	Run actions/checkout@v4	2026-10-08T11:57:17.8276590Z [command]/usr/local/bin/git config --local --name-only --get-regexp ^includeIf\.gitdir:
receiver (macos-15-intel, darwin-x86_64)	Run actions/checkout@v4	2026-10-08T11:57:17.8787240Z [command]/usr/local/bin/git submodule foreach --recursive git config --local --show-origin --name-only --get-regexp remote.origin.url
receiver (macos-15-intel, darwin-x86_64)	Run actions/checkout@v4	2026-10-08T11:57:18.0621680Z [command]/usr/local/bin/git config --local http.https://github.com/.extraheader AUTHORIZATION: basic ***
receiver (macos-15-intel, darwin-x86_64)	Run actions/checkout@v4	2026-10-08T11:57:18.0974500Z ##[endgroup]
receiver (macos-15-intel, darwin-x86_64)	Run actions/checkout@v4	2026-10-08T11:57:18.1029170Z ##[group]Fetching the repository
receiver (macos-15-intel, darwin-x86_64)	Run actions/checkout@v4	2026-10-08T11:57:18.1057540Z [command]/usr/local/bin/git -c protocol.version=2 fetch --no-tags --prune --no-recurse-submodules --depth=1 origin +cb90b21920e04fbe0f65be3d0fe8619cbe33e1da:refs/remotes/origin/main
receiver (macos-15-intel, darwin-x86_64)	Run actions/checkout@v4	2026-10-08T11:57:19.1137070Z From https://github.com/full-aigc-skills/printcraft-skills
receiver (macos-15-intel, darwin-x86_64)	Run actions/checkout@v4	2026-10-08T11:57:19.1162270Z  * [new ref]         cb90b21920e04fbe0f65be3d0fe8619cbe33e1da -> origin/main
receiver (macos-15-intel, darwin-x86_64)	Run actions/checkout@v4	2026-10-08T11:57:19.1252020Z ##[endgroup]
receiver (macos-15-intel, darwin-x86_64)	Run actions/checkout@v4	2026-10-08T11:57:19.1255450Z ##[group]Determining the checkout info
receiver (macos-15-intel, darwin-x86_64)	Run actions/checkout@v4	2026-10-08T11:57:19.1260040Z ##[endgroup]
receiver (macos-15-intel, darwin-x86_64)	Run actions/checkout@v4	2026-10-08T11:57:19.1280770Z [command]/usr/local/bin/git sparse-checkout disable
receiver (macos-15-intel, darwin-x86_64)	Run actions/checkout@v4	2026-10-08T11:57:19.1341400Z [command]/usr/local/bin/git config --local --unset-all extensions.worktreeConfig
receiver (macos-15-intel, darwin-x86_64)	Run actions/checkout@v4	2026-10-08T11:57:19.1584880Z ##[group]Checking out the ref
receiver (macos-15-intel, darwin-x86_64)	Run actions/checkout@v4	2026-10-08T11:57:19.1626050Z [command]/usr/local/bin/git checkout --progress --force -B main refs/remotes/origin/main
receiver (macos-15-intel, darwin-x86_64)	Run actions/checkout@v4	2026-10-08T11:57:19.8698350Z Switched to a new branch 'main'
receiver (macos-15-intel, darwin-x86_64)	Run actions/checkout@v4	2026-10-08T11:57:19.8717900Z branch 'main' set up to track 'origin/main'.
receiver (macos-15-intel, darwin-x86_64)	Run actions/checkout@v4	2026-10-08T11:57:19.8756160Z ##[endgroup]
receiver (macos-15-intel, darwin-x86_64)	Run actions/checkout@v4	2026-10-08T11:57:20.1613470Z [command]/usr/local/bin/git log -1 --format=%H
receiver (macos-15-intel, darwin-x86_64)	Run actions/checkout@v4	2026-10-08T11:57:20.1637200Z cb90b21920e04fbe0f65be3d0fe8619cbe33e1da
receiver (macos-15-intel, darwin-x86_64)	Run actions/checkout@v4	﻿2026-10-08T11:57:20.2334880Z ##[group]Run actions/checkout@v4
receiver (macos-15-intel, darwin-x86_64)	Run actions/checkout@v4	2026-10-08T11:57:20.2335700Z with:
receiver (macos-15-intel, darwin-x86_64)	Run actions/checkout@v4	2026-10-08T11:57:20.2336250Z   repository: full-aigc-plugins/artcraft-plugin
receiver (macos-15-intel, darwin-x86_64)	Run actions/checkout@v4	2026-10-08T11:57:20.2337000Z   ref: 4ff30a88bbdc0c268dc17d7cddb7f3aed77544e8
receiver (macos-15-intel, darwin-x86_64)	Run actions/checkout@v4	2026-10-08T11:57:20.2337740Z   path: .artcraft-source
receiver (macos-15-intel, darwin-x86_64)	Run actions/checkout@v4	2026-10-08T11:57:20.2343860Z   token: ***
receiver (macos-15-intel, darwin-x86_64)	Run actions/checkout@v4	2026-10-08T11:57:20.2344660Z   ssh-strict: true
receiver (macos-15-intel, darwin-x86_64)	Run actions/checkout@v4	2026-10-08T11:57:20.2345250Z   ssh-user: git
receiver (macos-15-intel, darwin-x86_64)	Run actions/checkout@v4	2026-10-08T11:57:20.2345870Z   persist-credentials: true
receiver (macos-15-intel, darwin-x86_64)	Run actions/checkout@v4	2026-10-08T11:57:20.2346550Z   clean: true
receiver (macos-15-intel, darwin-x86_64)	Run actions/checkout@v4	2026-10-08T11:57:20.2347130Z   sparse-checkout-cone-mode: true
receiver (macos-15-intel, darwin-x86_64)	Run actions/checkout@v4	2026-10-08T11:57:20.2347810Z   fetch-depth: 1
receiver (macos-15-intel, darwin-x86_64)	Run actions/checkout@v4	2026-10-08T11:57:20.2348390Z   fetch-tags: false
receiver (macos-15-intel, darwin-x86_64)	Run actions/checkout@v4	2026-10-08T11:57:20.2349030Z   show-progress: true
receiver (macos-15-intel, darwin-x86_64)	Run actions/checkout@v4	2026-10-08T11:57:20.2349900Z   lfs: false
receiver (macos-15-intel, darwin-x86_64)	Run actions/checkout@v4	2026-10-08T11:57:20.2350520Z   submodules: false
receiver (macos-15-intel, darwin-x86_64)	Run actions/checkout@v4	2026-10-08T11:57:20.2351130Z   set-safe-directory: true
receiver (macos-15-intel, darwin-x86_64)	Run actions/checkout@v4	2026-10-08T11:57:20.2351810Z   allow-unsafe-pr-checkout: false
receiver (macos-15-intel, darwin-x86_64)	Run actions/checkout@v4	2026-10-08T11:57:20.2352520Z ##[endgroup]
receiver (macos-15-intel, darwin-x86_64)	Run actions/checkout@v4	2026-10-08T11:57:21.2674530Z Syncing repository: full-aigc-plugins/artcraft-plugin
receiver (macos-15-intel, darwin-x86_64)	Run actions/checkout@v4	2026-10-08T11:57:21.2689220Z ##[group]Getting Git version info
receiver (macos-15-intel, darwin-x86_64)	Run actions/checkout@v4	2026-10-08T11:57:21.2694660Z Working directory is '/Users/runner/work/printcraft-skills/printcraft-skills/.artcraft-source'
receiver (macos-15-intel, darwin-x86_64)	Run actions/checkout@v4	2026-10-08T11:57:21.2703600Z [command]/usr/local/bin/git version
receiver (macos-15-intel, darwin-x86_64)	Run actions/checkout@v4	2026-10-08T11:57:21.2707830Z git version 2.55.0
receiver (macos-15-intel, darwin-x86_64)	Run actions/checkout@v4	2026-10-08T11:57:21.2734720Z ##[endgroup]
receiver (macos-15-intel, darwin-x86_64)	Run actions/checkout@v4	2026-10-08T11:57:21.2748650Z Copying '/Users/runner/.gitconfig' to '/Users/runner/work/_temp/9f006d40-4e75-4007-a0cb-5e1de9bc4ea5/.gitconfig'
receiver (macos-15-intel, darwin-x86_64)	Run actions/checkout@v4	2026-10-08T11:57:21.2753560Z Temporarily overriding HOME='/Users/runner/work/_temp/9f006d40-4e75-4007-a0cb-5e1de9bc4ea5' before making global git config changes
receiver (macos-15-intel, darwin-x86_64)	Run actions/checkout@v4	2026-10-08T11:57:21.2758190Z Adding repository directory to the temporary git global config as a safe directory
receiver (macos-15-intel, darwin-x86_64)	Run actions/checkout@v4	2026-10-08T11:57:21.2766730Z [command]/usr/local/bin/git config --global --add safe.directory /Users/runner/work/printcraft-skills/printcraft-skills/.artcraft-source
receiver (macos-15-intel, darwin-x86_64)	Run actions/checkout@v4	2026-10-08T11:57:21.2793040Z ##[group]Initializing the repository
receiver (macos-15-intel, darwin-x86_64)	Run actions/checkout@v4	2026-10-08T11:57:21.2796770Z [command]/usr/local/bin/git init /Users/runner/work/printcraft-skills/printcraft-skills/.artcraft-source
receiver (macos-15-intel, darwin-x86_64)	Run actions/checkout@v4	2026-10-08T11:57:21.2802540Z hint: Using 'master' as the name for the initial branch. This default branch name
receiver (macos-15-intel, darwin-x86_64)	Run actions/checkout@v4	2026-10-08T11:57:21.2814000Z hint: will change to "main" in Git 3.0. To configure the initial branch name
receiver (macos-15-intel, darwin-x86_64)	Run actions/checkout@v4	2026-10-08T11:57:21.2818640Z hint: to use in all of your new repositories, which will suppress this warning,
receiver (macos-15-intel, darwin-x86_64)	Run actions/checkout@v4	2026-10-08T11:57:21.2822260Z hint: call:
receiver (macos-15-intel, darwin-x86_64)	Run actions/checkout@v4	2026-10-08T11:57:21.2825850Z hint:
receiver (macos-15-intel, darwin-x86_64)	Run actions/checkout@v4	2026-10-08T11:57:21.2829500Z hint: 	git config --global init.defaultBranch <name>
receiver (macos-15-intel, darwin-x86_64)	Run actions/checkout@v4	2026-10-08T11:57:21.2835710Z hint:
receiver (macos-15-intel, darwin-x86_64)	Run actions/checkout@v4	2026-10-08T11:57:21.2850330Z hint: Names commonly chosen instead of 'master' are 'main', 'trunk' and
receiver (macos-15-intel, darwin-x86_64)	Run actions/checkout@v4	2026-10-08T11:57:21.2855630Z hint: 'development'. The just-created branch can be renamed via this command:
receiver (macos-15-intel, darwin-x86_64)	Run actions/checkout@v4	2026-10-08T11:57:21.2861840Z hint:
receiver (macos-15-intel, darwin-x86_64)	Run actions/checkout@v4	2026-10-08T11:57:21.2865680Z hint: 	git branch -m <name>
receiver (macos-15-intel, darwin-x86_64)	Run actions/checkout@v4	2026-10-08T11:57:21.2875600Z hint:
receiver (macos-15-intel, darwin-x86_64)	Run actions/checkout@v4	2026-10-08T11:57:21.2877970Z hint: Disable this message with "git config set advice.defaultBranchName false"
receiver (macos-15-intel, darwin-x86_64)	Run actions/checkout@v4	2026-10-08T11:57:21.2882380Z Initialized empty Git repository in /Users/runner/work/printcraft-skills/printcraft-skills/.artcraft-source/.git/
receiver (macos-15-intel, darwin-x86_64)	Run actions/checkout@v4	2026-10-08T11:57:21.2894870Z [command]/usr/local/bin/git remote add origin https://github.com/full-aigc-plugins/artcraft-plugin
receiver (macos-15-intel, darwin-x86_64)	Run actions/checkout@v4	2026-10-08T11:57:21.2913010Z ##[endgroup]
receiver (macos-15-intel, darwin-x86_64)	Run actions/checkout@v4	2026-10-08T11:57:21.2916000Z ##[group]Disabling automatic garbage collection
receiver (macos-15-intel, darwin-x86_64)	Run actions/checkout@v4	2026-10-08T11:57:21.2919580Z [command]/usr/local/bin/git config --local gc.auto 0
receiver (macos-15-intel, darwin-x86_64)	Run actions/checkout@v4	2026-10-08T11:57:21.2926770Z ##[endgroup]
receiver (macos-15-intel, darwin-x86_64)	Run actions/checkout@v4	2026-10-08T11:57:21.2929960Z ##[group]Setting up auth
receiver (macos-15-intel, darwin-x86_64)	Run actions/checkout@v4	2026-10-08T11:57:21.2940000Z [command]/usr/local/bin/git config --local --name-only --get-regexp core\.sshCommand
receiver (macos-15-intel, darwin-x86_64)	Run actions/checkout@v4	2026-10-08T11:57:21.3053710Z [command]/usr/local/bin/git submodule foreach --recursive sh -c "git config --local --name-only --get-regexp 'core\.sshCommand' && git config --local --unset-all 'core.sshCommand' || :"
receiver (macos-15-intel, darwin-x86_64)	Run actions/checkout@v4	2026-10-08T11:57:21.7277520Z [command]/usr/local/bin/git config --local --name-only --get-regexp http\.https\:\/\/github\.com\/\.extraheader
receiver (macos-15-intel, darwin-x86_64)	Run actions/checkout@v4	2026-10-08T11:57:21.9158660Z [command]/usr/local/bin/git submodule foreach --recursive sh -c "git config --local --name-only --get-regexp 'http\.https\:\/\/github\.com\/\.extraheader' && git config --local --unset-all 'http.https://github.com/.extraheader' || :"
receiver (macos-15-intel, darwin-x86_64)	Run actions/checkout@v4	2026-10-08T11:57:22.3741580Z [command]/usr/local/bin/git config --local --name-only --get-regexp ^includeIf\.gitdir:
receiver (macos-15-intel, darwin-x86_64)	Run actions/checkout@v4	2026-10-08T11:57:22.6058280Z [command]/usr/local/bin/git submodule foreach --recursive git config --local --show-origin --name-only --get-regexp remote.origin.url
receiver (macos-15-intel, darwin-x86_64)	Run actions/checkout@v4	2026-10-08T11:57:22.6306500Z [command]/usr/local/bin/git config --local http.https://github.com/.extraheader AUTHORIZATION: basic ***
receiver (macos-15-intel, darwin-x86_64)	Run actions/checkout@v4	2026-10-08T11:57:22.6458590Z ##[endgroup]
receiver (macos-15-intel, darwin-x86_64)	Run actions/checkout@v4	2026-10-08T11:57:22.6461470Z ##[group]Fetching the repository
receiver (macos-15-intel, darwin-x86_64)	Run actions/checkout@v4	2026-10-08T11:57:22.6491900Z [command]/usr/local/bin/git -c protocol.version=2 fetch --no-tags --prune --no-recurse-submodules --depth=1 origin 4ff30a88bbdc0c268dc17d7cddb7f3aed77544e8
receiver (macos-15-intel, darwin-x86_64)	Run actions/checkout@v4	2026-10-08T11:57:23.7106090Z From https://github.com/full-aigc-plugins/artcraft-plugin
receiver (macos-15-intel, darwin-x86_64)	Run actions/checkout@v4	2026-10-08T11:57:23.7136040Z  * branch            4ff30a88bbdc0c268dc17d7cddb7f3aed77544e8 -> FETCH_HEAD
receiver (macos-15-intel, darwin-x86_64)	Run actions/checkout@v4	2026-10-08T11:57:23.7366560Z ##[endgroup]
receiver (macos-15-intel, darwin-x86_64)	Run actions/checkout@v4	2026-10-08T11:57:23.7482450Z ##[group]Determining the checkout info
receiver (macos-15-intel, darwin-x86_64)	Run actions/checkout@v4	2026-10-08T11:57:23.7542880Z ##[endgroup]
receiver (macos-15-intel, darwin-x86_64)	Run actions/checkout@v4	2026-10-08T11:57:23.7778120Z [command]/usr/local/bin/git sparse-checkout disable
receiver (macos-15-intel, darwin-x86_64)	Run actions/checkout@v4	2026-10-08T11:57:23.8081980Z [command]/usr/local/bin/git config --local --unset-all extensions.worktreeConfig
receiver (macos-15-intel, darwin-x86_64)	Run actions/checkout@v4	2026-10-08T11:57:23.9505570Z ##[group]Checking out the ref
receiver (macos-15-intel, darwin-x86_64)	Run actions/checkout@v4	2026-10-08T11:57:23.9547110Z [command]/usr/local/bin/git checkout --progress --force 4ff30a88bbdc0c268dc17d7cddb7f3aed77544e8
receiver (macos-15-intel, darwin-x86_64)	Run actions/checkout@v4	2026-10-08T11:57:24.8783880Z Updating files:  88% (1181/1336)
receiver (macos-15-intel, darwin-x86_64)	Run actions/checkout@v4	2026-10-08T11:57:24.8893940Z Updating files:  89% (1190/1336)
receiver (macos-15-intel, darwin-x86_64)	Run actions/checkout@v4	2026-10-08T11:57:24.9146090Z Updating files:  90% (1203/1336)
receiver (macos-15-intel, darwin-x86_64)	Run actions/checkout@v4	2026-10-08T11:57:24.9178490Z Updating files:  91% (1216/1336)
receiver (macos-15-intel, darwin-x86_64)	Run actions/checkout@v4	2026-10-08T11:57:24.9305520Z Updating files:  92% (1230/1336)
receiver (macos-15-intel, darwin-x86_64)	Run actions/checkout@v4	2026-10-08T11:57:25.0308690Z Updating files:  93% (1243/1336)
receiver (macos-15-intel, darwin-x86_64)	Run actions/checkout@v4	2026-10-08T11:57:25.1316110Z Updating files:  94% (1256/1336)
receiver (macos-15-intel, darwin-x86_64)	Run actions/checkout@v4	2026-10-08T11:57:25.2090820Z Updating files:  95% (1270/1336)
receiver (macos-15-intel, darwin-x86_64)	Run actions/checkout@v4	2026-10-08T11:57:25.2105080Z Updating files:  96% (1283/1336)
receiver (macos-15-intel, darwin-x86_64)	Run actions/checkout@v4	2026-10-08T11:57:25.2115470Z Updating files:  97% (1296/1336)
receiver (macos-15-intel, darwin-x86_64)	Run actions/checkout@v4	2026-10-08T11:57:25.2124210Z Updating files:  98% (1310/1336)
receiver (macos-15-intel, darwin-x86_64)	Run actions/checkout@v4	2026-10-08T11:57:25.2132670Z Updating files:  99% (1323/1336)
receiver (macos-15-intel, darwin-x86_64)	Run actions/checkout@v4	2026-10-08T11:57:25.2724840Z Updating files: 100% (1336/1336)
receiver (macos-15-intel, darwin-x86_64)	Run actions/checkout@v4	2026-10-08T11:57:25.2753390Z Updating files: 100% (1336/1336), done.
receiver (macos-15-intel, darwin-x86_64)	Run actions/checkout@v4	2026-10-08T11:57:25.2799130Z HEAD is now at 4ff30a8 验收质量证据与受限修订机制并完成任务8.1至8.6
receiver (macos-15-intel, darwin-x86_64)	Run actions/checkout@v4	2026-10-08T11:57:25.3154080Z ##[endgroup]
receiver (macos-15-intel, darwin-x86_64)	Run actions/checkout@v4	2026-10-08T11:57:25.3164560Z [command]/usr/local/bin/git log -1 --format=%H
receiver (macos-15-intel, darwin-x86_64)	Run actions/checkout@v4	2026-10-08T11:57:25.3257220Z 4ff30a88bbdc0c268dc17d7cddb7f3aed77544e8
receiver (macos-15-intel, darwin-x86_64)	Run actions/setup-python@v5	﻿2026-10-08T11:57:25.3830550Z ##[group]Run actions/setup-python@v5
receiver (macos-15-intel, darwin-x86_64)	Run actions/setup-python@v5	2026-10-08T11:57:25.3831400Z with:
receiver (macos-15-intel, darwin-x86_64)	Run actions/setup-python@v5	2026-10-08T11:57:25.3832150Z   python-version: 3.13
receiver (macos-15-intel, darwin-x86_64)	Run actions/setup-python@v5	2026-10-08T11:57:25.3832850Z   check-latest: false
receiver (macos-15-intel, darwin-x86_64)	Run actions/setup-python@v5	2026-10-08T11:57:25.3840560Z   token: ***
receiver (macos-15-intel, darwin-x86_64)	Run actions/setup-python@v5	2026-10-08T11:57:25.3841170Z   update-environment: true
receiver (macos-15-intel, darwin-x86_64)	Run actions/setup-python@v5	2026-10-08T11:57:25.3841970Z   allow-prereleases: false
receiver (macos-15-intel, darwin-x86_64)	Run actions/setup-python@v5	2026-10-08T11:57:25.3842750Z   freethreaded: false
receiver (macos-15-intel, darwin-x86_64)	Run actions/setup-python@v5	2026-10-08T11:57:25.3843490Z ##[endgroup]
receiver (macos-15-intel, darwin-x86_64)	Run actions/setup-python@v5	2026-10-08T11:57:25.8751920Z (node:23554) [DEP0040] DeprecationWarning: The `punycode` module is deprecated. Please use a userland alternative instead.
receiver (macos-15-intel, darwin-x86_64)	Run actions/setup-python@v5	2026-10-08T11:57:25.8798130Z (Use `node --trace-deprecation ...` to show where the warning was created)
receiver (macos-15-intel, darwin-x86_64)	Run actions/setup-python@v5	2026-10-08T11:57:25.8800030Z ##[group]Installed versions
receiver (macos-15-intel, darwin-x86_64)	Run actions/setup-python@v5	2026-10-08T11:57:25.8982080Z Successfully set up CPython (3.13.15)
receiver (macos-15-intel, darwin-x86_64)	Run actions/setup-python@v5	2026-10-08T11:57:25.8986180Z ##[endgroup]
receiver (macos-15-intel, darwin-x86_64)	Run actions/setup-node@v4	﻿2026-10-08T11:57:25.9361990Z ##[group]Run actions/setup-node@v4
receiver (macos-15-intel, darwin-x86_64)	Run actions/setup-node@v4	2026-10-08T11:57:25.9362940Z with:
receiver (macos-15-intel, darwin-x86_64)	Run actions/setup-node@v4	2026-10-08T11:57:25.9363540Z   node-version: 24
receiver (macos-15-intel, darwin-x86_64)	Run actions/setup-node@v4	2026-10-08T11:57:25.9364100Z   always-auth: false
receiver (macos-15-intel, darwin-x86_64)	Run actions/setup-node@v4	2026-10-08T11:57:25.9364570Z   check-latest: false
receiver (macos-15-intel, darwin-x86_64)	Run actions/setup-node@v4	2026-10-08T11:57:25.9371510Z   token: ***
receiver (macos-15-intel, darwin-x86_64)	Run actions/setup-node@v4	2026-10-08T11:57:25.9372150Z env:
receiver (macos-15-intel, darwin-x86_64)	Run actions/setup-node@v4	2026-10-08T11:57:25.9373060Z   pythonLocation: /Users/runner/hostedtoolcache/Python/3.13.15/x64
receiver (macos-15-intel, darwin-x86_64)	Run actions/setup-node@v4	2026-10-08T11:57:25.9374610Z   PKG_CONFIG_PATH: /Users/runner/hostedtoolcache/Python/3.13.15/x64/lib/pkgconfig
receiver (macos-15-intel, darwin-x86_64)	Run actions/setup-node@v4	2026-10-08T11:57:25.9375990Z   Python_ROOT_DIR: /Users/runner/hostedtoolcache/Python/3.13.15/x64
receiver (macos-15-intel, darwin-x86_64)	Run actions/setup-node@v4	2026-10-08T11:57:25.9377190Z   Python2_ROOT_DIR: /Users/runner/hostedtoolcache/Python/3.13.15/x64
receiver (macos-15-intel, darwin-x86_64)	Run actions/setup-node@v4	2026-10-08T11:57:25.9378460Z   Python3_ROOT_DIR: /Users/runner/hostedtoolcache/Python/3.13.15/x64
receiver (macos-15-intel, darwin-x86_64)	Run actions/setup-node@v4	2026-10-08T11:57:25.9379720Z ##[endgroup]
receiver (macos-15-intel, darwin-x86_64)	Run actions/setup-node@v4	2026-10-08T11:57:26.2995230Z (node:23562) [DEP0040] DeprecationWarning: The `punycode` module is deprecated. Please use a userland alternative instead.
receiver (macos-15-intel, darwin-x86_64)	Run actions/setup-node@v4	2026-10-08T11:57:26.3209630Z (Use `node --trace-deprecation ...` to show where the warning was created)
receiver (macos-15-intel, darwin-x86_64)	Run actions/setup-node@v4	2026-10-08T11:57:26.3254560Z Found in cache @ /Users/runner/hostedtoolcache/node/24.19.0/x64
receiver (macos-15-intel, darwin-x86_64)	Run actions/setup-node@v4	2026-10-08T11:57:26.3261340Z ##[group]Environment details
receiver (macos-15-intel, darwin-x86_64)	Run actions/setup-node@v4	2026-10-08T11:57:29.8900320Z node: v24.19.0
receiver (macos-15-intel, darwin-x86_64)	Run actions/setup-node@v4	2026-10-08T11:57:29.8948650Z npm: 11.17.0
receiver (macos-15-intel, darwin-x86_64)	Run actions/setup-node@v4	2026-10-08T11:57:29.8952080Z yarn: 1.22.22
receiver (macos-15-intel, darwin-x86_64)	Run actions/setup-node@v4	2026-10-08T11:57:29.8955690Z ##[endgroup]
receiver (macos-15-intel, darwin-x86_64)	Run actions/download-artifact@v4	﻿2026-10-08T11:57:29.9316510Z ##[group]Run actions/download-artifact@v4
receiver (macos-15-intel, darwin-x86_64)	Run actions/download-artifact@v4	2026-10-08T11:57:29.9317350Z with:
receiver (macos-15-intel, darwin-x86_64)	Run actions/download-artifact@v4	2026-10-08T11:57:29.9317740Z   name: project-transport-37773443950
receiver (macos-15-intel, darwin-x86_64)	Run actions/download-artifact@v4	2026-10-08T11:57:29.9318390Z   path: transport
receiver (macos-15-intel, darwin-x86_64)	Run actions/download-artifact@v4	2026-10-08T11:57:29.9319000Z   merge-multiple: false
receiver (macos-15-intel, darwin-x86_64)	Run actions/download-artifact@v4	2026-10-08T11:57:29.9319810Z   repository: full-aigc-skills/printcraft-skills
receiver (macos-15-intel, darwin-x86_64)	Run actions/download-artifact@v4	2026-10-08T11:57:29.9320730Z   run-id: 37773443950
receiver (macos-15-intel, darwin-x86_64)	Run actions/download-artifact@v4	2026-10-08T11:57:29.9321360Z env:
receiver (macos-15-intel, darwin-x86_64)	Run actions/download-artifact@v4	2026-10-08T11:57:29.9322320Z   pythonLocation: /Users/runner/hostedtoolcache/Python/3.13.15/x64
receiver (macos-15-intel, darwin-x86_64)	Run actions/download-artifact@v4	2026-10-08T11:57:29.9323860Z   PKG_CONFIG_PATH: /Users/runner/hostedtoolcache/Python/3.13.15/x64/lib/pkgconfig
receiver (macos-15-intel, darwin-x86_64)	Run actions/download-artifact@v4	2026-10-08T11:57:29.9325780Z   Python_ROOT_DIR: /Users/runner/hostedtoolcache/Python/3.13.15/x64
receiver (macos-15-intel, darwin-x86_64)	Run actions/download-artifact@v4	2026-10-08T11:57:29.9327450Z   Python2_ROOT_DIR: /Users/runner/hostedtoolcache/Python/3.13.15/x64
receiver (macos-15-intel, darwin-x86_64)	Run actions/download-artifact@v4	2026-10-08T11:57:29.9329460Z   Python3_ROOT_DIR: /Users/runner/hostedtoolcache/Python/3.13.15/x64
receiver (macos-15-intel, darwin-x86_64)	Run actions/download-artifact@v4	2026-10-08T11:57:29.9330660Z ##[endgroup]
receiver (macos-15-intel, darwin-x86_64)	Run actions/download-artifact@v4	2026-10-08T11:57:30.3267700Z Downloading single artifact
receiver (macos-15-intel, darwin-x86_64)	Run actions/download-artifact@v4	2026-10-08T11:57:30.3619320Z (node:23595) [DEP0040] DeprecationWarning: The `punycode` module is deprecated. Please use a userland alternative instead.
receiver (macos-15-intel, darwin-x86_64)	Run actions/download-artifact@v4	2026-10-08T11:57:30.3751700Z (Use `node --trace-deprecation ...` to show where the warning was created)
receiver (macos-15-intel, darwin-x86_64)	Run actions/download-artifact@v4	2026-10-08T11:57:30.5892340Z Preparing to download the following artifacts:
receiver (macos-15-intel, darwin-x86_64)	Run actions/download-artifact@v4	2026-10-08T11:57:30.5896250Z - project-transport-37773443950 (ID: 11548254329, Size: 82239, Expected Digest: sha256:7cc630cb188fed26a4e72c7e904005b789099cad4e00ec9088687e25d5d76a07)
receiver (macos-15-intel, darwin-x86_64)	Run actions/download-artifact@v4	2026-10-08T11:57:30.7719140Z Redirecting to blob download url: https://productionresultssa3.blob.core.windows.net/actions-results/a0b55ca6-bebb-48a3-b57f-1aa768180256/workflow-job-run-73073cd5-a2cd-5987-a406-2bf2556278f4/artifacts/de2af14c2cae24fcbfe0c754f9bd99a53ac343105b45ee2bb2670c8c1ab785a9.zip
receiver (macos-15-intel, darwin-x86_64)	Run actions/download-artifact@v4	2026-10-08T11:57:30.7722500Z Starting download of artifact to: /Users/runner/work/printcraft-skills/printcraft-skills/transport
receiver (macos-15-intel, darwin-x86_64)	Run actions/download-artifact@v4	2026-10-08T11:57:30.9710230Z (node:23595) [DEP0005] DeprecationWarning: Buffer() is deprecated due to security and usability issues. Please use the Buffer.alloc(), Buffer.allocUnsafe(), or Buffer.from() methods instead.
receiver (macos-15-intel, darwin-x86_64)	Run actions/download-artifact@v4	2026-10-08T11:57:31.0060810Z SHA256 digest of downloaded artifact is 7cc630cb188fed26a4e72c7e904005b789099cad4e00ec9088687e25d5d76a07
receiver (macos-15-intel, darwin-x86_64)	Run actions/download-artifact@v4	2026-10-08T11:57:31.0062880Z Artifact download completed successfully.
receiver (macos-15-intel, darwin-x86_64)	Run actions/download-artifact@v4	2026-10-08T11:57:31.0063980Z Total of 1 artifact(s) downloaded
receiver (macos-15-intel, darwin-x86_64)	Run actions/download-artifact@v4	2026-10-08T11:57:31.0075270Z Download artifact has finished successfully
receiver (macos-15-intel, darwin-x86_64)	Run python -I -B tests/cross_machine_acceptance.py receive --bundle transport --artcraft-root .artcraft-source --platform darwin-x86_64 --workdir receiver-evidence	﻿2026-10-08T11:57:31.0328750Z ##[group]Run python -I -B tests/cross_machine_acceptance.py receive --bundle transport --artcraft-root .artcraft-source --platform darwin-x86_64 --workdir receiver-evidence
receiver (macos-15-intel, darwin-x86_64)	Run python -I -B tests/cross_machine_acceptance.py receive --bundle transport --artcraft-root .artcraft-source --platform darwin-x86_64 --workdir receiver-evidence	2026-10-08T11:57:31.0332840Z ^[[36;1mpython -I -B tests/cross_machine_acceptance.py receive --bundle transport --artcraft-root .artcraft-source --platform darwin-x86_64 --workdir receiver-evidence^[[0m
receiver (macos-15-intel, darwin-x86_64)	Run python -I -B tests/cross_machine_acceptance.py receive --bundle transport --artcraft-root .artcraft-source --platform darwin-x86_64 --workdir receiver-evidence	2026-10-08T11:57:31.0551410Z shell: /bin/bash -e {0}
receiver (macos-15-intel, darwin-x86_64)	Run python -I -B tests/cross_machine_acceptance.py receive --bundle transport --artcraft-root .artcraft-source --platform darwin-x86_64 --workdir receiver-evidence	2026-10-08T11:57:31.0552190Z env:
receiver (macos-15-intel, darwin-x86_64)	Run python -I -B tests/cross_machine_acceptance.py receive --bundle transport --artcraft-root .artcraft-source --platform darwin-x86_64 --workdir receiver-evidence	2026-10-08T11:57:31.0553090Z   pythonLocation: /Users/runner/hostedtoolcache/Python/3.13.15/x64
receiver (macos-15-intel, darwin-x86_64)	Run python -I -B tests/cross_machine_acceptance.py receive --bundle transport --artcraft-root .artcraft-source --platform darwin-x86_64 --workdir receiver-evidence	2026-10-08T11:57:31.0555070Z   PKG_CONFIG_PATH: /Users/runner/hostedtoolcache/Python/3.13.15/x64/lib/pkgconfig
receiver (macos-15-intel, darwin-x86_64)	Run python -I -B tests/cross_machine_acceptance.py receive --bundle transport --artcraft-root .artcraft-source --platform darwin-x86_64 --workdir receiver-evidence	2026-10-08T11:57:31.0557290Z   Python_ROOT_DIR: /Users/runner/hostedtoolcache/Python/3.13.15/x64
receiver (macos-15-intel, darwin-x86_64)	Run python -I -B tests/cross_machine_acceptance.py receive --bundle transport --artcraft-root .artcraft-source --platform darwin-x86_64 --workdir receiver-evidence	2026-10-08T11:57:31.0558830Z   Python2_ROOT_DIR: /Users/runner/hostedtoolcache/Python/3.13.15/x64
receiver (macos-15-intel, darwin-x86_64)	Run python -I -B tests/cross_machine_acceptance.py receive --bundle transport --artcraft-root .artcraft-source --platform darwin-x86_64 --workdir receiver-evidence	2026-10-08T11:57:31.0560260Z   Python3_ROOT_DIR: /Users/runner/hostedtoolcache/Python/3.13.15/x64
receiver (macos-15-intel, darwin-x86_64)	Run python -I -B tests/cross_machine_acceptance.py receive --bundle transport --artcraft-root .artcraft-source --platform darwin-x86_64 --workdir receiver-evidence	2026-10-08T11:57:31.0561380Z ##[endgroup]
receiver (macos-15-intel, darwin-x86_64)	Run python -I -B tests/cross_machine_acceptance.py receive --bundle transport --artcraft-root .artcraft-source --platform darwin-x86_64 --workdir receiver-evidence	2026-10-08T11:57:41.7156480Z {
receiver (macos-15-intel, darwin-x86_64)	Run python -I -B tests/cross_machine_acceptance.py receive --bundle transport --artcraft-root .artcraft-source --platform darwin-x86_64 --workdir receiver-evidence	2026-10-08T11:57:41.7157550Z   "status": "PASS_SCOPED_CROSS_MACHINE",
receiver (macos-15-intel, darwin-x86_64)	Run python -I -B tests/cross_machine_acceptance.py receive --bundle transport --artcraft-root .artcraft-source --platform darwin-x86_64 --workdir receiver-evidence	2026-10-08T11:57:41.7178380Z   "scope": "CROSS_MACHINE_PACKAGE_AND_NATIVE_PDF_ONLY",
receiver (macos-15-intel, darwin-x86_64)	Run python -I -B tests/cross_machine_acceptance.py receive --bundle transport --artcraft-root .artcraft-source --platform darwin-x86_64 --workdir receiver-evidence	2026-10-08T11:57:41.7179600Z   "receiver": {
receiver (macos-15-intel, darwin-x86_64)	Run python -I -B tests/cross_machine_acceptance.py receive --bundle transport --artcraft-root .artcraft-source --platform darwin-x86_64 --workdir receiver-evidence	2026-10-08T11:57:41.7180510Z     "system": "Darwin",
receiver (macos-15-intel, darwin-x86_64)	Run python -I -B tests/cross_machine_acceptance.py receive --bundle transport --artcraft-root .artcraft-source --platform darwin-x86_64 --workdir receiver-evidence	2026-10-08T11:57:41.7181200Z     "machine": "x86_64",
receiver (macos-15-intel, darwin-x86_64)	Run python -I -B tests/cross_machine_acceptance.py receive --bundle transport --artcraft-root .artcraft-source --platform darwin-x86_64 --workdir receiver-evidence	2026-10-08T11:57:41.7181870Z     "release": "24.6.0",
receiver (macos-15-intel, darwin-x86_64)	Run python -I -B tests/cross_machine_acceptance.py receive --bundle transport --artcraft-root .artcraft-source --platform darwin-x86_64 --workdir receiver-evidence	2026-10-08T11:57:41.7182620Z     "python": "3.13.15",
receiver (macos-15-intel, darwin-x86_64)	Run python -I -B tests/cross_machine_acceptance.py receive --bundle transport --artcraft-root .artcraft-source --platform darwin-x86_64 --workdir receiver-evidence	2026-10-08T11:57:41.7183500Z     "runnerName": "GitHub Actions 1000000373",
receiver (macos-15-intel, darwin-x86_64)	Run python -I -B tests/cross_machine_acceptance.py receive --bundle transport --artcraft-root .artcraft-source --platform darwin-x86_64 --workdir receiver-evidence	2026-10-08T11:57:41.7184480Z     "workflowRunId": "37773443950",
receiver (macos-15-intel, darwin-x86_64)	Run python -I -B tests/cross_machine_acceptance.py receive --bundle transport --artcraft-root .artcraft-source --platform darwin-x86_64 --workdir receiver-evidence	2026-10-08T11:57:41.7185450Z     "workflowJob": "receiver",
receiver (macos-15-intel, darwin-x86_64)	Run python -I -B tests/cross_machine_acceptance.py receive --bundle transport --artcraft-root .artcraft-source --platform darwin-x86_64 --workdir receiver-evidence	2026-10-08T11:57:41.7186570Z     "sourceCommit": "cb90b21920e04fbe0f65be3d0fe8619cbe33e1da"
receiver (macos-15-intel, darwin-x86_64)	Run python -I -B tests/cross_machine_acceptance.py receive --bundle transport --artcraft-root .artcraft-source --platform darwin-x86_64 --workdir receiver-evidence	2026-10-08T11:57:41.7187590Z   },
receiver (macos-15-intel, darwin-x86_64)	Run python -I -B tests/cross_machine_acceptance.py receive --bundle transport --artcraft-root .artcraft-source --platform darwin-x86_64 --workdir receiver-evidence	2026-10-08T11:57:41.7188260Z   "mobileDevice": "NOT_RUN",
receiver (macos-15-intel, darwin-x86_64)	Run python -I -B tests/cross_machine_acceptance.py receive --bundle transport --artcraft-root .artcraft-source --platform darwin-x86_64 --workdir receiver-evidence	2026-10-08T11:57:41.7189060Z   "visualReview": "NOT_RUN",
receiver (macos-15-intel, darwin-x86_64)	Run python -I -B tests/cross_machine_acceptance.py receive --bundle transport --artcraft-root .artcraft-source --platform darwin-x86_64 --workdir receiver-evidence	2026-10-08T11:57:41.7190310Z   "producerReexecution": "NOT_RUN",
receiver (macos-15-intel, darwin-x86_64)	Run python -I -B tests/cross_machine_acceptance.py receive --bundle transport --artcraft-root .artcraft-source --platform darwin-x86_64 --workdir receiver-evidence	2026-10-08T11:57:41.7191690Z   "skillInstaller": "NOT_RUN_DIRECT_NATIVE_ONLY",
receiver (macos-15-intel, darwin-x86_64)	Run python -I -B tests/cross_machine_acceptance.py receive --bundle transport --artcraft-root .artcraft-source --platform darwin-x86_64 --workdir receiver-evidence	2026-10-08T11:57:41.7193130Z   "sourceFiles": {
receiver (macos-15-intel, darwin-x86_64)	Run python -I -B tests/cross_machine_acceptance.py receive --bundle transport --artcraft-root .artcraft-source --platform darwin-x86_64 --workdir receiver-evidence	2026-10-08T11:57:41.7195250Z     "tests/cross_machine_acceptance.py": "8f53c0ef0e1d34bfc94144fc9bf8347976d7700732a2d87ff7803290e67fa450",
receiver (macos-15-intel, darwin-x86_64)	Run python -I -B tests/cross_machine_acceptance.py receive --bundle transport --artcraft-root .artcraft-source --platform darwin-x86_64 --workdir receiver-evidence	2026-10-08T11:57:41.7198540Z     "tests/cross-machine-fixture.json": "efd9f63b942cf57076a0f1b316863967065d145284f6e1d2a4f67e4a6a25cd6d",
receiver (macos-15-intel, darwin-x86_64)	Run python -I -B tests/cross_machine_acceptance.py receive --bundle transport --artcraft-root .artcraft-source --platform darwin-x86_64 --workdir receiver-evidence	2026-10-08T11:57:41.7201560Z     "tests/platform_acceptance.py": "5bad75cb385c12c26c9c7c1a489d141d208258834e42bdda2c6282b026a36325",
receiver (macos-15-intel, darwin-x86_64)	Run python -I -B tests/cross_machine_acceptance.py receive --bundle transport --artcraft-root .artcraft-source --platform darwin-x86_64 --workdir receiver-evidence	2026-10-08T11:57:41.7205020Z     "tests/platform-artifacts.json": "8c03b465e51e8f53bb337ffef75eb67cba12d945c3c319ad70619bbe01929717",
receiver (macos-15-intel, darwin-x86_64)	Run python -I -B tests/cross_machine_acceptance.py receive --bundle transport --artcraft-root .artcraft-source --platform darwin-x86_64 --workdir receiver-evidence	2026-10-08T11:57:41.7209550Z     "skills/printcraft-use/scripts/verification.py": "e4caf0fa3984a8ad174efe28feadf86350880ec448f884992d397881f981e7b1",
receiver (macos-15-intel, darwin-x86_64)	Run python -I -B tests/cross_machine_acceptance.py receive --bundle transport --artcraft-root .artcraft-source --platform darwin-x86_64 --workdir receiver-evidence	2026-10-08T11:57:41.7212340Z     "skills/printcraft-use/scripts/commands.py": "35eaaf7866e1104eb7ccd9639d6744182f009b48b26029423e7f4aeb38b57b62"
receiver (macos-15-intel, darwin-x86_64)	Run python -I -B tests/cross_machine_acceptance.py receive --bundle transport --artcraft-root .artcraft-source --platform darwin-x86_64 --workdir receiver-evidence	2026-10-08T11:57:41.7214200Z   },
receiver (macos-15-intel, darwin-x86_64)	Run python -I -B tests/cross_machine_acceptance.py receive --bundle transport --artcraft-root .artcraft-source --platform darwin-x86_64 --workdir receiver-evidence	2026-10-08T11:57:41.7215410Z   "sender": {
receiver (macos-15-intel, darwin-x86_64)	Run python -I -B tests/cross_machine_acceptance.py receive --bundle transport --artcraft-root .artcraft-source --platform darwin-x86_64 --workdir receiver-evidence	2026-10-08T11:57:41.7216290Z     "system": "Darwin",
receiver (macos-15-intel, darwin-x86_64)	Run python -I -B tests/cross_machine_acceptance.py receive --bundle transport --artcraft-root .artcraft-source --platform darwin-x86_64 --workdir receiver-evidence	2026-10-08T11:57:41.7217360Z     "machine": "arm64",
receiver (macos-15-intel, darwin-x86_64)	Run python -I -B tests/cross_machine_acceptance.py receive --bundle transport --artcraft-root .artcraft-source --platform darwin-x86_64 --workdir receiver-evidence	2026-10-08T11:57:41.7218350Z     "release": "24.6.0",
receiver (macos-15-intel, darwin-x86_64)	Run python -I -B tests/cross_machine_acceptance.py receive --bundle transport --artcraft-root .artcraft-source --platform darwin-x86_64 --workdir receiver-evidence	2026-10-08T11:57:41.7220460Z     "python": "3.13.15",
receiver (macos-15-intel, darwin-x86_64)	Run python -I -B tests/cross_machine_acceptance.py receive --bundle transport --artcraft-root .artcraft-source --platform darwin-x86_64 --workdir receiver-evidence	2026-10-08T11:57:41.7221630Z     "runnerName": "GitHub Actions 1000000372",
receiver (macos-15-intel, darwin-x86_64)	Run python -I -B tests/cross_machine_acceptance.py receive --bundle transport --artcraft-root .artcraft-source --platform darwin-x86_64 --workdir receiver-evidence	2026-10-08T11:57:41.7222740Z     "workflowRunId": "37773443950",
receiver (macos-15-intel, darwin-x86_64)	Run python -I -B tests/cross_machine_acceptance.py receive --bundle transport --artcraft-root .artcraft-source --platform darwin-x86_64 --workdir receiver-evidence	2026-10-08T11:57:41.7223870Z     "workflowJob": "sender",
receiver (macos-15-intel, darwin-x86_64)	Run python -I -B tests/cross_machine_acceptance.py receive --bundle transport --artcraft-root .artcraft-source --platform darwin-x86_64 --workdir receiver-evidence	2026-10-08T11:57:41.7225300Z     "sourceCommit": "cb90b21920e04fbe0f65be3d0fe8619cbe33e1da"
receiver (macos-15-intel, darwin-x86_64)	Run python -I -B tests/cross_machine_acceptance.py receive --bundle transport --artcraft-root .artcraft-source --platform darwin-x86_64 --workdir receiver-evidence	2026-10-08T11:57:41.7227960Z   },
receiver (macos-15-intel, darwin-x86_64)	Run python -I -B tests/cross_machine_acceptance.py receive --bundle transport --artcraft-root .artcraft-source --platform darwin-x86_64 --workdir receiver-evidence	2026-10-08T11:57:41.7229050Z   "transportSha256": "2ff3a91f5f649b94bb3958933435e937cac5fc9941fe1f6b96bc04c3b6294089",
receiver (macos-15-intel, darwin-x86_64)	Run python -I -B tests/cross_machine_acceptance.py receive --bundle transport --artcraft-root .artcraft-source --platform darwin-x86_64 --workdir receiver-evidence	2026-10-08T11:57:41.7230100Z   "consumer": {
receiver (macos-15-intel, darwin-x86_64)	Run python -I -B tests/cross_machine_acceptance.py receive --bundle transport --artcraft-root .artcraft-source --platform darwin-x86_64 --workdir receiver-evidence	2026-10-08T11:57:41.7230820Z     "repository": "full-aigc-plugins/artcraft-plugin",
receiver (macos-15-intel, darwin-x86_64)	Run python -I -B tests/cross_machine_acceptance.py receive --bundle transport --artcraft-root .artcraft-source --platform darwin-x86_64 --workdir receiver-evidence	2026-10-08T11:57:41.7231840Z     "commit": "4ff30a88bbdc0c268dc17d7cddb7f3aed77544e8",
receiver (macos-15-intel, darwin-x86_64)	Run python -I -B tests/cross_machine_acceptance.py receive --bundle transport --artcraft-root .artcraft-source --platform darwin-x86_64 --workdir receiver-evidence	2026-10-08T11:57:41.7232750Z     "version": "0.1.0-dev.122-runtime.1",
receiver (macos-15-intel, darwin-x86_64)	Run python -I -B tests/cross_machine_acceptance.py receive --bundle transport --artcraft-root .artcraft-source --platform darwin-x86_64 --workdir receiver-evidence	2026-10-08T11:57:41.7233370Z     "node": "v24.19.0",
receiver (macos-15-intel, darwin-x86_64)	Run python -I -B tests/cross_machine_acceptance.py receive --bundle transport --artcraft-root .artcraft-source --platform darwin-x86_64 --workdir receiver-evidence	2026-10-08T11:57:41.7234470Z     "verifyModuleSha256": "f57104c4a71e27f2a17b54a895c3c44eaff5c2eaa1dc0c740f7556325e5d1dd6"
receiver (macos-15-intel, darwin-x86_64)	Run python -I -B tests/cross_machine_acceptance.py receive --bundle transport --artcraft-root .artcraft-source --platform darwin-x86_64 --workdir receiver-evidence	2026-10-08T11:57:41.7238310Z   },
receiver (macos-15-intel, darwin-x86_64)	Run python -I -B tests/cross_machine_acceptance.py receive --bundle transport --artcraft-root .artcraft-source --platform darwin-x86_64 --workdir receiver-evidence	2026-10-08T11:57:41.7238960Z   "packageVerification": {
receiver (macos-15-intel, darwin-x86_64)	Run python -I -B tests/cross_machine_acceptance.py receive --bundle transport --artcraft-root .artcraft-source --platform darwin-x86_64 --workdir receiver-evidence	2026-10-08T11:57:41.7239520Z     "package-v1": {
receiver (macos-15-intel, darwin-x86_64)	Run python -I -B tests/cross_machine_acceptance.py receive --bundle transport --artcraft-root .artcraft-source --platform darwin-x86_64 --workdir receiver-evidence	2026-10-08T11:57:41.7240950Z       "sha256": "2bc262cc670dae1997d9eced7792dbf8f1daf9bd6997a2dac222ff7d5f856b12",
receiver (macos-15-intel, darwin-x86_64)	Run python -I -B tests/cross_machine_acceptance.py receive --bundle transport --artcraft-root .artcraft-source --platform darwin-x86_64 --workdir receiver-evidence	2026-10-08T11:57:41.7242220Z       "files": 21,
receiver (macos-15-intel, darwin-x86_64)	Run python -I -B tests/cross_machine_acceptance.py receive --bundle transport --artcraft-root .artcraft-source --platform darwin-x86_64 --workdir receiver-evidence	2026-10-08T11:57:41.7242980Z       "children": 2,
receiver (macos-15-intel, darwin-x86_64)	Run python -I -B tests/cross_machine_acceptance.py receive --bundle transport --artcraft-root .artcraft-source --platform darwin-x86_64 --workdir receiver-evidence	2026-10-08T11:57:41.7243840Z       "status": "OFFICIAL_VERIFY_PACKAGE_PASS"
receiver (macos-15-intel, darwin-x86_64)	Run python -I -B tests/cross_machine_acceptance.py receive --bundle transport --artcraft-root .artcraft-source --platform darwin-x86_64 --workdir receiver-evidence	2026-10-08T11:57:41.7244850Z     },
receiver (macos-15-intel, darwin-x86_64)	Run python -I -B tests/cross_machine_acceptance.py receive --bundle transport --artcraft-root .artcraft-source --platform darwin-x86_64 --workdir receiver-evidence	2026-10-08T11:57:41.7245480Z     "package-v2": {
receiver (macos-15-intel, darwin-x86_64)	Run python -I -B tests/cross_machine_acceptance.py receive --bundle transport --artcraft-root .artcraft-source --platform darwin-x86_64 --workdir receiver-evidence	2026-10-08T11:57:41.7246790Z       "sha256": "1caa92b3d0a9d1d6089b7e4c9628ee88683c3f515f531175af32e7bac06798f3",
receiver (macos-15-intel, darwin-x86_64)	Run python -I -B tests/cross_machine_acceptance.py receive --bundle transport --artcraft-root .artcraft-source --platform darwin-x86_64 --workdir receiver-evidence	2026-10-08T11:57:41.7248610Z       "files": 30,
receiver (macos-15-intel, darwin-x86_64)	Run python -I -B tests/cross_machine_acceptance.py receive --bundle transport --artcraft-root .artcraft-source --platform darwin-x86_64 --workdir receiver-evidence	2026-10-08T11:57:41.7249250Z       "children": 2,
receiver (macos-15-intel, darwin-x86_64)	Run python -I -B tests/cross_machine_acceptance.py receive --bundle transport --artcraft-root .artcraft-source --platform darwin-x86_64 --workdir receiver-evidence	2026-10-08T11:57:41.7250710Z       "status": "OFFICIAL_VERIFY_PACKAGE_PASS"
receiver (macos-15-intel, darwin-x86_64)	Run python -I -B tests/cross_machine_acceptance.py receive --bundle transport --artcraft-root .artcraft-source --platform darwin-x86_64 --workdir receiver-evidence	2026-10-08T11:57:41.7252100Z     }
receiver (macos-15-intel, darwin-x86_64)	Run python -I -B tests/cross_machine_acceptance.py receive --bundle transport --artcraft-root .artcraft-source --platform darwin-x86_64 --workdir receiver-evidence	2026-10-08T11:57:41.7253350Z   },
receiver (macos-15-intel, darwin-x86_64)	Run python -I -B tests/cross_machine_acceptance.py receive --bundle transport --artcraft-root .artcraft-source --platform darwin-x86_64 --workdir receiver-evidence	2026-10-08T11:57:41.7254980Z   "handoff": {
receiver (macos-15-intel, darwin-x86_64)	Run python -I -B tests/cross_machine_acceptance.py receive --bundle transport --artcraft-root .artcraft-source --platform darwin-x86_64 --workdir receiver-evidence	2026-10-08T11:57:41.7257030Z     "status": "HANDOFF_INTEGRITY_PASS",
receiver (macos-15-intel, darwin-x86_64)	Run python -I -B tests/cross_machine_acceptance.py receive --bundle transport --artcraft-root .artcraft-source --platform darwin-x86_64 --workdir receiver-evidence	2026-10-08T11:57:41.7258240Z     "producerExecution": "NOT_RUN",
receiver (macos-15-intel, darwin-x86_64)	Run python -I -B tests/cross_machine_acceptance.py receive --bundle transport --artcraft-root .artcraft-source --platform darwin-x86_64 --workdir receiver-evidence	2026-10-08T11:57:41.7259540Z     "protocol": "artcraft.printcraft-handoff/1",
receiver (macos-15-intel, darwin-x86_64)	Run python -I -B tests/cross_machine_acceptance.py receive --bundle transport --artcraft-root .artcraft-source --platform darwin-x86_64 --workdir receiver-evidence	2026-10-08T11:57:41.7260290Z     "producer": "artcraft",
receiver (macos-15-intel, darwin-x86_64)	Run python -I -B tests/cross_machine_acceptance.py receive --bundle transport --artcraft-root .artcraft-source --platform darwin-x86_64 --workdir receiver-evidence	2026-10-08T11:57:41.7261430Z     "producerVersion": "0.1.0-dev.113-runtime.1",
receiver (macos-15-intel, darwin-x86_64)	Run python -I -B tests/cross_machine_acceptance.py receive --bundle transport --artcraft-root .artcraft-source --platform darwin-x86_64 --workdir receiver-evidence	2026-10-08T11:57:41.7263590Z     "requestSha256": "f8f4a03bab56641890c9797b3a9f2e8d6e17c7c74b14b96ebe9758a93e89e9f4",
receiver (macos-15-intel, darwin-x86_64)	Run python -I -B tests/cross_machine_acceptance.py receive --bundle transport --artcraft-root .artcraft-source --platform darwin-x86_64 --workdir receiver-evidence	2026-10-08T11:57:41.7264880Z     "files": [
receiver (macos-15-intel, darwin-x86_64)	Run python -I -B tests/cross_machine_acceptance.py receive --bundle transport --artcraft-root .artcraft-source --platform darwin-x86_64 --workdir receiver-evidence	2026-10-08T11:57:41.7265360Z       {
receiver (macos-15-intel, darwin-x86_64)	Run python -I -B tests/cross_machine_acceptance.py receive --bundle transport --artcraft-root .artcraft-source --platform darwin-x86_64 --workdir receiver-evidence	2026-10-08T11:57:41.7271610Z         "path": "/Users/runner/work/printcraft-skills/printcraft-skills/receiver-evidence/接收 项目/package-v2/children/12ea12eace7d655f471ce55e34f89b1b77a3d9d05a445ca82877dd2235beaa51/artboard-1.pdf",
receiver (macos-15-intel, darwin-x86_64)	Run python -I -B tests/cross_machine_acceptance.py receive --bundle transport --artcraft-root .artcraft-source --platform darwin-x86_64 --workdir receiver-evidence	2026-10-08T11:57:41.7275670Z         "sha256": "54fd26bcf4b9ef5e3aa9ad3ac88f9748832ea2ae6299362116b59d12369369cc"
receiver (macos-15-intel, darwin-x86_64)	Run python -I -B tests/cross_machine_acceptance.py receive --bundle transport --artcraft-root .artcraft-source --platform darwin-x86_64 --workdir receiver-evidence	2026-10-08T11:57:41.7277220Z       },
receiver (macos-15-intel, darwin-x86_64)	Run python -I -B tests/cross_machine_acceptance.py receive --bundle transport --artcraft-root .artcraft-source --platform darwin-x86_64 --workdir receiver-evidence	2026-10-08T11:57:41.7277870Z       {
receiver (macos-15-intel, darwin-x86_64)	Run python -I -B tests/cross_machine_acceptance.py receive --bundle transport --artcraft-root .artcraft-source --platform darwin-x86_64 --workdir receiver-evidence	2026-10-08T11:57:41.7281610Z         "path": "/Users/runner/work/printcraft-skills/printcraft-skills/receiver-evidence/接收 项目/package-v2/children/1daf82f62247f3a1d148c2d88b1828c9efa2d5f087d7059e98650aafe7afdea3/artboard-1.pdf",
receiver (macos-15-intel, darwin-x86_64)	Run python -I -B tests/cross_machine_acceptance.py receive --bundle transport --artcraft-root .artcraft-source --platform darwin-x86_64 --workdir receiver-evidence	2026-10-08T11:57:41.7285800Z         "sha256": "bf6fd26b9ca7347c6f09c4e4f7578752249b24d6948e9f0cf1190bd33a9ee2ef"
receiver (macos-15-intel, darwin-x86_64)	Run python -I -B tests/cross_machine_acceptance.py receive --bundle transport --artcraft-root .artcraft-source --platform darwin-x86_64 --workdir receiver-evidence	2026-10-08T11:57:41.7287440Z       }
receiver (macos-15-intel, darwin-x86_64)	Run python -I -B tests/cross_machine_acceptance.py receive --bundle transport --artcraft-root .artcraft-source --platform darwin-x86_64 --workdir receiver-evidence	2026-10-08T11:57:41.7288030Z     ],
receiver (macos-15-intel, darwin-x86_64)	Run python -I -B tests/cross_machine_acceptance.py receive --bundle transport --artcraft-root .artcraft-source --platform darwin-x86_64 --workdir receiver-evidence	2026-10-08T11:57:41.7289150Z     "automaticExecution": false
receiver (macos-15-intel, darwin-x86_64)	Run python -I -B tests/cross_machine_acceptance.py receive --bundle transport --artcraft-root .artcraft-source --platform darwin-x86_64 --workdir receiver-evidence	2026-10-08T11:57:41.7290360Z   },
receiver (macos-15-intel, darwin-x86_64)	Run python -I -B tests/cross_machine_acceptance.py receive --bundle transport --artcraft-root .artcraft-source --platform darwin-x86_64 --workdir receiver-evidence	2026-10-08T11:57:41.7291460Z   "runtime": {
receiver (macos-15-intel, darwin-x86_64)	Run python -I -B tests/cross_machine_acceptance.py receive --bundle transport --artcraft-root .artcraft-source --platform darwin-x86_64 --workdir receiver-evidence	2026-10-08T11:57:41.7292140Z     "system": "darwin",
receiver (macos-15-intel, darwin-x86_64)	Run python -I -B tests/cross_machine_acceptance.py receive --bundle transport --artcraft-root .artcraft-source --platform darwin-x86_64 --workdir receiver-evidence	2026-10-08T11:57:41.7293150Z     "machine": "x86_64",
receiver (macos-15-intel, darwin-x86_64)	Run python -I -B tests/cross_machine_acceptance.py receive --bundle transport --artcraft-root .artcraft-source --platform darwin-x86_64 --workdir receiver-evidence	2026-10-08T11:57:41.7294670Z     "asset": "printcraft-cli-0.2.1-macos-universal.zip",
receiver (macos-15-intel, darwin-x86_64)	Run python -I -B tests/cross_machine_acceptance.py receive --bundle transport --artcraft-root .artcraft-source --platform darwin-x86_64 --workdir receiver-evidence	2026-10-08T11:57:41.7297020Z     "url": "https://github.com/storytold/pdfcraft/releases/download/v0.2.1/printcraft-cli-0.2.1-macos-universal.zip",
receiver (macos-15-intel, darwin-x86_64)	Run python -I -B tests/cross_machine_acceptance.py receive --bundle transport --artcraft-root .artcraft-source --platform darwin-x86_64 --workdir receiver-evidence	2026-10-08T11:57:41.7299530Z     "archiveSha256": "bda65829033916c5de5a7ddc0763437f8db2e8792ee43c8dc2676434acb3d495",
receiver (macos-15-intel, darwin-x86_64)	Run python -I -B tests/cross_machine_acceptance.py receive --bundle transport --artcraft-root .artcraft-source --platform darwin-x86_64 --workdir receiver-evidence	2026-10-08T11:57:41.7301630Z     "member": "printcraft-cli-0.2.1-macos-universal/printcraft-cli",
receiver (macos-15-intel, darwin-x86_64)	Run python -I -B tests/cross_machine_acceptance.py receive --bundle transport --artcraft-root .artcraft-source --platform darwin-x86_64 --workdir receiver-evidence	2026-10-08T11:57:41.7303950Z     "binarySha256": "b7783b596870ed5a326f29456d4647382d2e1e4d7b7ffe75ded192cd15b86995",
receiver (macos-15-intel, darwin-x86_64)	Run python -I -B tests/cross_machine_acceptance.py receive --bundle transport --artcraft-root .artcraft-source --platform darwin-x86_64 --workdir receiver-evidence	2026-10-08T11:57:41.7310890Z     "versionOutput": "printcraft-cli 0.2.1\nDiscord: https://discord.gg/artcraft  (help and feedback)\nWeb:     https://getartcraft.com/apps/printcraft\nSource:  https://github.com/storytold/printcraft\n"
receiver (macos-15-intel, darwin-x86_64)	Run python -I -B tests/cross_machine_acceptance.py receive --bundle transport --artcraft-root .artcraft-source --platform darwin-x86_64 --workdir receiver-evidence	2026-10-08T11:57:41.7314500Z   },
receiver (macos-15-intel, darwin-x86_64)	Run python -I -B tests/cross_machine_acceptance.py receive --bundle transport --artcraft-root .artcraft-source --platform darwin-x86_64 --workdir receiver-evidence	2026-10-08T11:57:41.7316190Z   "catalogSha256": "8ddb81c0382bacbdebf8ffdf242ec795135abc0a7723eebbe3b14123de64bea1",
receiver (macos-15-intel, darwin-x86_64)	Run python -I -B tests/cross_machine_acceptance.py receive --bundle transport --artcraft-root .artcraft-source --platform darwin-x86_64 --workdir receiver-evidence	2026-10-08T11:57:41.7317600Z   "deliveredPdfInfo": {
receiver (macos-15-intel, darwin-x86_64)	Run python -I -B tests/cross_machine_acceptance.py receive --bundle transport --artcraft-root .artcraft-source --platform darwin-x86_64 --workdir receiver-evidence	2026-10-08T11:57:41.7318920Z     "annotations": 0,
receiver (macos-15-intel, darwin-x86_64)	Run python -I -B tests/cross_machine_acceptance.py receive --bundle transport --artcraft-root .artcraft-source --platform darwin-x86_64 --workdir receiver-evidence	2026-10-08T11:57:41.7319800Z     "attachments": 2,
receiver (macos-15-intel, darwin-x86_64)	Run python -I -B tests/cross_machine_acceptance.py receive --bundle transport --artcraft-root .artcraft-source --platform darwin-x86_64 --workdir receiver-evidence	2026-10-08T11:57:41.7320870Z     "author": null,
receiver (macos-15-intel, darwin-x86_64)	Run python -I -B tests/cross_machine_acceptance.py receive --bundle transport --artcraft-root .artcraft-source --platform darwin-x86_64 --workdir receiver-evidence	2026-10-08T11:57:41.7321880Z     "bookmarks": 2,
receiver (macos-15-intel, darwin-x86_64)	Run python -I -B tests/cross_machine_acceptance.py receive --bundle transport --artcraft-root .artcraft-source --platform darwin-x86_64 --workdir receiver-evidence	2026-10-08T11:57:41.7322360Z     "creator": null,
receiver (macos-15-intel, darwin-x86_64)	Run python -I -B tests/cross_machine_acceptance.py receive --bundle transport --artcraft-root .artcraft-source --platform darwin-x86_64 --workdir receiver-evidence	2026-10-08T11:57:41.7323610Z     "encrypted": false,
receiver (macos-15-intel, darwin-x86_64)	Run python -I -B tests/cross_machine_acceptance.py receive --bundle transport --artcraft-root .artcraft-source --platform darwin-x86_64 --workdir receiver-evidence	2026-10-08T11:57:41.7324360Z     "fields": 0,
receiver (macos-15-intel, darwin-x86_64)	Run python -I -B tests/cross_machine_acceptance.py receive --bundle transport --artcraft-root .artcraft-source --platform darwin-x86_64 --workdir receiver-evidence	2026-10-08T11:57:41.7326320Z     "file": "/Users/runner/work/printcraft-skills/printcraft-skills/receiver-evidence/接收 项目/revised.pdf",
receiver (macos-15-intel, darwin-x86_64)	Run python -I -B tests/cross_machine_acceptance.py receive --bundle transport --artcraft-root .artcraft-source --platform darwin-x86_64 --workdir receiver-evidence	2026-10-08T11:57:41.7328150Z     "file_size": 4996,
receiver (macos-15-intel, darwin-x86_64)	Run python -I -B tests/cross_machine_acceptance.py receive --bundle transport --artcraft-root .artcraft-source --platform darwin-x86_64 --workdir receiver-evidence	2026-10-08T11:57:41.7330390Z     "first_page_pt": [
receiver (macos-15-intel, darwin-x86_64)	Run python -I -B tests/cross_machine_acceptance.py receive --bundle transport --artcraft-root .artcraft-source --platform darwin-x86_64 --workdir receiver-evidence	2026-10-08T11:57:41.7332060Z       120.0,
receiver (macos-15-intel, darwin-x86_64)	Run python -I -B tests/cross_machine_acceptance.py receive --bundle transport --artcraft-root .artcraft-source --platform darwin-x86_64 --workdir receiver-evidence	2026-10-08T11:57:41.7332700Z       88.0
receiver (macos-15-intel, darwin-x86_64)	Run python -I -B tests/cross_machine_acceptance.py receive --bundle transport --artcraft-root .artcraft-source --platform darwin-x86_64 --workdir receiver-evidence	2026-10-08T11:57:41.7333510Z     ],
receiver (macos-15-intel, darwin-x86_64)	Run python -I -B tests/cross_machine_acceptance.py receive --bundle transport --artcraft-root .artcraft-source --platform darwin-x86_64 --workdir receiver-evidence	2026-10-08T11:57:41.7334210Z     "javascript": false,
receiver (macos-15-intel, darwin-x86_64)	Run python -I -B tests/cross_machine_acceptance.py receive --bundle transport --artcraft-root .artcraft-source --platform darwin-x86_64 --workdir receiver-evidence	2026-10-08T11:57:41.7334880Z     "layers": 0,
receiver (macos-15-intel, darwin-x86_64)	Run python -I -B tests/cross_machine_acceptance.py receive --bundle transport --artcraft-root .artcraft-source --platform darwin-x86_64 --workdir receiver-evidence	2026-10-08T11:57:41.7335890Z     "links": 0,
receiver (macos-15-intel, darwin-x86_64)	Run python -I -B tests/cross_machine_acceptance.py receive --bundle transport --artcraft-root .artcraft-source --platform darwin-x86_64 --workdir receiver-evidence	2026-10-08T11:57:41.7337900Z     "page_labels": [
receiver (macos-15-intel, darwin-x86_64)	Run python -I -B tests/cross_machine_acceptance.py receive --bundle transport --artcraft-root .artcraft-source --platform darwin-x86_64 --workdir receiver-evidence	2026-10-08T11:57:41.7339080Z       "1",
receiver (macos-15-intel, darwin-x86_64)	Run python -I -B tests/cross_machine_acceptance.py receive --bundle transport --artcraft-root .artcraft-source --platform darwin-x86_64 --workdir receiver-evidence	2026-10-08T11:57:41.7339620Z       "2"
receiver (macos-15-intel, darwin-x86_64)	Run python -I -B tests/cross_machine_acceptance.py receive --bundle transport --artcraft-root .artcraft-source --platform darwin-x86_64 --workdir receiver-evidence	2026-10-08T11:57:41.7340010Z     ],
receiver (macos-15-intel, darwin-x86_64)	Run python -I -B tests/cross_machine_acceptance.py receive --bundle transport --artcraft-root .artcraft-source --platform darwin-x86_64 --workdir receiver-evidence	2026-10-08T11:57:41.7340870Z     "pages": 2,
receiver (macos-15-intel, darwin-x86_64)	Run python -I -B tests/cross_machine_acceptance.py receive --bundle transport --artcraft-root .artcraft-source --platform darwin-x86_64 --workdir receiver-evidence	2026-10-08T11:57:41.7341470Z     "pdf_version": "1.7",
receiver (macos-15-intel, darwin-x86_64)	Run python -I -B tests/cross_machine_acceptance.py receive --bundle transport --artcraft-root .artcraft-source --platform darwin-x86_64 --workdir receiver-evidence	2026-10-08T11:57:41.7342630Z     "producer": null,
receiver (macos-15-intel, darwin-x86_64)	Run python -I -B tests/cross_machine_acceptance.py receive --bundle transport --artcraft-root .artcraft-source --platform darwin-x86_64 --workdir receiver-evidence	2026-10-08T11:57:41.7343390Z     "tagged": false,
receiver (macos-15-intel, darwin-x86_64)	Run python -I -B tests/cross_machine_acceptance.py receive --bundle transport --artcraft-root .artcraft-source --platform darwin-x86_64 --workdir receiver-evidence	2026-10-08T11:57:41.7344820Z     "title": null,
receiver (macos-15-intel, darwin-x86_64)	Run python -I -B tests/cross_machine_acceptance.py receive --bundle transport --artcraft-root .artcraft-source --platform darwin-x86_64 --workdir receiver-evidence	2026-10-08T11:57:41.7345480Z     "warnings": [],
receiver (macos-15-intel, darwin-x86_64)	Run python -I -B tests/cross_machine_acceptance.py receive --bundle transport --artcraft-root .artcraft-source --platform darwin-x86_64 --workdir receiver-evidence	2026-10-08T11:57:41.7346310Z     "xfa": null
receiver (macos-15-intel, darwin-x86_64)	Run python -I -B tests/cross_machine_acceptance.py receive --bundle transport --artcraft-root .artcraft-source --platform darwin-x86_64 --workdir receiver-evidence	2026-10-08T11:57:41.7347150Z   },
receiver (macos-15-intel, darwin-x86_64)	Run python -I -B tests/cross_machine_acceptance.py receive --bundle transport --artcraft-root .artcraft-source --platform darwin-x86_64 --workdir receiver-evidence	2026-10-08T11:57:41.7348530Z   "deliveredRenderSha256": [
receiver (macos-15-intel, darwin-x86_64)	Run python -I -B tests/cross_machine_acceptance.py receive --bundle transport --artcraft-root .artcraft-source --platform darwin-x86_64 --workdir receiver-evidence	2026-10-08T11:57:41.7350670Z     "d7d8880f7a70f62efd0f38ed3d4661ed634b91d9807d6fe32a5060761fb25534",
receiver (macos-15-intel, darwin-x86_64)	Run python -I -B tests/cross_machine_acceptance.py receive --bundle transport --artcraft-root .artcraft-source --platform darwin-x86_64 --workdir receiver-evidence	2026-10-08T11:57:41.7352920Z     "638919dab3c4e77720bd2965a231e689c5133823bccf632c83512d9f474039ac"
receiver (macos-15-intel, darwin-x86_64)	Run python -I -B tests/cross_machine_acceptance.py receive --bundle transport --artcraft-root .artcraft-source --platform darwin-x86_64 --workdir receiver-evidence	2026-10-08T11:57:41.7354450Z   ],
receiver (macos-15-intel, darwin-x86_64)	Run python -I -B tests/cross_machine_acceptance.py receive --bundle transport --artcraft-root .artcraft-source --platform darwin-x86_64 --workdir receiver-evidence	2026-10-08T11:57:41.7355110Z   "selectiveRework": {
receiver (macos-15-intel, darwin-x86_64)	Run python -I -B tests/cross_machine_acceptance.py receive --bundle transport --artcraft-root .artcraft-source --platform darwin-x86_64 --workdir receiver-evidence	2026-10-08T11:57:41.7356270Z     "changedPages": [
receiver (macos-15-intel, darwin-x86_64)	Run python -I -B tests/cross_machine_acceptance.py receive --bundle transport --artcraft-root .artcraft-source --platform darwin-x86_64 --workdir receiver-evidence	2026-10-08T11:57:41.7356980Z       1
receiver (macos-15-intel, darwin-x86_64)	Run python -I -B tests/cross_machine_acceptance.py receive --bundle transport --artcraft-root .artcraft-source --platform darwin-x86_64 --workdir receiver-evidence	2026-10-08T11:57:41.7357840Z     ],
receiver (macos-15-intel, darwin-x86_64)	Run python -I -B tests/cross_machine_acceptance.py receive --bundle transport --artcraft-root .artcraft-source --platform darwin-x86_64 --workdir receiver-evidence	2026-10-08T11:57:41.7358500Z     "preservedPages": [
receiver (macos-15-intel, darwin-x86_64)	Run python -I -B tests/cross_machine_acceptance.py receive --bundle transport --artcraft-root .artcraft-source --platform darwin-x86_64 --workdir receiver-evidence	2026-10-08T11:57:41.7359430Z       2
receiver (macos-15-intel, darwin-x86_64)	Run python -I -B tests/cross_machine_acceptance.py receive --bundle transport --artcraft-root .artcraft-source --platform darwin-x86_64 --workdir receiver-evidence	2026-10-08T11:57:41.7360040Z     ],
receiver (macos-15-intel, darwin-x86_64)	Run python -I -B tests/cross_machine_acceptance.py receive --bundle transport --artcraft-root .artcraft-source --platform darwin-x86_64 --workdir receiver-evidence	2026-10-08T11:57:41.7361580Z     "outputSha256": "9ec0b2cef259e0d4cd2836da79ff78a6cfb03ba27f307689ea986181698ae1cf",
receiver (macos-15-intel, darwin-x86_64)	Run python -I -B tests/cross_machine_acceptance.py receive --bundle transport --artcraft-root .artcraft-source --platform darwin-x86_64 --workdir receiver-evidence	2026-10-08T11:57:41.7363140Z     "info": {
receiver (macos-15-intel, darwin-x86_64)	Run python -I -B tests/cross_machine_acceptance.py receive --bundle transport --artcraft-root .artcraft-source --platform darwin-x86_64 --workdir receiver-evidence	2026-10-08T11:57:41.7363820Z       "annotations": 0,
receiver (macos-15-intel, darwin-x86_64)	Run python -I -B tests/cross_machine_acceptance.py receive --bundle transport --artcraft-root .artcraft-source --platform darwin-x86_64 --workdir receiver-evidence	2026-10-08T11:57:41.7366390Z       "attachments": 2,
receiver (macos-15-intel, darwin-x86_64)	Run python -I -B tests/cross_machine_acceptance.py receive --bundle transport --artcraft-root .artcraft-source --platform darwin-x86_64 --workdir receiver-evidence	2026-10-08T11:57:41.7367330Z       "author": null,
receiver (macos-15-intel, darwin-x86_64)	Run python -I -B tests/cross_machine_acceptance.py receive --bundle transport --artcraft-root .artcraft-source --platform darwin-x86_64 --workdir receiver-evidence	2026-10-08T11:57:41.7368090Z       "bookmarks": 2,
receiver (macos-15-intel, darwin-x86_64)	Run python -I -B tests/cross_machine_acceptance.py receive --bundle transport --artcraft-root .artcraft-source --platform darwin-x86_64 --workdir receiver-evidence	2026-10-08T11:57:41.7368890Z       "creator": null,
receiver (macos-15-intel, darwin-x86_64)	Run python -I -B tests/cross_machine_acceptance.py receive --bundle transport --artcraft-root .artcraft-source --platform darwin-x86_64 --workdir receiver-evidence	2026-10-08T11:57:41.7369770Z       "encrypted": false,
receiver (macos-15-intel, darwin-x86_64)	Run python -I -B tests/cross_machine_acceptance.py receive --bundle transport --artcraft-root .artcraft-source --platform darwin-x86_64 --workdir receiver-evidence	2026-10-08T11:57:41.7370490Z       "fields": 0,
receiver (macos-15-intel, darwin-x86_64)	Run python -I -B tests/cross_machine_acceptance.py receive --bundle transport --artcraft-root .artcraft-source --platform darwin-x86_64 --workdir receiver-evidence	2026-10-08T11:57:41.7372390Z       "file": "/Users/runner/work/printcraft-skills/printcraft-skills/receiver-evidence/receiver-revised.pdf",
receiver (macos-15-intel, darwin-x86_64)	Run python -I -B tests/cross_machine_acceptance.py receive --bundle transport --artcraft-root .artcraft-source --platform darwin-x86_64 --workdir receiver-evidence	2026-10-08T11:57:41.7374370Z       "file_size": 4996,
receiver (macos-15-intel, darwin-x86_64)	Run python -I -B tests/cross_machine_acceptance.py receive --bundle transport --artcraft-root .artcraft-source --platform darwin-x86_64 --workdir receiver-evidence	2026-10-08T11:57:41.7375260Z       "first_page_pt": [
receiver (macos-15-intel, darwin-x86_64)	Run python -I -B tests/cross_machine_acceptance.py receive --bundle transport --artcraft-root .artcraft-source --platform darwin-x86_64 --workdir receiver-evidence	2026-10-08T11:57:41.7375930Z         120.0,
receiver (macos-15-intel, darwin-x86_64)	Run python -I -B tests/cross_machine_acceptance.py receive --bundle transport --artcraft-root .artcraft-source --platform darwin-x86_64 --workdir receiver-evidence	2026-10-08T11:57:41.7376750Z         88.0
receiver (macos-15-intel, darwin-x86_64)	Run python -I -B tests/cross_machine_acceptance.py receive --bundle transport --artcraft-root .artcraft-source --platform darwin-x86_64 --workdir receiver-evidence	2026-10-08T11:57:41.7377390Z       ],
receiver (macos-15-intel, darwin-x86_64)	Run python -I -B tests/cross_machine_acceptance.py receive --bundle transport --artcraft-root .artcraft-source --platform darwin-x86_64 --workdir receiver-evidence	2026-10-08T11:57:41.7377910Z       "javascript": false,
receiver (macos-15-intel, darwin-x86_64)	Run python -I -B tests/cross_machine_acceptance.py receive --bundle transport --artcraft-root .artcraft-source --platform darwin-x86_64 --workdir receiver-evidence	2026-10-08T11:57:41.7378600Z       "layers": 0,
receiver (macos-15-intel, darwin-x86_64)	Run python -I -B tests/cross_machine_acceptance.py receive --bundle transport --artcraft-root .artcraft-source --platform darwin-x86_64 --workdir receiver-evidence	2026-10-08T11:57:41.7379320Z       "links": 0,
receiver (macos-15-intel, darwin-x86_64)	Run python -I -B tests/cross_machine_acceptance.py receive --bundle transport --artcraft-root .artcraft-source --platform darwin-x86_64 --workdir receiver-evidence	2026-10-08T11:57:41.7379960Z       "page_labels": [
receiver (macos-15-intel, darwin-x86_64)	Run python -I -B tests/cross_machine_acceptance.py receive --bundle transport --artcraft-root .artcraft-source --platform darwin-x86_64 --workdir receiver-evidence	2026-10-08T11:57:41.7380520Z         "1",
receiver (macos-15-intel, darwin-x86_64)	Run python -I -B tests/cross_machine_acceptance.py receive --bundle transport --artcraft-root .artcraft-source --platform darwin-x86_64 --workdir receiver-evidence	2026-10-08T11:57:41.7381190Z         "2"
receiver (macos-15-intel, darwin-x86_64)	Run python -I -B tests/cross_machine_acceptance.py receive --bundle transport --artcraft-root .artcraft-source --platform darwin-x86_64 --workdir receiver-evidence	2026-10-08T11:57:41.7381720Z       ],
receiver (macos-15-intel, darwin-x86_64)	Run python -I -B tests/cross_machine_acceptance.py receive --bundle transport --artcraft-root .artcraft-source --platform darwin-x86_64 --workdir receiver-evidence	2026-10-08T11:57:41.7382170Z       "pages": 2,
receiver (macos-15-intel, darwin-x86_64)	Run python -I -B tests/cross_machine_acceptance.py receive --bundle transport --artcraft-root .artcraft-source --platform darwin-x86_64 --workdir receiver-evidence	2026-10-08T11:57:41.7382970Z       "pdf_version": "1.7",
receiver (macos-15-intel, darwin-x86_64)	Run python -I -B tests/cross_machine_acceptance.py receive --bundle transport --artcraft-root .artcraft-source --platform darwin-x86_64 --workdir receiver-evidence	2026-10-08T11:57:41.7383800Z       "producer": null,
receiver (macos-15-intel, darwin-x86_64)	Run python -I -B tests/cross_machine_acceptance.py receive --bundle transport --artcraft-root .artcraft-source --platform darwin-x86_64 --workdir receiver-evidence	2026-10-08T11:57:41.7384480Z       "tagged": false,
receiver (macos-15-intel, darwin-x86_64)	Run python -I -B tests/cross_machine_acceptance.py receive --bundle transport --artcraft-root .artcraft-source --platform darwin-x86_64 --workdir receiver-evidence	2026-10-08T11:57:41.7385350Z       "title": null,
receiver (macos-15-intel, darwin-x86_64)	Run python -I -B tests/cross_machine_acceptance.py receive --bundle transport --artcraft-root .artcraft-source --platform darwin-x86_64 --workdir receiver-evidence	2026-10-08T11:57:41.7386060Z       "warnings": [],
receiver (macos-15-intel, darwin-x86_64)	Run python -I -B tests/cross_machine_acceptance.py receive --bundle transport --artcraft-root .artcraft-source --platform darwin-x86_64 --workdir receiver-evidence	2026-10-08T11:57:41.7386750Z       "xfa": null
receiver (macos-15-intel, darwin-x86_64)	Run python -I -B tests/cross_machine_acceptance.py receive --bundle transport --artcraft-root .artcraft-source --platform darwin-x86_64 --workdir receiver-evidence	2026-10-08T11:57:41.7387180Z     },
receiver (macos-15-intel, darwin-x86_64)	Run python -I -B tests/cross_machine_acceptance.py receive --bundle transport --artcraft-root .artcraft-source --platform darwin-x86_64 --workdir receiver-evidence	2026-10-08T11:57:41.7387760Z     "status": "PASS_NATIVE_SAVE_REOPEN_RENDER"
receiver (macos-15-intel, darwin-x86_64)	Run python -I -B tests/cross_machine_acceptance.py receive --bundle transport --artcraft-root .artcraft-source --platform darwin-x86_64 --workdir receiver-evidence	2026-10-08T11:57:41.7388550Z   },
receiver (macos-15-intel, darwin-x86_64)	Run python -I -B tests/cross_machine_acceptance.py receive --bundle transport --artcraft-root .artcraft-source --platform darwin-x86_64 --workdir receiver-evidence	2026-10-08T11:57:41.7389440Z   "allTransferredInputsUnchanged": true,
receiver (macos-15-intel, darwin-x86_64)	Run python -I -B tests/cross_machine_acceptance.py receive --bundle transport --artcraft-root .artcraft-source --platform darwin-x86_64 --workdir receiver-evidence	2026-10-08T11:57:41.7390120Z   "artifacts": {
receiver (macos-15-intel, darwin-x86_64)	Run python -I -B tests/cross_machine_acceptance.py receive --bundle transport --artcraft-root .artcraft-source --platform darwin-x86_64 --workdir receiver-evidence	2026-10-08T11:57:41.7393220Z     "001-call.json": "a013a78e85c0cfd763ac25d18938deca59b8572222f22d245a0b9546d3e5740e",
receiver (macos-15-intel, darwin-x86_64)	Run python -I -B tests/cross_machine_acceptance.py receive --bundle transport --artcraft-root .artcraft-source --platform darwin-x86_64 --workdir receiver-evidence	2026-10-08T11:57:41.7396010Z     "001-stderr.log": "e3b0c44298fc1c149afbf4c8996fb92427ae41e4649b934ca495991b7852b855",
receiver (macos-15-intel, darwin-x86_64)	Run python -I -B tests/cross_machine_acceptance.py receive --bundle transport --artcraft-root .artcraft-source --platform darwin-x86_64 --workdir receiver-evidence	2026-10-08T11:57:41.7398070Z     "001-stdout.log": "98d8da2c3bdd0ac0e2fb27148353d446a3c6abde6b1281888004476b79a975cb",
receiver (macos-15-intel, darwin-x86_64)	Run python -I -B tests/cross_machine_acceptance.py receive --bundle transport --artcraft-root .artcraft-source --platform darwin-x86_64 --workdir receiver-evidence	2026-10-08T11:57:41.7401160Z     "002-call.json": "2fd50184bd35ea2e0671078409a24c34c89fe7e6b4d45f2b2c3ffb2ad6b6d3ae",
receiver (macos-15-intel, darwin-x86_64)	Run python -I -B tests/cross_machine_acceptance.py receive --bundle transport --artcraft-root .artcraft-source --platform darwin-x86_64 --workdir receiver-evidence	2026-10-08T11:57:41.7406070Z     "002-stderr.log": "e3b0c44298fc1c149afbf4c8996fb92427ae41e4649b934ca495991b7852b855",
receiver (macos-15-intel, darwin-x86_64)	Run python -I -B tests/cross_machine_acceptance.py receive --bundle transport --artcraft-root .artcraft-source --platform darwin-x86_64 --workdir receiver-evidence	2026-10-08T11:57:41.7408830Z     "002-stdout.log": "e3b0c44298fc1c149afbf4c8996fb92427ae41e4649b934ca495991b7852b855",
receiver (macos-15-intel, darwin-x86_64)	Run python -I -B tests/cross_machine_acceptance.py receive --bundle transport --artcraft-root .artcraft-source --platform darwin-x86_64 --workdir receiver-evidence	2026-10-08T11:57:41.7411980Z     "003-call.json": "22fdf68906712195f598f53cc9cfb7ba18ae513655087a2edc76120e5abeac10",
receiver (macos-15-intel, darwin-x86_64)	Run python -I -B tests/cross_machine_acceptance.py receive --bundle transport --artcraft-root .artcraft-source --platform darwin-x86_64 --workdir receiver-evidence	2026-10-08T11:57:41.7415880Z     "003-stderr.log": "e3b0c44298fc1c149afbf4c8996fb92427ae41e4649b934ca495991b7852b855",
receiver (macos-15-intel, darwin-x86_64)	Run python -I -B tests/cross_machine_acceptance.py receive --bundle transport --artcraft-root .artcraft-source --platform darwin-x86_64 --workdir receiver-evidence	2026-10-08T11:57:41.7417730Z     "003-stdout.log": "b7677d3ec37ee1897ba07dc2cfe8292fe421c9ac93396cca5bbece486d1a2a41",
receiver (macos-15-intel, darwin-x86_64)	Run python -I -B tests/cross_machine_acceptance.py receive --bundle transport --artcraft-root .artcraft-source --platform darwin-x86_64 --workdir receiver-evidence	2026-10-08T11:57:41.7421440Z     "004-call.json": "02ae67c5c5e438f6004a60ede1a48320b7ba43eba2a753c3d8a8ad3fc235ab24",
receiver (macos-15-intel, darwin-x86_64)	Run python -I -B tests/cross_machine_acceptance.py receive --bundle transport --artcraft-root .artcraft-source --platform darwin-x86_64 --workdir receiver-evidence	2026-10-08T11:57:41.7423680Z     "004-stderr.log": "e3b0c44298fc1c149afbf4c8996fb92427ae41e4649b934ca495991b7852b855",
receiver (macos-15-intel, darwin-x86_64)	Run python -I -B tests/cross_machine_acceptance.py receive --bundle transport --artcraft-root .artcraft-source --platform darwin-x86_64 --workdir receiver-evidence	2026-10-08T11:57:41.7427520Z     "004-stdout.log": "5a58a6380ef91c27c3b5e954e1edd8158165fcee57749c87cfb92416528cd611",
receiver (macos-15-intel, darwin-x86_64)	Run python -I -B tests/cross_machine_acceptance.py receive --bundle transport --artcraft-root .artcraft-source --platform darwin-x86_64 --workdir receiver-evidence	2026-10-08T11:57:41.7429960Z     "005-call.json": "1d2ccee70cf30fa5d15ad4bd6840dc5ad66d580775a8deb634173bba412f24cb",
receiver (macos-15-intel, darwin-x86_64)	Run python -I -B tests/cross_machine_acceptance.py receive --bundle transport --artcraft-root .artcraft-source --platform darwin-x86_64 --workdir receiver-evidence	2026-10-08T11:57:41.7432330Z     "005-stderr.log": "e3b0c44298fc1c149afbf4c8996fb92427ae41e4649b934ca495991b7852b855",
receiver (macos-15-intel, darwin-x86_64)	Run python -I -B tests/cross_machine_acceptance.py receive --bundle transport --artcraft-root .artcraft-source --platform darwin-x86_64 --workdir receiver-evidence	2026-10-08T11:57:41.7434390Z     "005-stdout.log": "0f87918e1320b81b2ec8886ba1c45ac7cf9b130032b6c3fd6f252faf96857444",
receiver (macos-15-intel, darwin-x86_64)	Run python -I -B tests/cross_machine_acceptance.py receive --bundle transport --artcraft-root .artcraft-source --platform darwin-x86_64 --workdir receiver-evidence	2026-10-08T11:57:41.7436580Z     "006-call.json": "dc4bdd2bd399ca19754e07d2d465534e600af75a30aa45db0239024715f3b2d4",
receiver (macos-15-intel, darwin-x86_64)	Run python -I -B tests/cross_machine_acceptance.py receive --bundle transport --artcraft-root .artcraft-source --platform darwin-x86_64 --workdir receiver-evidence	2026-10-08T11:57:41.7438740Z     "006-stderr.log": "e3b0c44298fc1c149afbf4c8996fb92427ae41e4649b934ca495991b7852b855",
receiver (macos-15-intel, darwin-x86_64)	Run python -I -B tests/cross_machine_acceptance.py receive --bundle transport --artcraft-root .artcraft-source --platform darwin-x86_64 --workdir receiver-evidence	2026-10-08T11:57:41.7444210Z     "006-stdout.log": "eec473d8ae6ee1486a0d67c360f02d5b1dccfd7978ac5ee1091e25c609cde866",
receiver (macos-15-intel, darwin-x86_64)	Run python -I -B tests/cross_machine_acceptance.py receive --bundle transport --artcraft-root .artcraft-source --platform darwin-x86_64 --workdir receiver-evidence	2026-10-08T11:57:41.7447000Z     "007-call.json": "cb7ab7cdbe748faa443af9e77b165210a56312480cc54a9f356a841193a76cab",
receiver (macos-15-intel, darwin-x86_64)	Run python -I -B tests/cross_machine_acceptance.py receive --bundle transport --artcraft-root .artcraft-source --platform darwin-x86_64 --workdir receiver-evidence	2026-10-08T11:57:41.7449010Z     "007-stderr.log": "e3b0c44298fc1c149afbf4c8996fb92427ae41e4649b934ca495991b7852b855",
receiver (macos-15-intel, darwin-x86_64)	Run python -I -B tests/cross_machine_acceptance.py receive --bundle transport --artcraft-root .artcraft-source --platform darwin-x86_64 --workdir receiver-evidence	2026-10-08T11:57:41.7452480Z     "007-stdout.log": "260187c52b001191acc62e300b68203b492022e0c2b78b74db7f63ed6cf0eb9b",
receiver (macos-15-intel, darwin-x86_64)	Run python -I -B tests/cross_machine_acceptance.py receive --bundle transport --artcraft-root .artcraft-source --platform darwin-x86_64 --workdir receiver-evidence	2026-10-08T11:57:41.7455960Z     "008-call.json": "4de0bfff88484c33d8b65c203d2e710969e78a1ea6c759b35c2c664b9790059e",
receiver (macos-15-intel, darwin-x86_64)	Run python -I -B tests/cross_machine_acceptance.py receive --bundle transport --artcraft-root .artcraft-source --platform darwin-x86_64 --workdir receiver-evidence	2026-10-08T11:57:41.7459030Z     "008-stderr.log": "e3b0c44298fc1c149afbf4c8996fb92427ae41e4649b934ca495991b7852b855",
receiver (macos-15-intel, darwin-x86_64)	Run python -I -B tests/cross_machine_acceptance.py receive --bundle transport --artcraft-root .artcraft-source --platform darwin-x86_64 --workdir receiver-evidence	2026-10-08T11:57:41.7461850Z     "008-stdout.log": "8ddb81c0382bacbdebf8ffdf242ec795135abc0a7723eebbe3b14123de64bea1",
receiver (macos-15-intel, darwin-x86_64)	Run python -I -B tests/cross_machine_acceptance.py receive --bundle transport --artcraft-root .artcraft-source --platform darwin-x86_64 --workdir receiver-evidence	2026-10-08T11:57:41.7464560Z     "009-call.json": "c9b8f0a49e82bebe3a7cb957cce81ae3a11b7beb3aaac55064f6674d133114a3",
receiver (macos-15-intel, darwin-x86_64)	Run python -I -B tests/cross_machine_acceptance.py receive --bundle transport --artcraft-root .artcraft-source --platform darwin-x86_64 --workdir receiver-evidence	2026-10-08T11:57:41.7467280Z     "009-stderr.log": "e3b0c44298fc1c149afbf4c8996fb92427ae41e4649b934ca495991b7852b855",
receiver (macos-15-intel, darwin-x86_64)	Run python -I -B tests/cross_machine_acceptance.py receive --bundle transport --artcraft-root .artcraft-source --platform darwin-x86_64 --workdir receiver-evidence	2026-10-08T11:57:41.7469430Z     "009-stdout.log": "80144eb9bfca945a8ec68932e649ca57b98cfab4dcfbbbc71bcfe629aeb1b8b2",
receiver (macos-15-intel, darwin-x86_64)	Run python -I -B tests/cross_machine_acceptance.py receive --bundle transport --artcraft-root .artcraft-source --platform darwin-x86_64 --workdir receiver-evidence	2026-10-08T11:57:41.7473590Z     "010-call.json": "75f8d9e31d2355c9cd2182bed7b4c5d1b8fddeb613a4f6a4286f73280300c41c",
receiver (macos-15-intel, darwin-x86_64)	Run python -I -B tests/cross_machine_acceptance.py receive --bundle transport --artcraft-root .artcraft-source --platform darwin-x86_64 --workdir receiver-evidence	2026-10-08T11:57:41.7477770Z     "010-stderr.log": "7e05a7f6ed5e3cdcc423b98d1c3d24f09883821c1b118b397c756c2ccb94a19c",
receiver (macos-15-intel, darwin-x86_64)	Run python -I -B tests/cross_machine_acceptance.py receive --bundle transport --artcraft-root .artcraft-source --platform darwin-x86_64 --workdir receiver-evidence	2026-10-08T11:57:41.7481680Z     "010-stdout.log": "e3b0c44298fc1c149afbf4c8996fb92427ae41e4649b934ca495991b7852b855",
receiver (macos-15-intel, darwin-x86_64)	Run python -I -B tests/cross_machine_acceptance.py receive --bundle transport --artcraft-root .artcraft-source --platform darwin-x86_64 --workdir receiver-evidence	2026-10-08T11:57:41.7483930Z     "011-call.json": "e5edcfa89b4896144b5fe48b01b2e51ec09338338f1cfb7f0351fd9da6200cbb",
receiver (macos-15-intel, darwin-x86_64)	Run python -I -B tests/cross_machine_acceptance.py receive --bundle transport --artcraft-root .artcraft-source --platform darwin-x86_64 --workdir receiver-evidence	2026-10-08T11:57:41.7487040Z     "011-stderr.log": "1ba1cf857a4592e38d1f52b3726de0ff451a3f83eda4f0872d6804c5e433ae6b",
receiver (macos-15-intel, darwin-x86_64)	Run python -I -B tests/cross_machine_acceptance.py receive --bundle transport --artcraft-root .artcraft-source --platform darwin-x86_64 --workdir receiver-evidence	2026-10-08T11:57:41.7489460Z     "011-stdout.log": "e3b0c44298fc1c149afbf4c8996fb92427ae41e4649b934ca495991b7852b855",
receiver (macos-15-intel, darwin-x86_64)	Run python -I -B tests/cross_machine_acceptance.py receive --bundle transport --artcraft-root .artcraft-source --platform darwin-x86_64 --workdir receiver-evidence	2026-10-08T11:57:41.7492710Z     "012-call.json": "8f84c79b6f90cf3bd97f153101e0cb91625849a11d96a03d23944967870fdbc0",
receiver (macos-15-intel, darwin-x86_64)	Run python -I -B tests/cross_machine_acceptance.py receive --bundle transport --artcraft-root .artcraft-source --platform darwin-x86_64 --workdir receiver-evidence	2026-10-08T11:57:41.7495570Z     "012-stderr.log": "e3b0c44298fc1c149afbf4c8996fb92427ae41e4649b934ca495991b7852b855",
receiver (macos-15-intel, darwin-x86_64)	Run python -I -B tests/cross_machine_acceptance.py receive --bundle transport --artcraft-root .artcraft-source --platform darwin-x86_64 --workdir receiver-evidence	2026-10-08T11:57:41.7499020Z     "012-stdout.log": "868e3e40dd0f46b963dd7377bbbdcdb0811013c92b51c8a078b9a9fbf44f1056",
receiver (macos-15-intel, darwin-x86_64)	Run python -I -B tests/cross_machine_acceptance.py receive --bundle transport --artcraft-root .artcraft-source --platform darwin-x86_64 --workdir receiver-evidence	2026-10-08T11:57:41.7504530Z     "013-call.json": "4d88c8a145c9d2515e967b94e4521b2c228fd102b5aa5940d23af0f19294bf95",
receiver (macos-15-intel, darwin-x86_64)	Run python -I -B tests/cross_machine_acceptance.py receive --bundle transport --artcraft-root .artcraft-source --platform darwin-x86_64 --workdir receiver-evidence	2026-10-08T11:57:41.7508670Z     "013-stderr.log": "e3b0c44298fc1c149afbf4c8996fb92427ae41e4649b934ca495991b7852b855",
receiver (macos-15-intel, darwin-x86_64)	Run python -I -B tests/cross_machine_acceptance.py receive --bundle transport --artcraft-root .artcraft-source --platform darwin-x86_64 --workdir receiver-evidence	2026-10-08T11:57:41.7513270Z     "013-stdout.log": "bfd1c1f362d4d8f1d7b3c27ea9b3d6d13fae708cd71266ffeb2ed3206ebc5745",
receiver (macos-15-intel, darwin-x86_64)	Run python -I -B tests/cross_machine_acceptance.py receive --bundle transport --artcraft-root .artcraft-source --platform darwin-x86_64 --workdir receiver-evidence	2026-10-08T11:57:41.7515520Z     "014-call.json": "449391d929483f7e074f8af435635f2429f9f392450e902c3b4f880ca2eec7a9",
receiver (macos-15-intel, darwin-x86_64)	Run python -I -B tests/cross_machine_acceptance.py receive --bundle transport --artcraft-root .artcraft-source --platform darwin-x86_64 --workdir receiver-evidence	2026-10-08T11:57:41.7517840Z     "014-stderr.log": "b4c202b635293d130016772d7e2540fa728f80edc7c70b0b1fec779b287d4faa",
receiver (macos-15-intel, darwin-x86_64)	Run python -I -B tests/cross_machine_acceptance.py receive --bundle transport --artcraft-root .artcraft-source --platform darwin-x86_64 --workdir receiver-evidence	2026-10-08T11:57:41.7519510Z     "014-stdout.log": "e3b0c44298fc1c149afbf4c8996fb92427ae41e4649b934ca495991b7852b855",
receiver (macos-15-intel, darwin-x86_64)	Run python -I -B tests/cross_machine_acceptance.py receive --bundle transport --artcraft-root .artcraft-source --platform darwin-x86_64 --workdir receiver-evidence	2026-10-08T11:57:41.7523020Z     "015-call.json": "e6d84623ec8883a0de408fc08602e7f26a2692998f93274e3270742573638643",
receiver (macos-15-intel, darwin-x86_64)	Run python -I -B tests/cross_machine_acceptance.py receive --bundle transport --artcraft-root .artcraft-source --platform darwin-x86_64 --workdir receiver-evidence	2026-10-08T11:57:41.7524960Z     "015-stderr.log": "1ba1cf857a4592e38d1f52b3726de0ff451a3f83eda4f0872d6804c5e433ae6b",
receiver (macos-15-intel, darwin-x86_64)	Run python -I -B tests/cross_machine_acceptance.py receive --bundle transport --artcraft-root .artcraft-source --platform darwin-x86_64 --workdir receiver-evidence	2026-10-08T11:57:41.7526920Z     "015-stdout.log": "e3b0c44298fc1c149afbf4c8996fb92427ae41e4649b934ca495991b7852b855",
receiver (macos-15-intel, darwin-x86_64)	Run python -I -B tests/cross_machine_acceptance.py receive --bundle transport --artcraft-root .artcraft-source --platform darwin-x86_64 --workdir receiver-evidence	2026-10-08T11:57:41.7528950Z     "delivered-1.pam": "d7d8880f7a70f62efd0f38ed3d4661ed634b91d9807d6fe32a5060761fb25534",
receiver (macos-15-intel, darwin-x86_64)	Run python -I -B tests/cross_machine_acceptance.py receive --bundle transport --artcraft-root .artcraft-source --platform darwin-x86_64 --workdir receiver-evidence	2026-10-08T11:57:41.7530850Z     "delivered-2.pam": "638919dab3c4e77720bd2965a231e689c5133823bccf632c83512d9f474039ac",
receiver (macos-15-intel, darwin-x86_64)	Run python -I -B tests/cross_machine_acceptance.py receive --bundle transport --artcraft-root .artcraft-source --platform darwin-x86_64 --workdir receiver-evidence	2026-10-08T11:57:41.7533340Z     "handoff.json": "f8f4a03bab56641890c9797b3a9f2e8d6e17c7c74b14b96ebe9758a93e89e9f4",
receiver (macos-15-intel, darwin-x86_64)	Run python -I -B tests/cross_machine_acceptance.py receive --bundle transport --artcraft-root .artcraft-source --platform darwin-x86_64 --workdir receiver-evidence	2026-10-08T11:57:41.7535760Z     "receiver-plan.json": "535853a7da8d05139e696845da3475c580f0ab21bce2cbf094e9b8ef73bf75fd",
receiver (macos-15-intel, darwin-x86_64)	Run python -I -B tests/cross_machine_acceptance.py receive --bundle transport --artcraft-root .artcraft-source --platform darwin-x86_64 --workdir receiver-evidence	2026-10-08T11:57:41.7538310Z     "receiver-revised-1.pam": "d7d8880f7a70f62efd0f38ed3d4661ed634b91d9807d6fe32a5060761fb25534",
receiver (macos-15-intel, darwin-x86_64)	Run python -I -B tests/cross_machine_acceptance.py receive --bundle transport --artcraft-root .artcraft-source --platform darwin-x86_64 --workdir receiver-evidence	2026-10-08T11:57:41.7540790Z     "receiver-revised-2.pam": "638919dab3c4e77720bd2965a231e689c5133823bccf632c83512d9f474039ac",
receiver (macos-15-intel, darwin-x86_64)	Run python -I -B tests/cross_machine_acceptance.py receive --bundle transport --artcraft-root .artcraft-source --platform darwin-x86_64 --workdir receiver-evidence	2026-10-08T11:57:41.7542810Z     "receiver-revised.pdf": "9ec0b2cef259e0d4cd2836da79ff78a6cfb03ba27f307689ea986181698ae1cf",
receiver (macos-15-intel, darwin-x86_64)	Run python -I -B tests/cross_machine_acceptance.py receive --bundle transport --artcraft-root .artcraft-source --platform darwin-x86_64 --workdir receiver-evidence	2026-10-08T11:57:41.7546210Z     "tools.json": "8ddb81c0382bacbdebf8ffdf242ec795135abc0a7723eebbe3b14123de64bea1"
receiver (macos-15-intel, darwin-x86_64)	Run python -I -B tests/cross_machine_acceptance.py receive --bundle transport --artcraft-root .artcraft-source --platform darwin-x86_64 --workdir receiver-evidence	2026-10-08T11:57:41.7548510Z   }
receiver (macos-15-intel, darwin-x86_64)	Run python -I -B tests/cross_machine_acceptance.py receive --bundle transport --artcraft-root .artcraft-source --platform darwin-x86_64 --workdir receiver-evidence	2026-10-08T11:57:41.7549250Z }
receiver (macos-15-intel, darwin-x86_64)	Run actions/upload-artifact@v4	﻿2026-10-08T11:57:41.7783730Z ##[group]Run actions/upload-artifact@v4
receiver (macos-15-intel, darwin-x86_64)	Run actions/upload-artifact@v4	2026-10-08T11:57:41.7784750Z with:
receiver (macos-15-intel, darwin-x86_64)	Run actions/upload-artifact@v4	2026-10-08T11:57:41.7785300Z   name: receiver-darwin-x86_64-37773443950
receiver (macos-15-intel, darwin-x86_64)	Run actions/upload-artifact@v4	2026-10-08T11:57:41.7786510Z   path: receiver-evidence/*.json
receiver (macos-15-intel, darwin-x86_64)	Run actions/upload-artifact@v4	receiver-evidence/*.log
receiver (macos-15-intel, darwin-x86_64)	Run actions/upload-artifact@v4	receiver-evidence/*.pdf
receiver (macos-15-intel, darwin-x86_64)	Run actions/upload-artifact@v4	receiver-evidence/*.pam
receiver (macos-15-intel, darwin-x86_64)	Run actions/upload-artifact@v4	
receiver (macos-15-intel, darwin-x86_64)	Run actions/upload-artifact@v4	2026-10-08T11:57:41.7787920Z   if-no-files-found: error
receiver (macos-15-intel, darwin-x86_64)	Run actions/upload-artifact@v4	2026-10-08T11:57:41.7788390Z   compression-level: 6
receiver (macos-15-intel, darwin-x86_64)	Run actions/upload-artifact@v4	2026-10-08T11:57:41.7788930Z   overwrite: false
receiver (macos-15-intel, darwin-x86_64)	Run actions/upload-artifact@v4	2026-10-08T11:57:41.7789350Z   include-hidden-files: false
receiver (macos-15-intel, darwin-x86_64)	Run actions/upload-artifact@v4	2026-10-08T11:57:41.7789780Z env:
receiver (macos-15-intel, darwin-x86_64)	Run actions/upload-artifact@v4	2026-10-08T11:57:41.7790360Z   pythonLocation: /Users/runner/hostedtoolcache/Python/3.13.15/x64
receiver (macos-15-intel, darwin-x86_64)	Run actions/upload-artifact@v4	2026-10-08T11:57:41.7791590Z   PKG_CONFIG_PATH: /Users/runner/hostedtoolcache/Python/3.13.15/x64/lib/pkgconfig
receiver (macos-15-intel, darwin-x86_64)	Run actions/upload-artifact@v4	2026-10-08T11:57:41.7792850Z   Python_ROOT_DIR: /Users/runner/hostedtoolcache/Python/3.13.15/x64
receiver (macos-15-intel, darwin-x86_64)	Run actions/upload-artifact@v4	2026-10-08T11:57:41.7793800Z   Python2_ROOT_DIR: /Users/runner/hostedtoolcache/Python/3.13.15/x64
receiver (macos-15-intel, darwin-x86_64)	Run actions/upload-artifact@v4	2026-10-08T11:57:41.7794990Z   Python3_ROOT_DIR: /Users/runner/hostedtoolcache/Python/3.13.15/x64
receiver (macos-15-intel, darwin-x86_64)	Run actions/upload-artifact@v4	2026-10-08T11:57:41.7795940Z ##[endgroup]
receiver (macos-15-intel, darwin-x86_64)	Run actions/upload-artifact@v4	2026-10-08T11:57:42.2777500Z (node:23888) [DEP0040] DeprecationWarning: The `punycode` module is deprecated. Please use a userland alternative instead.
receiver (macos-15-intel, darwin-x86_64)	Run actions/upload-artifact@v4	2026-10-08T11:57:42.3652940Z (Use `node --trace-deprecation ...` to show where the warning was created)
receiver (macos-15-intel, darwin-x86_64)	Run actions/upload-artifact@v4	2026-10-08T11:57:42.4011290Z With the provided path, there will be 54 files uploaded
receiver (macos-15-intel, darwin-x86_64)	Run actions/upload-artifact@v4	2026-10-08T11:57:42.4013620Z Artifact name is valid!
receiver (macos-15-intel, darwin-x86_64)	Run actions/upload-artifact@v4	2026-10-08T11:57:42.4014610Z Root directory input is valid!
receiver (macos-15-intel, darwin-x86_64)	Run actions/upload-artifact@v4	2026-10-08T11:57:42.7978780Z Beginning upload of artifact content to blob storage
receiver (macos-15-intel, darwin-x86_64)	Run actions/upload-artifact@v4	2026-10-08T11:57:43.2536430Z (node:23888) [DEP0169] DeprecationWarning: `url.parse()` behavior is not standardized and prone to errors that have security implications. Use the WHATWG URL API instead. CVEs are not issued for `url.parse()` vulnerabilities.
receiver (macos-15-intel, darwin-x86_64)	Run actions/upload-artifact@v4	2026-10-08T11:57:43.6486700Z Uploaded bytes 64354
receiver (macos-15-intel, darwin-x86_64)	Run actions/upload-artifact@v4	2026-10-08T11:57:43.7043220Z Finished uploading artifact content to blob storage!
receiver (macos-15-intel, darwin-x86_64)	Run actions/upload-artifact@v4	2026-10-08T11:57:43.7082630Z SHA256 digest of uploaded artifact zip is 6589ddb0ad5e80eca1a98cfd01803d9e5d2880abf43191312392d19bc87a5832
receiver (macos-15-intel, darwin-x86_64)	Run actions/upload-artifact@v4	2026-10-08T11:57:43.7105700Z Finalizing artifact upload
receiver (macos-15-intel, darwin-x86_64)	Run actions/upload-artifact@v4	2026-10-08T11:57:43.9594800Z Artifact receiver-darwin-x86_64-37773443950.zip successfully finalized. Artifact ID 11549160345
receiver (macos-15-intel, darwin-x86_64)	Run actions/upload-artifact@v4	2026-10-08T11:57:43.9609160Z Artifact receiver-darwin-x86_64-37773443950 has been successfully uploaded! Final size is 64354 bytes. Artifact ID is 11549160345
receiver (macos-15-intel, darwin-x86_64)	Run actions/upload-artifact@v4	2026-10-08T11:57:44.0230420Z Artifact download URL: https://github.com/full-aigc-skills/printcraft-skills/actions/runs/37773443950/artifacts/11549160345
receiver (macos-15-intel, darwin-x86_64)	Post Run actions/setup-node@v4	﻿2026-10-08T11:57:44.0710070Z Post job cleanup.
receiver (macos-15-intel, darwin-x86_64)	Post Run actions/setup-node@v4	2026-10-08T11:57:44.3242700Z (node:23948) [DEP0040] DeprecationWarning: The `punycode` module is deprecated. Please use a userland alternative instead.
receiver (macos-15-intel, darwin-x86_64)	Post Run actions/setup-node@v4	2026-10-08T11:57:44.3245370Z (Use `node --trace-deprecation ...` to show where the warning was created)
receiver (macos-15-intel, darwin-x86_64)	Post Run actions/setup-python@v5	﻿2026-10-08T11:57:44.3497210Z Post job cleanup.
receiver (macos-15-intel, darwin-x86_64)	Post Run actions/setup-python@v5	2026-10-08T11:57:44.7028100Z (node:23955) [DEP0040] DeprecationWarning: The `punycode` module is deprecated. Please use a userland alternative instead.
receiver (macos-15-intel, darwin-x86_64)	Post Run actions/setup-python@v5	2026-10-08T11:57:44.7267150Z (Use `node --trace-deprecation ...` to show where the warning was created)
receiver (macos-15-intel, darwin-x86_64)	Post Run actions/checkout@v4	﻿2026-10-08T11:57:44.7972450Z Post job cleanup.
receiver (macos-15-intel, darwin-x86_64)	Post Run actions/checkout@v4	2026-10-08T11:57:45.0323140Z [command]/usr/local/bin/git version
receiver (macos-15-intel, darwin-x86_64)	Post Run actions/checkout@v4	2026-10-08T11:57:45.0435360Z git version 2.55.0
receiver (macos-15-intel, darwin-x86_64)	Post Run actions/checkout@v4	2026-10-08T11:57:45.0486290Z Copying '/Users/runner/.gitconfig' to '/Users/runner/work/_temp/2f982a95-9035-4c85-85b9-220bdd0f9438/.gitconfig'
receiver (macos-15-intel, darwin-x86_64)	Post Run actions/checkout@v4	2026-10-08T11:57:45.0509270Z Temporarily overriding HOME='/Users/runner/work/_temp/2f982a95-9035-4c85-85b9-220bdd0f9438' before making global git config changes
receiver (macos-15-intel, darwin-x86_64)	Post Run actions/checkout@v4	2026-10-08T11:57:45.0511840Z Adding repository directory to the temporary git global config as a safe directory
receiver (macos-15-intel, darwin-x86_64)	Post Run actions/checkout@v4	2026-10-08T11:57:45.0521470Z [command]/usr/local/bin/git config --global --add safe.directory /Users/runner/work/printcraft-skills/printcraft-skills/.artcraft-source
receiver (macos-15-intel, darwin-x86_64)	Post Run actions/checkout@v4	2026-10-08T11:57:45.0683360Z [command]/usr/local/bin/git config --local --name-only --get-regexp core\.sshCommand
receiver (macos-15-intel, darwin-x86_64)	Post Run actions/checkout@v4	2026-10-08T11:57:45.0816320Z [command]/usr/local/bin/git submodule foreach --recursive sh -c "git config --local --name-only --get-regexp 'core\.sshCommand' && git config --local --unset-all 'core.sshCommand' || :"
receiver (macos-15-intel, darwin-x86_64)	Post Run actions/checkout@v4	2026-10-08T11:57:45.2687520Z [command]/usr/local/bin/git config --local --name-only --get-regexp http\.https\:\/\/github\.com\/\.extraheader
receiver (macos-15-intel, darwin-x86_64)	Post Run actions/checkout@v4	2026-10-08T11:57:45.3846880Z http.https://github.com/.extraheader
receiver (macos-15-intel, darwin-x86_64)	Post Run actions/checkout@v4	2026-10-08T11:57:45.5208030Z [command]/usr/local/bin/git config --local --unset-all http.https://github.com/.extraheader
receiver (macos-15-intel, darwin-x86_64)	Post Run actions/checkout@v4	2026-10-08T11:57:45.5222970Z [command]/usr/local/bin/git submodule foreach --recursive sh -c "git config --local --name-only --get-regexp 'http\.https\:\/\/github\.com\/\.extraheader' && git config --local --unset-all 'http.https://github.com/.extraheader' || :"
receiver (macos-15-intel, darwin-x86_64)	Post Run actions/checkout@v4	2026-10-08T11:57:45.6223470Z [command]/usr/local/bin/git config --local --name-only --get-regexp ^includeIf\.gitdir:
receiver (macos-15-intel, darwin-x86_64)	Post Run actions/checkout@v4	2026-10-08T11:57:45.6386620Z [command]/usr/local/bin/git submodule foreach --recursive git config --local --show-origin --name-only --get-regexp remote.origin.url
receiver (macos-15-intel, darwin-x86_64)	Post Run actions/checkout@v4	﻿2026-10-08T11:57:45.8462000Z Post job cleanup.
receiver (macos-15-intel, darwin-x86_64)	Post Run actions/checkout@v4	2026-10-08T11:57:46.1110710Z [command]/usr/local/bin/git version
receiver (macos-15-intel, darwin-x86_64)	Post Run actions/checkout@v4	2026-10-08T11:57:46.1399000Z git version 2.55.0
receiver (macos-15-intel, darwin-x86_64)	Post Run actions/checkout@v4	2026-10-08T11:57:46.3717550Z Copying '/Users/runner/.gitconfig' to '/Users/runner/work/_temp/67775d99-9a67-4c95-815e-cac461d494f0/.gitconfig'
receiver (macos-15-intel, darwin-x86_64)	Post Run actions/checkout@v4	2026-10-08T11:57:46.3722900Z Temporarily overriding HOME='/Users/runner/work/_temp/67775d99-9a67-4c95-815e-cac461d494f0' before making global git config changes
receiver (macos-15-intel, darwin-x86_64)	Post Run actions/checkout@v4	2026-10-08T11:57:46.3729810Z Adding repository directory to the temporary git global config as a safe directory
receiver (macos-15-intel, darwin-x86_64)	Post Run actions/checkout@v4	2026-10-08T11:57:46.3734200Z [command]/usr/local/bin/git config --global --add safe.directory /Users/runner/work/printcraft-skills/printcraft-skills
receiver (macos-15-intel, darwin-x86_64)	Post Run actions/checkout@v4	2026-10-08T11:57:46.3765790Z [command]/usr/local/bin/git config --local --name-only --get-regexp core\.sshCommand
receiver (macos-15-intel, darwin-x86_64)	Post Run actions/checkout@v4	2026-10-08T11:57:46.3787020Z [command]/usr/local/bin/git submodule foreach --recursive sh -c "git config --local --name-only --get-regexp 'core\.sshCommand' && git config --local --unset-all 'core.sshCommand' || :"
receiver (macos-15-intel, darwin-x86_64)	Post Run actions/checkout@v4	2026-10-08T11:57:46.5054270Z [command]/usr/local/bin/git config --local --name-only --get-regexp http\.https\:\/\/github\.com\/\.extraheader
receiver (macos-15-intel, darwin-x86_64)	Post Run actions/checkout@v4	2026-10-08T11:57:46.5185580Z http.https://github.com/.extraheader
receiver (macos-15-intel, darwin-x86_64)	Post Run actions/checkout@v4	2026-10-08T11:57:46.5204530Z [command]/usr/local/bin/git config --local --unset-all http.https://github.com/.extraheader
receiver (macos-15-intel, darwin-x86_64)	Post Run actions/checkout@v4	2026-10-08T11:57:46.5321990Z [command]/usr/local/bin/git submodule foreach --recursive sh -c "git config --local --name-only --get-regexp 'http\.https\:\/\/github\.com\/\.extraheader' && git config --local --unset-all 'http.https://github.com/.extraheader' || :"
receiver (macos-15-intel, darwin-x86_64)	Post Run actions/checkout@v4	2026-10-08T11:57:46.7006380Z [command]/usr/local/bin/git config --local --name-only --get-regexp ^includeIf\.gitdir:
receiver (macos-15-intel, darwin-x86_64)	Post Run actions/checkout@v4	2026-10-08T11:57:46.7134780Z [command]/usr/local/bin/git submodule foreach --recursive git config --local --show-origin --name-only --get-regexp remote.origin.url
receiver (macos-15-intel, darwin-x86_64)	Complete job	﻿2026-10-08T11:57:46.9106900Z Cleaning up orphan processes
receiver (macos-15-intel, darwin-x86_64)	Complete job	2026-10-08T11:57:47.2478770Z ##[warning]Node.js 20 is deprecated. The following actions target Node.js 20 but are being forced to run on Node.js 24: actions/checkout@v4, actions/download-artifact@v4, actions/setup-node@v4, actions/setup-python@v5, actions/upload-artifact@v4. For more information see: https://github.blog/changelog/2025-09-19-deprecation-of-node-20-on-github-actions-runners/
receiver (ubuntu-24.04, linux-x86_64)	Set up job	﻿2026-10-08T11:57:07.1032020Z Current runner version: '2.337.0'
receiver (ubuntu-24.04, linux-x86_64)	Set up job	2026-10-08T11:57:07.1067800Z ##[group]Runner Image Provisioner
receiver (ubuntu-24.04, linux-x86_64)	Set up job	2026-10-08T11:57:07.1069235Z Hosted Compute Agent
receiver (ubuntu-24.04, linux-x86_64)	Set up job	2026-10-08T11:57:07.1070422Z Version: 20261002.596
receiver (ubuntu-24.04, linux-x86_64)	Set up job	2026-10-08T11:57:07.1071478Z Commit: c3d12f3313a95f25162a1503be624f3b0617f8c0
receiver (ubuntu-24.04, linux-x86_64)	Set up job	2026-10-08T11:57:07.1072804Z Build Date: 2026-10-02T22:28:27Z
receiver (ubuntu-24.04, linux-x86_64)	Set up job	2026-10-08T11:57:07.1074033Z Worker ID: {288ca948-5ed0-4c70-95eb-7feb240bbb3a}
receiver (ubuntu-24.04, linux-x86_64)	Set up job	2026-10-08T11:57:07.1075191Z Region: eastus2
receiver (ubuntu-24.04, linux-x86_64)	Set up job	2026-10-08T11:57:07.1076536Z Cloud: Azure
receiver (ubuntu-24.04, linux-x86_64)	Set up job	2026-10-08T11:57:07.1077482Z ##[endgroup]
receiver (ubuntu-24.04, linux-x86_64)	Set up job	2026-10-08T11:57:07.1080378Z ##[group]Operating System
receiver (ubuntu-24.04, linux-x86_64)	Set up job	2026-10-08T11:57:07.1081505Z Ubuntu
receiver (ubuntu-24.04, linux-x86_64)	Set up job	2026-10-08T11:57:07.1082321Z 24.04.5
receiver (ubuntu-24.04, linux-x86_64)	Set up job	2026-10-08T11:57:07.1083222Z LTS
receiver (ubuntu-24.04, linux-x86_64)	Set up job	2026-10-08T11:57:07.1084131Z ##[endgroup]
receiver (ubuntu-24.04, linux-x86_64)	Set up job	2026-10-08T11:57:07.1085103Z ##[group]Runner Image
receiver (ubuntu-24.04, linux-x86_64)	Set up job	2026-10-08T11:57:07.1086421Z Image: ubuntu-24.04
receiver (ubuntu-24.04, linux-x86_64)	Set up job	2026-10-08T11:57:07.1087391Z Version: 20261004.327.1
receiver (ubuntu-24.04, linux-x86_64)	Set up job	2026-10-08T11:57:07.1089394Z Included Software: https://github.com/actions/runner-images/blob/ubuntu24/20261004.327/images/ubuntu/Ubuntu2404-Readme.md
receiver (ubuntu-24.04, linux-x86_64)	Set up job	2026-10-08T11:57:07.1092586Z Image Release: https://github.com/actions/runner-images/releases/tag/ubuntu24%2F20261004.327
receiver (ubuntu-24.04, linux-x86_64)	Set up job	2026-10-08T11:57:07.1094346Z ##[endgroup]
receiver (ubuntu-24.04, linux-x86_64)	Set up job	2026-10-08T11:57:07.1097023Z ##[group]GITHUB_TOKEN Permissions
receiver (ubuntu-24.04, linux-x86_64)	Set up job	2026-10-08T11:57:07.1100020Z Contents: read
receiver (ubuntu-24.04, linux-x86_64)	Set up job	2026-10-08T11:57:07.1101160Z Metadata: read
receiver (ubuntu-24.04, linux-x86_64)	Set up job	2026-10-08T11:57:07.1102078Z ##[endgroup]
receiver (ubuntu-24.04, linux-x86_64)	Set up job	2026-10-08T11:57:07.1105325Z Secret source: Actions
receiver (ubuntu-24.04, linux-x86_64)	Set up job	2026-10-08T11:57:07.1107177Z Cache mode: write
receiver (ubuntu-24.04, linux-x86_64)	Set up job	2026-10-08T11:57:07.1109009Z Prepare workflow directory
receiver (ubuntu-24.04, linux-x86_64)	Set up job	2026-10-08T11:57:07.1584341Z Prepare all required actions
receiver (ubuntu-24.04, linux-x86_64)	Set up job	2026-10-08T11:57:07.1634058Z Getting action download info
receiver (ubuntu-24.04, linux-x86_64)	Set up job	2026-10-08T11:57:07.3746849Z Download action repository 'actions/checkout@v4' (SHA:11d5960a326750d5838078e36cf38b85af677262)
receiver (ubuntu-24.04, linux-x86_64)	Set up job	2026-10-08T11:57:07.4866339Z Download action repository 'actions/setup-python@v5' (SHA:a26af69be951a213d495a4c3e4e4022e16d87065)
receiver (ubuntu-24.04, linux-x86_64)	Set up job	2026-10-08T11:57:07.5659993Z Download action repository 'actions/setup-node@v4' (SHA:49933ea5288caeca8642d1e84afbd3f7d6820020)
receiver (ubuntu-24.04, linux-x86_64)	Set up job	2026-10-08T11:57:07.6598663Z Download action repository 'actions/download-artifact@v4' (SHA:d3f86a106a0bac45b974a628896c90dbdf5c8093)
receiver (ubuntu-24.04, linux-x86_64)	Set up job	2026-10-08T11:57:07.8868655Z Download action repository 'actions/upload-artifact@v4' (SHA:ea165f8d65b6e75b540449e92b4886f43607fa02)
receiver (ubuntu-24.04, linux-x86_64)	Set up job	2026-10-08T11:57:08.1212295Z Complete job name: receiver (ubuntu-24.04, linux-x86_64)
receiver (ubuntu-24.04, linux-x86_64)	Run actions/checkout@v4	﻿2026-10-08T11:57:08.2047953Z ##[group]Run actions/checkout@v4
receiver (ubuntu-24.04, linux-x86_64)	Run actions/checkout@v4	2026-10-08T11:57:08.2048894Z with:
receiver (ubuntu-24.04, linux-x86_64)	Run actions/checkout@v4	2026-10-08T11:57:08.2049432Z   repository: full-aigc-skills/printcraft-skills
receiver (ubuntu-24.04, linux-x86_64)	Run actions/checkout@v4	2026-10-08T11:57:08.2053492Z   token: ***
receiver (ubuntu-24.04, linux-x86_64)	Run actions/checkout@v4	2026-10-08T11:57:08.2053956Z   ssh-strict: true
receiver (ubuntu-24.04, linux-x86_64)	Run actions/checkout@v4	2026-10-08T11:57:08.2054394Z   ssh-user: git
receiver (ubuntu-24.04, linux-x86_64)	Run actions/checkout@v4	2026-10-08T11:57:08.2054840Z   persist-credentials: true
receiver (ubuntu-24.04, linux-x86_64)	Run actions/checkout@v4	2026-10-08T11:57:08.2055323Z   clean: true
receiver (ubuntu-24.04, linux-x86_64)	Run actions/checkout@v4	2026-10-08T11:57:08.2055973Z   sparse-checkout-cone-mode: true
receiver (ubuntu-24.04, linux-x86_64)	Run actions/checkout@v4	2026-10-08T11:57:08.2056500Z   fetch-depth: 1
receiver (ubuntu-24.04, linux-x86_64)	Run actions/checkout@v4	2026-10-08T11:57:08.2056937Z   fetch-tags: false
receiver (ubuntu-24.04, linux-x86_64)	Run actions/checkout@v4	2026-10-08T11:57:08.2057380Z   show-progress: true
receiver (ubuntu-24.04, linux-x86_64)	Run actions/checkout@v4	2026-10-08T11:57:08.2057820Z   lfs: false
receiver (ubuntu-24.04, linux-x86_64)	Run actions/checkout@v4	2026-10-08T11:57:08.2058253Z   submodules: false
receiver (ubuntu-24.04, linux-x86_64)	Run actions/checkout@v4	2026-10-08T11:57:08.2058700Z   set-safe-directory: true
receiver (ubuntu-24.04, linux-x86_64)	Run actions/checkout@v4	2026-10-08T11:57:08.2059209Z   allow-unsafe-pr-checkout: false
receiver (ubuntu-24.04, linux-x86_64)	Run actions/checkout@v4	2026-10-08T11:57:08.2060018Z ##[endgroup]
receiver (ubuntu-24.04, linux-x86_64)	Run actions/checkout@v4	2026-10-08T11:57:08.3128829Z Syncing repository: full-aigc-skills/printcraft-skills
receiver (ubuntu-24.04, linux-x86_64)	Run actions/checkout@v4	2026-10-08T11:57:08.3131598Z ##[group]Getting Git version info
receiver (ubuntu-24.04, linux-x86_64)	Run actions/checkout@v4	2026-10-08T11:57:08.3132913Z Working directory is '/home/runner/work/printcraft-skills/printcraft-skills'
receiver (ubuntu-24.04, linux-x86_64)	Run actions/checkout@v4	2026-10-08T11:57:08.3134780Z [command]/usr/bin/git version
receiver (ubuntu-24.04, linux-x86_64)	Run actions/checkout@v4	2026-10-08T11:57:08.3176334Z git version 2.55.0
receiver (ubuntu-24.04, linux-x86_64)	Run actions/checkout@v4	2026-10-08T11:57:08.3199606Z ##[endgroup]
receiver (ubuntu-24.04, linux-x86_64)	Run actions/checkout@v4	2026-10-08T11:57:08.3321507Z Temporarily overriding HOME='/home/runner/work/_temp/ea5cd0aa-20ed-4caa-9e2d-1ff788debe46' before making global git config changes
receiver (ubuntu-24.04, linux-x86_64)	Run actions/checkout@v4	2026-10-08T11:57:08.3324029Z Adding repository directory to the temporary git global config as a safe directory
receiver (ubuntu-24.04, linux-x86_64)	Run actions/checkout@v4	2026-10-08T11:57:08.3326600Z [command]/usr/bin/git config --global --add safe.directory /home/runner/work/printcraft-skills/printcraft-skills
receiver (ubuntu-24.04, linux-x86_64)	Run actions/checkout@v4	2026-10-08T11:57:08.3330364Z Deleting the contents of '/home/runner/work/printcraft-skills/printcraft-skills'
receiver (ubuntu-24.04, linux-x86_64)	Run actions/checkout@v4	2026-10-08T11:57:08.3332365Z ##[group]Initializing the repository
receiver (ubuntu-24.04, linux-x86_64)	Run actions/checkout@v4	2026-10-08T11:57:08.3333733Z [command]/usr/bin/git init /home/runner/work/printcraft-skills/printcraft-skills
receiver (ubuntu-24.04, linux-x86_64)	Run actions/checkout@v4	2026-10-08T11:57:08.3400878Z hint: Using 'master' as the name for the initial branch. This default branch name
receiver (ubuntu-24.04, linux-x86_64)	Run actions/checkout@v4	2026-10-08T11:57:08.3404991Z hint: will change to "main" in Git 3.0. To configure the initial branch name
receiver (ubuntu-24.04, linux-x86_64)	Run actions/checkout@v4	2026-10-08T11:57:08.3406786Z hint: to use in all of your new repositories, which will suppress this warning,
receiver (ubuntu-24.04, linux-x86_64)	Run actions/checkout@v4	2026-10-08T11:57:08.3407996Z hint: call:
receiver (ubuntu-24.04, linux-x86_64)	Run actions/checkout@v4	2026-10-08T11:57:08.3408709Z hint:
receiver (ubuntu-24.04, linux-x86_64)	Run actions/checkout@v4	2026-10-08T11:57:08.3409651Z hint: 	git config --global init.defaultBranch <name>
receiver (ubuntu-24.04, linux-x86_64)	Run actions/checkout@v4	2026-10-08T11:57:08.3410689Z hint:
receiver (ubuntu-24.04, linux-x86_64)	Run actions/checkout@v4	2026-10-08T11:57:08.3411624Z hint: Names commonly chosen instead of 'master' are 'main', 'trunk' and
receiver (ubuntu-24.04, linux-x86_64)	Run actions/checkout@v4	2026-10-08T11:57:08.3413129Z hint: 'development'. The just-created branch can be renamed via this command:
receiver (ubuntu-24.04, linux-x86_64)	Run actions/checkout@v4	2026-10-08T11:57:08.3414473Z hint:
receiver (ubuntu-24.04, linux-x86_64)	Run actions/checkout@v4	2026-10-08T11:57:08.3415172Z hint: 	git branch -m <name>
receiver (ubuntu-24.04, linux-x86_64)	Run actions/checkout@v4	2026-10-08T11:57:08.3416188Z hint:
receiver (ubuntu-24.04, linux-x86_64)	Run actions/checkout@v4	2026-10-08T11:57:08.3417195Z hint: Disable this message with "git config set advice.defaultBranchName false"
receiver (ubuntu-24.04, linux-x86_64)	Run actions/checkout@v4	2026-10-08T11:57:08.3419244Z Initialized empty Git repository in /home/runner/work/printcraft-skills/printcraft-skills/.git/
receiver (ubuntu-24.04, linux-x86_64)	Run actions/checkout@v4	2026-10-08T11:57:08.3422687Z [command]/usr/bin/git remote add origin https://github.com/full-aigc-skills/printcraft-skills
receiver (ubuntu-24.04, linux-x86_64)	Run actions/checkout@v4	2026-10-08T11:57:08.3471815Z ##[endgroup]
receiver (ubuntu-24.04, linux-x86_64)	Run actions/checkout@v4	2026-10-08T11:57:08.3473197Z ##[group]Disabling automatic garbage collection
receiver (ubuntu-24.04, linux-x86_64)	Run actions/checkout@v4	2026-10-08T11:57:08.3476394Z [command]/usr/bin/git config --local gc.auto 0
receiver (ubuntu-24.04, linux-x86_64)	Run actions/checkout@v4	2026-10-08T11:57:08.3517896Z ##[endgroup]
receiver (ubuntu-24.04, linux-x86_64)	Run actions/checkout@v4	2026-10-08T11:57:08.3519303Z ##[group]Setting up auth
receiver (ubuntu-24.04, linux-x86_64)	Run actions/checkout@v4	2026-10-08T11:57:08.3526725Z [command]/usr/bin/git config --local --name-only --get-regexp core\.sshCommand
receiver (ubuntu-24.04, linux-x86_64)	Run actions/checkout@v4	2026-10-08T11:57:08.3574533Z [command]/usr/bin/git submodule foreach --recursive sh -c "git config --local --name-only --get-regexp 'core\.sshCommand' && git config --local --unset-all 'core.sshCommand' || :"
receiver (ubuntu-24.04, linux-x86_64)	Run actions/checkout@v4	2026-10-08T11:57:08.3964817Z [command]/usr/bin/git config --local --name-only --get-regexp http\.https\:\/\/github\.com\/\.extraheader
receiver (ubuntu-24.04, linux-x86_64)	Run actions/checkout@v4	2026-10-08T11:57:08.4014136Z [command]/usr/bin/git submodule foreach --recursive sh -c "git config --local --name-only --get-regexp 'http\.https\:\/\/github\.com\/\.extraheader' && git config --local --unset-all 'http.https://github.com/.extraheader' || :"
receiver (ubuntu-24.04, linux-x86_64)	Run actions/checkout@v4	2026-10-08T11:57:08.4267926Z [command]/usr/bin/git config --local --name-only --get-regexp ^includeIf\.gitdir:
receiver (ubuntu-24.04, linux-x86_64)	Run actions/checkout@v4	2026-10-08T11:57:08.4307408Z [command]/usr/bin/git submodule foreach --recursive git config --local --show-origin --name-only --get-regexp remote.origin.url
receiver (ubuntu-24.04, linux-x86_64)	Run actions/checkout@v4	2026-10-08T11:57:08.4541378Z [command]/usr/bin/git config --local http.https://github.com/.extraheader AUTHORIZATION: basic ***
receiver (ubuntu-24.04, linux-x86_64)	Run actions/checkout@v4	2026-10-08T11:57:08.4584935Z ##[endgroup]
receiver (ubuntu-24.04, linux-x86_64)	Run actions/checkout@v4	2026-10-08T11:57:08.4586832Z ##[group]Fetching the repository
receiver (ubuntu-24.04, linux-x86_64)	Run actions/checkout@v4	2026-10-08T11:57:08.4595770Z [command]/usr/bin/git -c protocol.version=2 fetch --no-tags --prune --no-recurse-submodules --depth=1 origin +cb90b21920e04fbe0f65be3d0fe8619cbe33e1da:refs/remotes/origin/main
receiver (ubuntu-24.04, linux-x86_64)	Run actions/checkout@v4	2026-10-08T11:57:08.8000271Z From https://github.com/full-aigc-skills/printcraft-skills
receiver (ubuntu-24.04, linux-x86_64)	Run actions/checkout@v4	2026-10-08T11:57:08.8001634Z  * [new ref]         cb90b21920e04fbe0f65be3d0fe8619cbe33e1da -> origin/main
receiver (ubuntu-24.04, linux-x86_64)	Run actions/checkout@v4	2026-10-08T11:57:08.8005269Z ##[endgroup]
receiver (ubuntu-24.04, linux-x86_64)	Run actions/checkout@v4	2026-10-08T11:57:08.8006813Z ##[group]Determining the checkout info
receiver (ubuntu-24.04, linux-x86_64)	Run actions/checkout@v4	2026-10-08T11:57:08.8008411Z ##[endgroup]
receiver (ubuntu-24.04, linux-x86_64)	Run actions/checkout@v4	2026-10-08T11:57:08.8014460Z [command]/usr/bin/git sparse-checkout disable
receiver (ubuntu-24.04, linux-x86_64)	Run actions/checkout@v4	2026-10-08T11:57:08.8071799Z [command]/usr/bin/git config --local --unset-all extensions.worktreeConfig
receiver (ubuntu-24.04, linux-x86_64)	Run actions/checkout@v4	2026-10-08T11:57:08.8106322Z ##[group]Checking out the ref
receiver (ubuntu-24.04, linux-x86_64)	Run actions/checkout@v4	2026-10-08T11:57:08.8111598Z [command]/usr/bin/git checkout --progress --force -B main refs/remotes/origin/main
receiver (ubuntu-24.04, linux-x86_64)	Run actions/checkout@v4	2026-10-08T11:57:08.8447318Z Switched to a new branch 'main'
receiver (ubuntu-24.04, linux-x86_64)	Run actions/checkout@v4	2026-10-08T11:57:08.8452687Z branch 'main' set up to track 'origin/main'.
receiver (ubuntu-24.04, linux-x86_64)	Run actions/checkout@v4	2026-10-08T11:57:08.8461410Z ##[endgroup]
receiver (ubuntu-24.04, linux-x86_64)	Run actions/checkout@v4	2026-10-08T11:57:08.8508556Z [command]/usr/bin/git log -1 --format=%H
receiver (ubuntu-24.04, linux-x86_64)	Run actions/checkout@v4	2026-10-08T11:57:08.8537098Z cb90b21920e04fbe0f65be3d0fe8619cbe33e1da
receiver (ubuntu-24.04, linux-x86_64)	Run actions/checkout@v4	﻿2026-10-08T11:57:08.8858908Z ##[group]Run actions/checkout@v4
receiver (ubuntu-24.04, linux-x86_64)	Run actions/checkout@v4	2026-10-08T11:57:08.8859617Z with:
receiver (ubuntu-24.04, linux-x86_64)	Run actions/checkout@v4	2026-10-08T11:57:08.8860155Z   repository: full-aigc-plugins/artcraft-plugin
receiver (ubuntu-24.04, linux-x86_64)	Run actions/checkout@v4	2026-10-08T11:57:08.8860860Z   ref: 4ff30a88bbdc0c268dc17d7cddb7f3aed77544e8
receiver (ubuntu-24.04, linux-x86_64)	Run actions/checkout@v4	2026-10-08T11:57:08.8861510Z   path: .artcraft-source
receiver (ubuntu-24.04, linux-x86_64)	Run actions/checkout@v4	2026-10-08T11:57:08.8865428Z   token: ***
receiver (ubuntu-24.04, linux-x86_64)	Run actions/checkout@v4	2026-10-08T11:57:08.8866109Z   ssh-strict: true
receiver (ubuntu-24.04, linux-x86_64)	Run actions/checkout@v4	2026-10-08T11:57:08.8866589Z   ssh-user: git
receiver (ubuntu-24.04, linux-x86_64)	Run actions/checkout@v4	2026-10-08T11:57:08.8867082Z   persist-credentials: true
receiver (ubuntu-24.04, linux-x86_64)	Run actions/checkout@v4	2026-10-08T11:57:08.8867616Z   clean: true
receiver (ubuntu-24.04, linux-x86_64)	Run actions/checkout@v4	2026-10-08T11:57:08.8868159Z   sparse-checkout-cone-mode: true
receiver (ubuntu-24.04, linux-x86_64)	Run actions/checkout@v4	2026-10-08T11:57:08.8868735Z   fetch-depth: 1
receiver (ubuntu-24.04, linux-x86_64)	Run actions/checkout@v4	2026-10-08T11:57:08.8869215Z   fetch-tags: false
receiver (ubuntu-24.04, linux-x86_64)	Run actions/checkout@v4	2026-10-08T11:57:08.8869704Z   show-progress: true
receiver (ubuntu-24.04, linux-x86_64)	Run actions/checkout@v4	2026-10-08T11:57:08.8870198Z   lfs: false
receiver (ubuntu-24.04, linux-x86_64)	Run actions/checkout@v4	2026-10-08T11:57:08.8870680Z   submodules: false
receiver (ubuntu-24.04, linux-x86_64)	Run actions/checkout@v4	2026-10-08T11:57:08.8871209Z   set-safe-directory: true
receiver (ubuntu-24.04, linux-x86_64)	Run actions/checkout@v4	2026-10-08T11:57:08.8871800Z   allow-unsafe-pr-checkout: false
receiver (ubuntu-24.04, linux-x86_64)	Run actions/checkout@v4	2026-10-08T11:57:08.8872363Z ##[endgroup]
receiver (ubuntu-24.04, linux-x86_64)	Run actions/checkout@v4	2026-10-08T11:57:08.9804670Z Syncing repository: full-aigc-plugins/artcraft-plugin
receiver (ubuntu-24.04, linux-x86_64)	Run actions/checkout@v4	2026-10-08T11:57:08.9808946Z ##[group]Getting Git version info
receiver (ubuntu-24.04, linux-x86_64)	Run actions/checkout@v4	2026-10-08T11:57:08.9810563Z Working directory is '/home/runner/work/printcraft-skills/printcraft-skills/.artcraft-source'
receiver (ubuntu-24.04, linux-x86_64)	Run actions/checkout@v4	2026-10-08T11:57:08.9833932Z [command]/usr/bin/git version
receiver (ubuntu-24.04, linux-x86_64)	Run actions/checkout@v4	2026-10-08T11:57:08.9878282Z git version 2.55.0
receiver (ubuntu-24.04, linux-x86_64)	Run actions/checkout@v4	2026-10-08T11:57:08.9899688Z ##[endgroup]
receiver (ubuntu-24.04, linux-x86_64)	Run actions/checkout@v4	2026-10-08T11:57:08.9914805Z Temporarily overriding HOME='/home/runner/work/_temp/a6a9a4fb-929b-46cb-84a0-832895b62f28' before making global git config changes
receiver (ubuntu-24.04, linux-x86_64)	Run actions/checkout@v4	2026-10-08T11:57:08.9917588Z Adding repository directory to the temporary git global config as a safe directory
receiver (ubuntu-24.04, linux-x86_64)	Run actions/checkout@v4	2026-10-08T11:57:08.9920196Z [command]/usr/bin/git config --global --add safe.directory /home/runner/work/printcraft-skills/printcraft-skills/.artcraft-source
receiver (ubuntu-24.04, linux-x86_64)	Run actions/checkout@v4	2026-10-08T11:57:08.9960175Z ##[group]Initializing the repository
receiver (ubuntu-24.04, linux-x86_64)	Run actions/checkout@v4	2026-10-08T11:57:08.9966257Z [command]/usr/bin/git init /home/runner/work/printcraft-skills/printcraft-skills/.artcraft-source
receiver (ubuntu-24.04, linux-x86_64)	Run actions/checkout@v4	2026-10-08T11:57:09.0027779Z hint: Using 'master' as the name for the initial branch. This default branch name
receiver (ubuntu-24.04, linux-x86_64)	Run actions/checkout@v4	2026-10-08T11:57:09.0037197Z hint: will change to "main" in Git 3.0. To configure the initial branch name
receiver (ubuntu-24.04, linux-x86_64)	Run actions/checkout@v4	2026-10-08T11:57:09.0039061Z hint: to use in all of your new repositories, which will suppress this warning,
receiver (ubuntu-24.04, linux-x86_64)	Run actions/checkout@v4	2026-10-08T11:57:09.0040362Z hint: call:
receiver (ubuntu-24.04, linux-x86_64)	Run actions/checkout@v4	2026-10-08T11:57:09.0041096Z hint:
receiver (ubuntu-24.04, linux-x86_64)	Run actions/checkout@v4	2026-10-08T11:57:09.0041976Z hint: 	git config --global init.defaultBranch <name>
receiver (ubuntu-24.04, linux-x86_64)	Run actions/checkout@v4	2026-10-08T11:57:09.0043058Z hint:
receiver (ubuntu-24.04, linux-x86_64)	Run actions/checkout@v4	2026-10-08T11:57:09.0044128Z hint: Names commonly chosen instead of 'master' are 'main', 'trunk' and
receiver (ubuntu-24.04, linux-x86_64)	Run actions/checkout@v4	2026-10-08T11:57:09.0046272Z hint: 'development'. The just-created branch can be renamed via this command:
receiver (ubuntu-24.04, linux-x86_64)	Run actions/checkout@v4	2026-10-08T11:57:09.0047098Z hint:
receiver (ubuntu-24.04, linux-x86_64)	Run actions/checkout@v4	2026-10-08T11:57:09.0047569Z hint: 	git branch -m <name>
receiver (ubuntu-24.04, linux-x86_64)	Run actions/checkout@v4	2026-10-08T11:57:09.0048073Z hint:
receiver (ubuntu-24.04, linux-x86_64)	Run actions/checkout@v4	2026-10-08T11:57:09.0048797Z hint: Disable this message with "git config set advice.defaultBranchName false"
receiver (ubuntu-24.04, linux-x86_64)	Run actions/checkout@v4	2026-10-08T11:57:09.0050146Z Initialized empty Git repository in /home/runner/work/printcraft-skills/printcraft-skills/.artcraft-source/.git/
receiver (ubuntu-24.04, linux-x86_64)	Run actions/checkout@v4	2026-10-08T11:57:09.0052347Z [command]/usr/bin/git remote add origin https://github.com/full-aigc-plugins/artcraft-plugin
receiver (ubuntu-24.04, linux-x86_64)	Run actions/checkout@v4	2026-10-08T11:57:09.0082757Z ##[endgroup]
receiver (ubuntu-24.04, linux-x86_64)	Run actions/checkout@v4	2026-10-08T11:57:09.0084250Z ##[group]Disabling automatic garbage collection
receiver (ubuntu-24.04, linux-x86_64)	Run actions/checkout@v4	2026-10-08T11:57:09.0088159Z [command]/usr/bin/git config --local gc.auto 0
receiver (ubuntu-24.04, linux-x86_64)	Run actions/checkout@v4	2026-10-08T11:57:09.0123994Z ##[endgroup]
receiver (ubuntu-24.04, linux-x86_64)	Run actions/checkout@v4	2026-10-08T11:57:09.0125831Z ##[group]Setting up auth
receiver (ubuntu-24.04, linux-x86_64)	Run actions/checkout@v4	2026-10-08T11:57:09.0131834Z [command]/usr/bin/git config --local --name-only --get-regexp core\.sshCommand
receiver (ubuntu-24.04, linux-x86_64)	Run actions/checkout@v4	2026-10-08T11:57:09.0169660Z [command]/usr/bin/git submodule foreach --recursive sh -c "git config --local --name-only --get-regexp 'core\.sshCommand' && git config --local --unset-all 'core.sshCommand' || :"
receiver (ubuntu-24.04, linux-x86_64)	Run actions/checkout@v4	2026-10-08T11:57:09.0429408Z [command]/usr/bin/git config --local --name-only --get-regexp http\.https\:\/\/github\.com\/\.extraheader
receiver (ubuntu-24.04, linux-x86_64)	Run actions/checkout@v4	2026-10-08T11:57:09.0488328Z [command]/usr/bin/git submodule foreach --recursive sh -c "git config --local --name-only --get-regexp 'http\.https\:\/\/github\.com\/\.extraheader' && git config --local --unset-all 'http.https://github.com/.extraheader' || :"
receiver (ubuntu-24.04, linux-x86_64)	Run actions/checkout@v4	2026-10-08T11:57:09.0738195Z [command]/usr/bin/git config --local --name-only --get-regexp ^includeIf\.gitdir:
receiver (ubuntu-24.04, linux-x86_64)	Run actions/checkout@v4	2026-10-08T11:57:09.0784289Z [command]/usr/bin/git submodule foreach --recursive git config --local --show-origin --name-only --get-regexp remote.origin.url
receiver (ubuntu-24.04, linux-x86_64)	Run actions/checkout@v4	2026-10-08T11:57:09.1053450Z [command]/usr/bin/git config --local http.https://github.com/.extraheader AUTHORIZATION: basic ***
receiver (ubuntu-24.04, linux-x86_64)	Run actions/checkout@v4	2026-10-08T11:57:09.1104921Z ##[endgroup]
receiver (ubuntu-24.04, linux-x86_64)	Run actions/checkout@v4	2026-10-08T11:57:09.1106594Z ##[group]Fetching the repository
receiver (ubuntu-24.04, linux-x86_64)	Run actions/checkout@v4	2026-10-08T11:57:09.1120850Z [command]/usr/bin/git -c protocol.version=2 fetch --no-tags --prune --no-recurse-submodules --depth=1 origin 4ff30a88bbdc0c268dc17d7cddb7f3aed77544e8
receiver (ubuntu-24.04, linux-x86_64)	Run actions/checkout@v4	2026-10-08T11:57:09.6428048Z From https://github.com/full-aigc-plugins/artcraft-plugin
receiver (ubuntu-24.04, linux-x86_64)	Run actions/checkout@v4	2026-10-08T11:57:09.6430636Z  * branch            4ff30a88bbdc0c268dc17d7cddb7f3aed77544e8 -> FETCH_HEAD
receiver (ubuntu-24.04, linux-x86_64)	Run actions/checkout@v4	2026-10-08T11:57:09.6436470Z ##[endgroup]
receiver (ubuntu-24.04, linux-x86_64)	Run actions/checkout@v4	2026-10-08T11:57:09.6438574Z ##[group]Determining the checkout info
receiver (ubuntu-24.04, linux-x86_64)	Run actions/checkout@v4	2026-10-08T11:57:09.6440867Z ##[endgroup]
receiver (ubuntu-24.04, linux-x86_64)	Run actions/checkout@v4	2026-10-08T11:57:09.6442463Z [command]/usr/bin/git sparse-checkout disable
receiver (ubuntu-24.04, linux-x86_64)	Run actions/checkout@v4	2026-10-08T11:57:09.6490929Z [command]/usr/bin/git config --local --unset-all extensions.worktreeConfig
receiver (ubuntu-24.04, linux-x86_64)	Run actions/checkout@v4	2026-10-08T11:57:09.6524356Z ##[group]Checking out the ref
receiver (ubuntu-24.04, linux-x86_64)	Run actions/checkout@v4	2026-10-08T11:57:09.6528758Z [command]/usr/bin/git checkout --progress --force 4ff30a88bbdc0c268dc17d7cddb7f3aed77544e8
receiver (ubuntu-24.04, linux-x86_64)	Run actions/checkout@v4	2026-10-08T11:57:09.8394218Z Note: switching to '4ff30a88bbdc0c268dc17d7cddb7f3aed77544e8'.
receiver (ubuntu-24.04, linux-x86_64)	Run actions/checkout@v4	2026-10-08T11:57:09.8396024Z 
receiver (ubuntu-24.04, linux-x86_64)	Run actions/checkout@v4	2026-10-08T11:57:09.8396964Z You are in 'detached HEAD' state. You can look around, make experimental
receiver (ubuntu-24.04, linux-x86_64)	Run actions/checkout@v4	2026-10-08T11:57:09.8399212Z changes and commit them, and you can discard any commits you make in this
receiver (ubuntu-24.04, linux-x86_64)	Run actions/checkout@v4	2026-10-08T11:57:09.8400983Z state without impacting any branches by switching back to a branch.
receiver (ubuntu-24.04, linux-x86_64)	Run actions/checkout@v4	2026-10-08T11:57:09.8402100Z 
receiver (ubuntu-24.04, linux-x86_64)	Run actions/checkout@v4	2026-10-08T11:57:09.8402798Z If you want to create a new branch to retain commits you create, you may
receiver (ubuntu-24.04, linux-x86_64)	Run actions/checkout@v4	2026-10-08T11:57:09.8404432Z do so (now or later) by using -c with the switch command. Example:
receiver (ubuntu-24.04, linux-x86_64)	Run actions/checkout@v4	2026-10-08T11:57:09.8405410Z 
receiver (ubuntu-24.04, linux-x86_64)	Run actions/checkout@v4	2026-10-08T11:57:09.8405958Z   git switch -c <new-branch-name>
receiver (ubuntu-24.04, linux-x86_64)	Run actions/checkout@v4	2026-10-08T11:57:09.8406730Z 
receiver (ubuntu-24.04, linux-x86_64)	Run actions/checkout@v4	2026-10-08T11:57:09.8407502Z Or undo this operation with:
receiver (ubuntu-24.04, linux-x86_64)	Run actions/checkout@v4	2026-10-08T11:57:09.8408655Z 
receiver (ubuntu-24.04, linux-x86_64)	Run actions/checkout@v4	2026-10-08T11:57:09.8409225Z   git switch -
receiver (ubuntu-24.04, linux-x86_64)	Run actions/checkout@v4	2026-10-08T11:57:09.8409848Z 
receiver (ubuntu-24.04, linux-x86_64)	Run actions/checkout@v4	2026-10-08T11:57:09.8410800Z Turn off this advice by setting config variable advice.detachedHead to false
receiver (ubuntu-24.04, linux-x86_64)	Run actions/checkout@v4	2026-10-08T11:57:09.8412369Z 
receiver (ubuntu-24.04, linux-x86_64)	Run actions/checkout@v4	2026-10-08T11:57:09.8413333Z HEAD is now at 4ff30a8 验收质量证据与受限修订机制并完成任务8.1至8.6
receiver (ubuntu-24.04, linux-x86_64)	Run actions/checkout@v4	2026-10-08T11:57:09.8417738Z ##[endgroup]
receiver (ubuntu-24.04, linux-x86_64)	Run actions/checkout@v4	2026-10-08T11:57:09.8454364Z [command]/usr/bin/git log -1 --format=%H
receiver (ubuntu-24.04, linux-x86_64)	Run actions/checkout@v4	2026-10-08T11:57:09.8482737Z 4ff30a88bbdc0c268dc17d7cddb7f3aed77544e8
receiver (ubuntu-24.04, linux-x86_64)	Run actions/setup-python@v5	﻿2026-10-08T11:57:09.8803252Z ##[group]Run actions/setup-python@v5
receiver (ubuntu-24.04, linux-x86_64)	Run actions/setup-python@v5	2026-10-08T11:57:09.8804545Z with:
receiver (ubuntu-24.04, linux-x86_64)	Run actions/setup-python@v5	2026-10-08T11:57:09.8805389Z   python-version: 3.13
receiver (ubuntu-24.04, linux-x86_64)	Run actions/setup-python@v5	2026-10-08T11:57:09.8806717Z   check-latest: false
receiver (ubuntu-24.04, linux-x86_64)	Run actions/setup-python@v5	2026-10-08T11:57:09.8817452Z   token: ***
receiver (ubuntu-24.04, linux-x86_64)	Run actions/setup-python@v5	2026-10-08T11:57:09.8818383Z   update-environment: true
receiver (ubuntu-24.04, linux-x86_64)	Run actions/setup-python@v5	2026-10-08T11:57:09.8819462Z   allow-prereleases: false
receiver (ubuntu-24.04, linux-x86_64)	Run actions/setup-python@v5	2026-10-08T11:57:09.8820521Z   freethreaded: false
receiver (ubuntu-24.04, linux-x86_64)	Run actions/setup-python@v5	2026-10-08T11:57:09.8821471Z ##[endgroup]
receiver (ubuntu-24.04, linux-x86_64)	Run actions/setup-python@v5	2026-10-08T11:57:10.0288371Z ##[group]Installed versions
receiver (ubuntu-24.04, linux-x86_64)	Run actions/setup-python@v5	2026-10-08T11:57:10.0380836Z (node:2394) [DEP0040] DeprecationWarning: The `punycode` module is deprecated. Please use a userland alternative instead.
receiver (ubuntu-24.04, linux-x86_64)	Run actions/setup-python@v5	2026-10-08T11:57:10.0386060Z (Use `node --trace-deprecation ...` to show where the warning was created)
receiver (ubuntu-24.04, linux-x86_64)	Run actions/setup-python@v5	2026-10-08T11:57:10.0388727Z Successfully set up CPython (3.13.16)
receiver (ubuntu-24.04, linux-x86_64)	Run actions/setup-python@v5	2026-10-08T11:57:10.0391537Z ##[endgroup]
receiver (ubuntu-24.04, linux-x86_64)	Run actions/setup-node@v4	﻿2026-10-08T11:57:10.0764866Z ##[group]Run actions/setup-node@v4
receiver (ubuntu-24.04, linux-x86_64)	Run actions/setup-node@v4	2026-10-08T11:57:10.0766920Z with:
receiver (ubuntu-24.04, linux-x86_64)	Run actions/setup-node@v4	2026-10-08T11:57:10.0768236Z   node-version: 24
receiver (ubuntu-24.04, linux-x86_64)	Run actions/setup-node@v4	2026-10-08T11:57:10.0769401Z   always-auth: false
receiver (ubuntu-24.04, linux-x86_64)	Run actions/setup-node@v4	2026-10-08T11:57:10.0770727Z   check-latest: false
receiver (ubuntu-24.04, linux-x86_64)	Run actions/setup-node@v4	2026-10-08T11:57:10.0780695Z   token: ***
receiver (ubuntu-24.04, linux-x86_64)	Run actions/setup-node@v4	2026-10-08T11:57:10.0781544Z env:
receiver (ubuntu-24.04, linux-x86_64)	Run actions/setup-node@v4	2026-10-08T11:57:10.0782601Z   pythonLocation: /opt/hostedtoolcache/Python/3.13.16/x64
receiver (ubuntu-24.04, linux-x86_64)	Run actions/setup-node@v4	2026-10-08T11:57:10.0784457Z   PKG_CONFIG_PATH: /opt/hostedtoolcache/Python/3.13.16/x64/lib/pkgconfig
receiver (ubuntu-24.04, linux-x86_64)	Run actions/setup-node@v4	2026-10-08T11:57:10.0786657Z   Python_ROOT_DIR: /opt/hostedtoolcache/Python/3.13.16/x64
receiver (ubuntu-24.04, linux-x86_64)	Run actions/setup-node@v4	2026-10-08T11:57:10.0788395Z   Python2_ROOT_DIR: /opt/hostedtoolcache/Python/3.13.16/x64
receiver (ubuntu-24.04, linux-x86_64)	Run actions/setup-node@v4	2026-10-08T11:57:10.0790680Z   Python3_ROOT_DIR: /opt/hostedtoolcache/Python/3.13.16/x64
receiver (ubuntu-24.04, linux-x86_64)	Run actions/setup-node@v4	2026-10-08T11:57:10.0792321Z   LD_LIBRARY_PATH: /opt/hostedtoolcache/Python/3.13.16/x64/lib
receiver (ubuntu-24.04, linux-x86_64)	Run actions/setup-node@v4	2026-10-08T11:57:10.0793725Z ##[endgroup]
receiver (ubuntu-24.04, linux-x86_64)	Run actions/setup-node@v4	2026-10-08T11:57:10.2292239Z Found in cache @ /opt/hostedtoolcache/node/24.21.0/x64
receiver (ubuntu-24.04, linux-x86_64)	Run actions/setup-node@v4	2026-10-08T11:57:10.2296925Z (node:2402) [DEP0040] DeprecationWarning: The `punycode` module is deprecated. Please use a userland alternative instead.
receiver (ubuntu-24.04, linux-x86_64)	Run actions/setup-node@v4	2026-10-08T11:57:10.2301677Z (Use `node --trace-deprecation ...` to show where the warning was created)
receiver (ubuntu-24.04, linux-x86_64)	Run actions/setup-node@v4	2026-10-08T11:57:10.2305852Z ##[group]Environment details
receiver (ubuntu-24.04, linux-x86_64)	Run actions/setup-node@v4	2026-10-08T11:57:10.6813847Z node: v24.21.0
receiver (ubuntu-24.04, linux-x86_64)	Run actions/setup-node@v4	2026-10-08T11:57:10.6815949Z npm: 11.19.0
receiver (ubuntu-24.04, linux-x86_64)	Run actions/setup-node@v4	2026-10-08T11:57:10.6817455Z yarn: 1.22.22
receiver (ubuntu-24.04, linux-x86_64)	Run actions/setup-node@v4	2026-10-08T11:57:10.6819376Z ##[endgroup]
receiver (ubuntu-24.04, linux-x86_64)	Run actions/download-artifact@v4	﻿2026-10-08T11:57:10.7049381Z ##[group]Run actions/download-artifact@v4
receiver (ubuntu-24.04, linux-x86_64)	Run actions/download-artifact@v4	2026-10-08T11:57:10.7050602Z with:
receiver (ubuntu-24.04, linux-x86_64)	Run actions/download-artifact@v4	2026-10-08T11:57:10.7051485Z   name: project-transport-37773443950
receiver (ubuntu-24.04, linux-x86_64)	Run actions/download-artifact@v4	2026-10-08T11:57:10.7052604Z   path: transport
receiver (ubuntu-24.04, linux-x86_64)	Run actions/download-artifact@v4	2026-10-08T11:57:10.7053502Z   merge-multiple: false
receiver (ubuntu-24.04, linux-x86_64)	Run actions/download-artifact@v4	2026-10-08T11:57:10.7054582Z   repository: full-aigc-skills/printcraft-skills
receiver (ubuntu-24.04, linux-x86_64)	Run actions/download-artifact@v4	2026-10-08T11:57:10.7056183Z   run-id: 37773443950
receiver (ubuntu-24.04, linux-x86_64)	Run actions/download-artifact@v4	2026-10-08T11:57:10.7057109Z env:
receiver (ubuntu-24.04, linux-x86_64)	Run actions/download-artifact@v4	2026-10-08T11:57:10.7058183Z   pythonLocation: /opt/hostedtoolcache/Python/3.13.16/x64
receiver (ubuntu-24.04, linux-x86_64)	Run actions/download-artifact@v4	2026-10-08T11:57:10.7059865Z   PKG_CONFIG_PATH: /opt/hostedtoolcache/Python/3.13.16/x64/lib/pkgconfig
receiver (ubuntu-24.04, linux-x86_64)	Run actions/download-artifact@v4	2026-10-08T11:57:10.7061572Z   Python_ROOT_DIR: /opt/hostedtoolcache/Python/3.13.16/x64
receiver (ubuntu-24.04, linux-x86_64)	Run actions/download-artifact@v4	2026-10-08T11:57:10.7063141Z   Python2_ROOT_DIR: /opt/hostedtoolcache/Python/3.13.16/x64
receiver (ubuntu-24.04, linux-x86_64)	Run actions/download-artifact@v4	2026-10-08T11:57:10.7064719Z   Python3_ROOT_DIR: /opt/hostedtoolcache/Python/3.13.16/x64
receiver (ubuntu-24.04, linux-x86_64)	Run actions/download-artifact@v4	2026-10-08T11:57:10.7066449Z   LD_LIBRARY_PATH: /opt/hostedtoolcache/Python/3.13.16/x64/lib
receiver (ubuntu-24.04, linux-x86_64)	Run actions/download-artifact@v4	2026-10-08T11:57:10.7067784Z ##[endgroup]
receiver (ubuntu-24.04, linux-x86_64)	Run actions/download-artifact@v4	2026-10-08T11:57:10.8659532Z Downloading single artifact
receiver (ubuntu-24.04, linux-x86_64)	Run actions/download-artifact@v4	2026-10-08T11:57:10.8808934Z (node:2433) [DEP0040] DeprecationWarning: The `punycode` module is deprecated. Please use a userland alternative instead.
receiver (ubuntu-24.04, linux-x86_64)	Run actions/download-artifact@v4	2026-10-08T11:57:10.8811782Z (Use `node --trace-deprecation ...` to show where the warning was created)
receiver (ubuntu-24.04, linux-x86_64)	Run actions/download-artifact@v4	2026-10-08T11:57:10.9728786Z Preparing to download the following artifacts:
receiver (ubuntu-24.04, linux-x86_64)	Run actions/download-artifact@v4	2026-10-08T11:57:10.9734500Z - project-transport-37773443950 (ID: 11548254329, Size: 82239, Expected Digest: sha256:7cc630cb188fed26a4e72c7e904005b789099cad4e00ec9088687e25d5d76a07)
receiver (ubuntu-24.04, linux-x86_64)	Run actions/download-artifact@v4	2026-10-08T11:57:11.1061232Z Redirecting to blob download url: https://productionresultssa3.blob.core.windows.net/actions-results/a0b55ca6-bebb-48a3-b57f-1aa768180256/workflow-job-run-73073cd5-a2cd-5987-a406-2bf2556278f4/artifacts/de2af14c2cae24fcbfe0c754f9bd99a53ac343105b45ee2bb2670c8c1ab785a9.zip
receiver (ubuntu-24.04, linux-x86_64)	Run actions/download-artifact@v4	2026-10-08T11:57:11.1071932Z Starting download of artifact to: /home/runner/work/printcraft-skills/printcraft-skills/transport
receiver (ubuntu-24.04, linux-x86_64)	Run actions/download-artifact@v4	2026-10-08T11:57:11.1570107Z (node:2433) [DEP0005] DeprecationWarning: Buffer() is deprecated due to security and usability issues. Please use the Buffer.alloc(), Buffer.allocUnsafe(), or Buffer.from() methods instead.
receiver (ubuntu-24.04, linux-x86_64)	Run actions/download-artifact@v4	2026-10-08T11:57:11.1713548Z SHA256 digest of downloaded artifact is 7cc630cb188fed26a4e72c7e904005b789099cad4e00ec9088687e25d5d76a07
receiver (ubuntu-24.04, linux-x86_64)	Run actions/download-artifact@v4	2026-10-08T11:57:11.1715273Z Artifact download completed successfully.
receiver (ubuntu-24.04, linux-x86_64)	Run actions/download-artifact@v4	2026-10-08T11:57:11.1716437Z Total of 1 artifact(s) downloaded
receiver (ubuntu-24.04, linux-x86_64)	Run actions/download-artifact@v4	2026-10-08T11:57:11.1720904Z Download artifact has finished successfully
receiver (ubuntu-24.04, linux-x86_64)	Run python -I -B tests/cross_machine_acceptance.py receive --bundle transport --artcraft-root .artcraft-source --platform linux-x86_64 --workdir receiver-evidence	﻿2026-10-08T11:57:11.1858154Z ##[group]Run python -I -B tests/cross_machine_acceptance.py receive --bundle transport --artcraft-root .artcraft-source --platform linux-x86_64 --workdir receiver-evidence
receiver (ubuntu-24.04, linux-x86_64)	Run python -I -B tests/cross_machine_acceptance.py receive --bundle transport --artcraft-root .artcraft-source --platform linux-x86_64 --workdir receiver-evidence	2026-10-08T11:57:11.1859737Z ^[[36;1mpython -I -B tests/cross_machine_acceptance.py receive --bundle transport --artcraft-root .artcraft-source --platform linux-x86_64 --workdir receiver-evidence^[[0m
receiver (ubuntu-24.04, linux-x86_64)	Run python -I -B tests/cross_machine_acceptance.py receive --bundle transport --artcraft-root .artcraft-source --platform linux-x86_64 --workdir receiver-evidence	2026-10-08T11:57:11.2228942Z shell: /usr/bin/bash -e {0}
receiver (ubuntu-24.04, linux-x86_64)	Run python -I -B tests/cross_machine_acceptance.py receive --bundle transport --artcraft-root .artcraft-source --platform linux-x86_64 --workdir receiver-evidence	2026-10-08T11:57:11.2229457Z env:
receiver (ubuntu-24.04, linux-x86_64)	Run python -I -B tests/cross_machine_acceptance.py receive --bundle transport --artcraft-root .artcraft-source --platform linux-x86_64 --workdir receiver-evidence	2026-10-08T11:57:11.2229918Z   pythonLocation: /opt/hostedtoolcache/Python/3.13.16/x64
receiver (ubuntu-24.04, linux-x86_64)	Run python -I -B tests/cross_machine_acceptance.py receive --bundle transport --artcraft-root .artcraft-source --platform linux-x86_64 --workdir receiver-evidence	2026-10-08T11:57:11.2230608Z   PKG_CONFIG_PATH: /opt/hostedtoolcache/Python/3.13.16/x64/lib/pkgconfig
receiver (ubuntu-24.04, linux-x86_64)	Run python -I -B tests/cross_machine_acceptance.py receive --bundle transport --artcraft-root .artcraft-source --platform linux-x86_64 --workdir receiver-evidence	2026-10-08T11:57:11.2231302Z   Python_ROOT_DIR: /opt/hostedtoolcache/Python/3.13.16/x64
receiver (ubuntu-24.04, linux-x86_64)	Run python -I -B tests/cross_machine_acceptance.py receive --bundle transport --artcraft-root .artcraft-source --platform linux-x86_64 --workdir receiver-evidence	2026-10-08T11:57:11.2231927Z   Python2_ROOT_DIR: /opt/hostedtoolcache/Python/3.13.16/x64
receiver (ubuntu-24.04, linux-x86_64)	Run python -I -B tests/cross_machine_acceptance.py receive --bundle transport --artcraft-root .artcraft-source --platform linux-x86_64 --workdir receiver-evidence	2026-10-08T11:57:11.2232585Z   Python3_ROOT_DIR: /opt/hostedtoolcache/Python/3.13.16/x64
receiver (ubuntu-24.04, linux-x86_64)	Run python -I -B tests/cross_machine_acceptance.py receive --bundle transport --artcraft-root .artcraft-source --platform linux-x86_64 --workdir receiver-evidence	2026-10-08T11:57:11.2233220Z   LD_LIBRARY_PATH: /opt/hostedtoolcache/Python/3.13.16/x64/lib
receiver (ubuntu-24.04, linux-x86_64)	Run python -I -B tests/cross_machine_acceptance.py receive --bundle transport --artcraft-root .artcraft-source --platform linux-x86_64 --workdir receiver-evidence	2026-10-08T11:57:11.2233852Z ##[endgroup]
receiver (ubuntu-24.04, linux-x86_64)	Run python -I -B tests/cross_machine_acceptance.py receive --bundle transport --artcraft-root .artcraft-source --platform linux-x86_64 --workdir receiver-evidence	2026-10-08T11:57:14.1850998Z {
receiver (ubuntu-24.04, linux-x86_64)	Run python -I -B tests/cross_machine_acceptance.py receive --bundle transport --artcraft-root .artcraft-source --platform linux-x86_64 --workdir receiver-evidence	2026-10-08T11:57:14.1851603Z   "status": "PASS_SCOPED_CROSS_MACHINE",
receiver (ubuntu-24.04, linux-x86_64)	Run python -I -B tests/cross_machine_acceptance.py receive --bundle transport --artcraft-root .artcraft-source --platform linux-x86_64 --workdir receiver-evidence	2026-10-08T11:57:14.1852298Z   "scope": "CROSS_MACHINE_PACKAGE_AND_NATIVE_PDF_ONLY",
receiver (ubuntu-24.04, linux-x86_64)	Run python -I -B tests/cross_machine_acceptance.py receive --bundle transport --artcraft-root .artcraft-source --platform linux-x86_64 --workdir receiver-evidence	2026-10-08T11:57:14.1852897Z   "receiver": {
receiver (ubuntu-24.04, linux-x86_64)	Run python -I -B tests/cross_machine_acceptance.py receive --bundle transport --artcraft-root .artcraft-source --platform linux-x86_64 --workdir receiver-evidence	2026-10-08T11:57:14.1853266Z     "system": "Linux",
receiver (ubuntu-24.04, linux-x86_64)	Run python -I -B tests/cross_machine_acceptance.py receive --bundle transport --artcraft-root .artcraft-source --platform linux-x86_64 --workdir receiver-evidence	2026-10-08T11:57:14.1853655Z     "machine": "x86_64",
receiver (ubuntu-24.04, linux-x86_64)	Run python -I -B tests/cross_machine_acceptance.py receive --bundle transport --artcraft-root .artcraft-source --platform linux-x86_64 --workdir receiver-evidence	2026-10-08T11:57:14.1854118Z     "release": "6.17.0-1022-azure",
receiver (ubuntu-24.04, linux-x86_64)	Run python -I -B tests/cross_machine_acceptance.py receive --bundle transport --artcraft-root .artcraft-source --platform linux-x86_64 --workdir receiver-evidence	2026-10-08T11:57:14.1854478Z     "python": "3.13.16",
receiver (ubuntu-24.04, linux-x86_64)	Run python -I -B tests/cross_machine_acceptance.py receive --bundle transport --artcraft-root .artcraft-source --platform linux-x86_64 --workdir receiver-evidence	2026-10-08T11:57:14.1854801Z     "runnerName": "GitHub Actions 1000000374",
receiver (ubuntu-24.04, linux-x86_64)	Run python -I -B tests/cross_machine_acceptance.py receive --bundle transport --artcraft-root .artcraft-source --platform linux-x86_64 --workdir receiver-evidence	2026-10-08T11:57:14.1855161Z     "workflowRunId": "37773443950",
receiver (ubuntu-24.04, linux-x86_64)	Run python -I -B tests/cross_machine_acceptance.py receive --bundle transport --artcraft-root .artcraft-source --platform linux-x86_64 --workdir receiver-evidence	2026-10-08T11:57:14.1855654Z     "workflowJob": "receiver",
receiver (ubuntu-24.04, linux-x86_64)	Run python -I -B tests/cross_machine_acceptance.py receive --bundle transport --artcraft-root .artcraft-source --platform linux-x86_64 --workdir receiver-evidence	2026-10-08T11:57:14.1856070Z     "sourceCommit": "cb90b21920e04fbe0f65be3d0fe8619cbe33e1da"
receiver (ubuntu-24.04, linux-x86_64)	Run python -I -B tests/cross_machine_acceptance.py receive --bundle transport --artcraft-root .artcraft-source --platform linux-x86_64 --workdir receiver-evidence	2026-10-08T11:57:14.1856438Z   },
receiver (ubuntu-24.04, linux-x86_64)	Run python -I -B tests/cross_machine_acceptance.py receive --bundle transport --artcraft-root .artcraft-source --platform linux-x86_64 --workdir receiver-evidence	2026-10-08T11:57:14.1856657Z   "mobileDevice": "NOT_RUN",
receiver (ubuntu-24.04, linux-x86_64)	Run python -I -B tests/cross_machine_acceptance.py receive --bundle transport --artcraft-root .artcraft-source --platform linux-x86_64 --workdir receiver-evidence	2026-10-08T11:57:14.1856930Z   "visualReview": "NOT_RUN",
receiver (ubuntu-24.04, linux-x86_64)	Run python -I -B tests/cross_machine_acceptance.py receive --bundle transport --artcraft-root .artcraft-source --platform linux-x86_64 --workdir receiver-evidence	2026-10-08T11:57:14.1857237Z   "producerReexecution": "NOT_RUN",
receiver (ubuntu-24.04, linux-x86_64)	Run python -I -B tests/cross_machine_acceptance.py receive --bundle transport --artcraft-root .artcraft-source --platform linux-x86_64 --workdir receiver-evidence	2026-10-08T11:57:14.1857621Z   "skillInstaller": "NOT_RUN_DIRECT_NATIVE_ONLY",
receiver (ubuntu-24.04, linux-x86_64)	Run python -I -B tests/cross_machine_acceptance.py receive --bundle transport --artcraft-root .artcraft-source --platform linux-x86_64 --workdir receiver-evidence	2026-10-08T11:57:14.1857976Z   "sourceFiles": {
receiver (ubuntu-24.04, linux-x86_64)	Run python -I -B tests/cross_machine_acceptance.py receive --bundle transport --artcraft-root .artcraft-source --platform linux-x86_64 --workdir receiver-evidence	2026-10-08T11:57:14.1858527Z     "tests/cross_machine_acceptance.py": "8f53c0ef0e1d34bfc94144fc9bf8347976d7700732a2d87ff7803290e67fa450",
receiver (ubuntu-24.04, linux-x86_64)	Run python -I -B tests/cross_machine_acceptance.py receive --bundle transport --artcraft-root .artcraft-source --platform linux-x86_64 --workdir receiver-evidence	2026-10-08T11:57:14.1859403Z     "tests/cross-machine-fixture.json": "efd9f63b942cf57076a0f1b316863967065d145284f6e1d2a4f67e4a6a25cd6d",
receiver (ubuntu-24.04, linux-x86_64)	Run python -I -B tests/cross_machine_acceptance.py receive --bundle transport --artcraft-root .artcraft-source --platform linux-x86_64 --workdir receiver-evidence	2026-10-08T11:57:14.1860274Z     "tests/platform_acceptance.py": "5bad75cb385c12c26c9c7c1a489d141d208258834e42bdda2c6282b026a36325",
receiver (ubuntu-24.04, linux-x86_64)	Run python -I -B tests/cross_machine_acceptance.py receive --bundle transport --artcraft-root .artcraft-source --platform linux-x86_64 --workdir receiver-evidence	2026-10-08T11:57:14.1861139Z     "tests/platform-artifacts.json": "8c03b465e51e8f53bb337ffef75eb67cba12d945c3c319ad70619bbe01929717",
receiver (ubuntu-24.04, linux-x86_64)	Run python -I -B tests/cross_machine_acceptance.py receive --bundle transport --artcraft-root .artcraft-source --platform linux-x86_64 --workdir receiver-evidence	2026-10-08T11:57:14.1862129Z     "skills/printcraft-use/scripts/verification.py": "e4caf0fa3984a8ad174efe28feadf86350880ec448f884992d397881f981e7b1",
receiver (ubuntu-24.04, linux-x86_64)	Run python -I -B tests/cross_machine_acceptance.py receive --bundle transport --artcraft-root .artcraft-source --platform linux-x86_64 --workdir receiver-evidence	2026-10-08T11:57:14.1863021Z     "skills/printcraft-use/scripts/commands.py": "35eaaf7866e1104eb7ccd9639d6744182f009b48b26029423e7f4aeb38b57b62"
receiver (ubuntu-24.04, linux-x86_64)	Run python -I -B tests/cross_machine_acceptance.py receive --bundle transport --artcraft-root .artcraft-source --platform linux-x86_64 --workdir receiver-evidence	2026-10-08T11:57:14.1863549Z   },
receiver (ubuntu-24.04, linux-x86_64)	Run python -I -B tests/cross_machine_acceptance.py receive --bundle transport --artcraft-root .artcraft-source --platform linux-x86_64 --workdir receiver-evidence	2026-10-08T11:57:14.1863747Z   "sender": {
receiver (ubuntu-24.04, linux-x86_64)	Run python -I -B tests/cross_machine_acceptance.py receive --bundle transport --artcraft-root .artcraft-source --platform linux-x86_64 --workdir receiver-evidence	2026-10-08T11:57:14.1863965Z     "system": "Darwin",
receiver (ubuntu-24.04, linux-x86_64)	Run python -I -B tests/cross_machine_acceptance.py receive --bundle transport --artcraft-root .artcraft-source --platform linux-x86_64 --workdir receiver-evidence	2026-10-08T11:57:14.1864204Z     "machine": "arm64",
receiver (ubuntu-24.04, linux-x86_64)	Run python -I -B tests/cross_machine_acceptance.py receive --bundle transport --artcraft-root .artcraft-source --platform linux-x86_64 --workdir receiver-evidence	2026-10-08T11:57:14.1864431Z     "release": "24.6.0",
receiver (ubuntu-24.04, linux-x86_64)	Run python -I -B tests/cross_machine_acceptance.py receive --bundle transport --artcraft-root .artcraft-source --platform linux-x86_64 --workdir receiver-evidence	2026-10-08T11:57:14.1864696Z     "python": "3.13.15",
receiver (ubuntu-24.04, linux-x86_64)	Run python -I -B tests/cross_machine_acceptance.py receive --bundle transport --artcraft-root .artcraft-source --platform linux-x86_64 --workdir receiver-evidence	2026-10-08T11:57:14.1864988Z     "runnerName": "GitHub Actions 1000000372",
receiver (ubuntu-24.04, linux-x86_64)	Run python -I -B tests/cross_machine_acceptance.py receive --bundle transport --artcraft-root .artcraft-source --platform linux-x86_64 --workdir receiver-evidence	2026-10-08T11:57:14.1865314Z     "workflowRunId": "37773443950",
receiver (ubuntu-24.04, linux-x86_64)	Run python -I -B tests/cross_machine_acceptance.py receive --bundle transport --artcraft-root .artcraft-source --platform linux-x86_64 --workdir receiver-evidence	2026-10-08T11:57:14.1865863Z     "workflowJob": "sender",
receiver (ubuntu-24.04, linux-x86_64)	Run python -I -B tests/cross_machine_acceptance.py receive --bundle transport --artcraft-root .artcraft-source --platform linux-x86_64 --workdir receiver-evidence	2026-10-08T11:57:14.1866235Z     "sourceCommit": "cb90b21920e04fbe0f65be3d0fe8619cbe33e1da"
receiver (ubuntu-24.04, linux-x86_64)	Run python -I -B tests/cross_machine_acceptance.py receive --bundle transport --artcraft-root .artcraft-source --platform linux-x86_64 --workdir receiver-evidence	2026-10-08T11:57:14.1866576Z   },
receiver (ubuntu-24.04, linux-x86_64)	Run python -I -B tests/cross_machine_acceptance.py receive --bundle transport --artcraft-root .artcraft-source --platform linux-x86_64 --workdir receiver-evidence	2026-10-08T11:57:14.1866991Z   "transportSha256": "2ff3a91f5f649b94bb3958933435e937cac5fc9941fe1f6b96bc04c3b6294089",
receiver (ubuntu-24.04, linux-x86_64)	Run python -I -B tests/cross_machine_acceptance.py receive --bundle transport --artcraft-root .artcraft-source --platform linux-x86_64 --workdir receiver-evidence	2026-10-08T11:57:14.1867432Z   "consumer": {
receiver (ubuntu-24.04, linux-x86_64)	Run python -I -B tests/cross_machine_acceptance.py receive --bundle transport --artcraft-root .artcraft-source --platform linux-x86_64 --workdir receiver-evidence	2026-10-08T11:57:14.1867733Z     "repository": "full-aigc-plugins/artcraft-plugin",
receiver (ubuntu-24.04, linux-x86_64)	Run python -I -B tests/cross_machine_acceptance.py receive --bundle transport --artcraft-root .artcraft-source --platform linux-x86_64 --workdir receiver-evidence	2026-10-08T11:57:14.1868151Z     "commit": "4ff30a88bbdc0c268dc17d7cddb7f3aed77544e8",
receiver (ubuntu-24.04, linux-x86_64)	Run python -I -B tests/cross_machine_acceptance.py receive --bundle transport --artcraft-root .artcraft-source --platform linux-x86_64 --workdir receiver-evidence	2026-10-08T11:57:14.1868512Z     "version": "0.1.0-dev.122-runtime.1",
receiver (ubuntu-24.04, linux-x86_64)	Run python -I -B tests/cross_machine_acceptance.py receive --bundle transport --artcraft-root .artcraft-source --platform linux-x86_64 --workdir receiver-evidence	2026-10-08T11:57:14.1868787Z     "node": "v24.21.0",
receiver (ubuntu-24.04, linux-x86_64)	Run python -I -B tests/cross_machine_acceptance.py receive --bundle transport --artcraft-root .artcraft-source --platform linux-x86_64 --workdir receiver-evidence	2026-10-08T11:57:14.1869242Z     "verifyModuleSha256": "f57104c4a71e27f2a17b54a895c3c44eaff5c2eaa1dc0c740f7556325e5d1dd6"
receiver (ubuntu-24.04, linux-x86_64)	Run python -I -B tests/cross_machine_acceptance.py receive --bundle transport --artcraft-root .artcraft-source --platform linux-x86_64 --workdir receiver-evidence	2026-10-08T11:57:14.1870075Z   },
receiver (ubuntu-24.04, linux-x86_64)	Run python -I -B tests/cross_machine_acceptance.py receive --bundle transport --artcraft-root .artcraft-source --platform linux-x86_64 --workdir receiver-evidence	2026-10-08T11:57:14.1870289Z   "packageVerification": {
receiver (ubuntu-24.04, linux-x86_64)	Run python -I -B tests/cross_machine_acceptance.py receive --bundle transport --artcraft-root .artcraft-source --platform linux-x86_64 --workdir receiver-evidence	2026-10-08T11:57:14.1870543Z     "package-v1": {
receiver (ubuntu-24.04, linux-x86_64)	Run python -I -B tests/cross_machine_acceptance.py receive --bundle transport --artcraft-root .artcraft-source --platform linux-x86_64 --workdir receiver-evidence	2026-10-08T11:57:14.1871120Z       "sha256": "2bc262cc670dae1997d9eced7792dbf8f1daf9bd6997a2dac222ff7d5f856b12",
receiver (ubuntu-24.04, linux-x86_64)	Run python -I -B tests/cross_machine_acceptance.py receive --bundle transport --artcraft-root .artcraft-source --platform linux-x86_64 --workdir receiver-evidence	2026-10-08T11:57:14.1871541Z       "files": 21,
receiver (ubuntu-24.04, linux-x86_64)	Run python -I -B tests/cross_machine_acceptance.py receive --bundle transport --artcraft-root .artcraft-source --platform linux-x86_64 --workdir receiver-evidence	2026-10-08T11:57:14.1871765Z       "children": 2,
receiver (ubuntu-24.04, linux-x86_64)	Run python -I -B tests/cross_machine_acceptance.py receive --bundle transport --artcraft-root .artcraft-source --platform linux-x86_64 --workdir receiver-evidence	2026-10-08T11:57:14.1872039Z       "status": "OFFICIAL_VERIFY_PACKAGE_PASS"
receiver (ubuntu-24.04, linux-x86_64)	Run python -I -B tests/cross_machine_acceptance.py receive --bundle transport --artcraft-root .artcraft-source --platform linux-x86_64 --workdir receiver-evidence	2026-10-08T11:57:14.1872322Z     },
receiver (ubuntu-24.04, linux-x86_64)	Run python -I -B tests/cross_machine_acceptance.py receive --bundle transport --artcraft-root .artcraft-source --platform linux-x86_64 --workdir receiver-evidence	2026-10-08T11:57:14.1872519Z     "package-v2": {
receiver (ubuntu-24.04, linux-x86_64)	Run python -I -B tests/cross_machine_acceptance.py receive --bundle transport --artcraft-root .artcraft-source --platform linux-x86_64 --workdir receiver-evidence	2026-10-08T11:57:14.1872908Z       "sha256": "1caa92b3d0a9d1d6089b7e4c9628ee88683c3f515f531175af32e7bac06798f3",
receiver (ubuntu-24.04, linux-x86_64)	Run python -I -B tests/cross_machine_acceptance.py receive --bundle transport --artcraft-root .artcraft-source --platform linux-x86_64 --workdir receiver-evidence	2026-10-08T11:57:14.1873306Z       "files": 30,
receiver (ubuntu-24.04, linux-x86_64)	Run python -I -B tests/cross_machine_acceptance.py receive --bundle transport --artcraft-root .artcraft-source --platform linux-x86_64 --workdir receiver-evidence	2026-10-08T11:57:14.1873518Z       "children": 2,
receiver (ubuntu-24.04, linux-x86_64)	Run python -I -B tests/cross_machine_acceptance.py receive --bundle transport --artcraft-root .artcraft-source --platform linux-x86_64 --workdir receiver-evidence	2026-10-08T11:57:14.1873786Z       "status": "OFFICIAL_VERIFY_PACKAGE_PASS"
receiver (ubuntu-24.04, linux-x86_64)	Run python -I -B tests/cross_machine_acceptance.py receive --bundle transport --artcraft-root .artcraft-source --platform linux-x86_64 --workdir receiver-evidence	2026-10-08T11:57:14.1874063Z     }
receiver (ubuntu-24.04, linux-x86_64)	Run python -I -B tests/cross_machine_acceptance.py receive --bundle transport --artcraft-root .artcraft-source --platform linux-x86_64 --workdir receiver-evidence	2026-10-08T11:57:14.1874249Z   },
receiver (ubuntu-24.04, linux-x86_64)	Run python -I -B tests/cross_machine_acceptance.py receive --bundle transport --artcraft-root .artcraft-source --platform linux-x86_64 --workdir receiver-evidence	2026-10-08T11:57:14.1874435Z   "handoff": {
receiver (ubuntu-24.04, linux-x86_64)	Run python -I -B tests/cross_machine_acceptance.py receive --bundle transport --artcraft-root .artcraft-source --platform linux-x86_64 --workdir receiver-evidence	2026-10-08T11:57:14.1874688Z     "status": "HANDOFF_INTEGRITY_PASS",
receiver (ubuntu-24.04, linux-x86_64)	Run python -I -B tests/cross_machine_acceptance.py receive --bundle transport --artcraft-root .artcraft-source --platform linux-x86_64 --workdir receiver-evidence	2026-10-08T11:57:14.1875011Z     "producerExecution": "NOT_RUN",
receiver (ubuntu-24.04, linux-x86_64)	Run python -I -B tests/cross_machine_acceptance.py receive --bundle transport --artcraft-root .artcraft-source --platform linux-x86_64 --workdir receiver-evidence	2026-10-08T11:57:14.1875352Z     "protocol": "artcraft.printcraft-handoff/1",
receiver (ubuntu-24.04, linux-x86_64)	Run python -I -B tests/cross_machine_acceptance.py receive --bundle transport --artcraft-root .artcraft-source --platform linux-x86_64 --workdir receiver-evidence	2026-10-08T11:57:14.1876300Z     "producer": "artcraft",
receiver (ubuntu-24.04, linux-x86_64)	Run python -I -B tests/cross_machine_acceptance.py receive --bundle transport --artcraft-root .artcraft-source --platform linux-x86_64 --workdir receiver-evidence	2026-10-08T11:57:14.1876647Z     "producerVersion": "0.1.0-dev.113-runtime.1",
receiver (ubuntu-24.04, linux-x86_64)	Run python -I -B tests/cross_machine_acceptance.py receive --bundle transport --artcraft-root .artcraft-source --platform linux-x86_64 --workdir receiver-evidence	2026-10-08T11:57:14.1877175Z     "requestSha256": "366d25257623f48f17e498d9aa762478e9194f707635abbb3b9dad57be2fbf32",
receiver (ubuntu-24.04, linux-x86_64)	Run python -I -B tests/cross_machine_acceptance.py receive --bundle transport --artcraft-root .artcraft-source --platform linux-x86_64 --workdir receiver-evidence	2026-10-08T11:57:14.1877607Z     "files": [
receiver (ubuntu-24.04, linux-x86_64)	Run python -I -B tests/cross_machine_acceptance.py receive --bundle transport --artcraft-root .artcraft-source --platform linux-x86_64 --workdir receiver-evidence	2026-10-08T11:57:14.1877835Z       {
receiver (ubuntu-24.04, linux-x86_64)	Run python -I -B tests/cross_machine_acceptance.py receive --bundle transport --artcraft-root .artcraft-source --platform linux-x86_64 --workdir receiver-evidence	2026-10-08T11:57:14.1879146Z         "path": "/home/runner/work/printcraft-skills/printcraft-skills/receiver-evidence/接收 项目/package-v2/children/12ea12eace7d655f471ce55e34f89b1b77a3d9d05a445ca82877dd2235beaa51/artboard-1.pdf",
receiver (ubuntu-24.04, linux-x86_64)	Run python -I -B tests/cross_machine_acceptance.py receive --bundle transport --artcraft-root .artcraft-source --platform linux-x86_64 --workdir receiver-evidence	2026-10-08T11:57:14.1880187Z         "sha256": "54fd26bcf4b9ef5e3aa9ad3ac88f9748832ea2ae6299362116b59d12369369cc"
receiver (ubuntu-24.04, linux-x86_64)	Run python -I -B tests/cross_machine_acceptance.py receive --bundle transport --artcraft-root .artcraft-source --platform linux-x86_64 --workdir receiver-evidence	2026-10-08T11:57:14.1880604Z       },
receiver (ubuntu-24.04, linux-x86_64)	Run python -I -B tests/cross_machine_acceptance.py receive --bundle transport --artcraft-root .artcraft-source --platform linux-x86_64 --workdir receiver-evidence	2026-10-08T11:57:14.1880789Z       {
receiver (ubuntu-24.04, linux-x86_64)	Run python -I -B tests/cross_machine_acceptance.py receive --bundle transport --artcraft-root .artcraft-source --platform linux-x86_64 --workdir receiver-evidence	2026-10-08T11:57:14.1881824Z         "path": "/home/runner/work/printcraft-skills/printcraft-skills/receiver-evidence/接收 项目/package-v2/children/1daf82f62247f3a1d148c2d88b1828c9efa2d5f087d7059e98650aafe7afdea3/artboard-1.pdf",
receiver (ubuntu-24.04, linux-x86_64)	Run python -I -B tests/cross_machine_acceptance.py receive --bundle transport --artcraft-root .artcraft-source --platform linux-x86_64 --workdir receiver-evidence	2026-10-08T11:57:14.1882845Z         "sha256": "bf6fd26b9ca7347c6f09c4e4f7578752249b24d6948e9f0cf1190bd33a9ee2ef"
receiver (ubuntu-24.04, linux-x86_64)	Run python -I -B tests/cross_machine_acceptance.py receive --bundle transport --artcraft-root .artcraft-source --platform linux-x86_64 --workdir receiver-evidence	2026-10-08T11:57:14.1883251Z       }
receiver (ubuntu-24.04, linux-x86_64)	Run python -I -B tests/cross_machine_acceptance.py receive --bundle transport --artcraft-root .artcraft-source --platform linux-x86_64 --workdir receiver-evidence	2026-10-08T11:57:14.1883433Z     ],
receiver (ubuntu-24.04, linux-x86_64)	Run python -I -B tests/cross_machine_acceptance.py receive --bundle transport --artcraft-root .artcraft-source --platform linux-x86_64 --workdir receiver-evidence	2026-10-08T11:57:14.1883667Z     "automaticExecution": false
receiver (ubuntu-24.04, linux-x86_64)	Run python -I -B tests/cross_machine_acceptance.py receive --bundle transport --artcraft-root .artcraft-source --platform linux-x86_64 --workdir receiver-evidence	2026-10-08T11:57:14.1883913Z   },
receiver (ubuntu-24.04, linux-x86_64)	Run python -I -B tests/cross_machine_acceptance.py receive --bundle transport --artcraft-root .artcraft-source --platform linux-x86_64 --workdir receiver-evidence	2026-10-08T11:57:14.1884103Z   "runtime": {
receiver (ubuntu-24.04, linux-x86_64)	Run python -I -B tests/cross_machine_acceptance.py receive --bundle transport --artcraft-root .artcraft-source --platform linux-x86_64 --workdir receiver-evidence	2026-10-08T11:57:14.1884317Z     "system": "linux",
receiver (ubuntu-24.04, linux-x86_64)	Run python -I -B tests/cross_machine_acceptance.py receive --bundle transport --artcraft-root .artcraft-source --platform linux-x86_64 --workdir receiver-evidence	2026-10-08T11:57:14.1884543Z     "machine": "x86_64",
receiver (ubuntu-24.04, linux-x86_64)	Run python -I -B tests/cross_machine_acceptance.py receive --bundle transport --artcraft-root .artcraft-source --platform linux-x86_64 --workdir receiver-evidence	2026-10-08T11:57:14.1884849Z     "asset": "printcraft-0.2.1-linux-x86_64.tar.gz",
receiver (ubuntu-24.04, linux-x86_64)	Run python -I -B tests/cross_machine_acceptance.py receive --bundle transport --artcraft-root .artcraft-source --platform linux-x86_64 --workdir receiver-evidence	2026-10-08T11:57:14.1885641Z     "url": "https://github.com/storytold/pdfcraft/releases/download/v0.2.1/printcraft-0.2.1-linux-x86_64.tar.gz",
receiver (ubuntu-24.04, linux-x86_64)	Run python -I -B tests/cross_machine_acceptance.py receive --bundle transport --artcraft-root .artcraft-source --platform linux-x86_64 --workdir receiver-evidence	2026-10-08T11:57:14.1886983Z     "archiveSha256": "73b2977330d73716971237f68f89cba6ad52cbfb563ad0ab6d9ad18f44d45192",
receiver (ubuntu-24.04, linux-x86_64)	Run python -I -B tests/cross_machine_acceptance.py receive --bundle transport --artcraft-root .artcraft-source --platform linux-x86_64 --workdir receiver-evidence	2026-10-08T11:57:14.1887587Z     "member": "printcraft-0.2.1-linux-x86_64/bin/printcraft-cli",
receiver (ubuntu-24.04, linux-x86_64)	Run python -I -B tests/cross_machine_acceptance.py receive --bundle transport --artcraft-root .artcraft-source --platform linux-x86_64 --workdir receiver-evidence	2026-10-08T11:57:14.1888154Z     "binarySha256": "83fa013a814583d569fb2463bc6e1379f4aa0f9d293b034cf96308e8f77c54c4",
receiver (ubuntu-24.04, linux-x86_64)	Run python -I -B tests/cross_machine_acceptance.py receive --bundle transport --artcraft-root .artcraft-source --platform linux-x86_64 --workdir receiver-evidence	2026-10-08T11:57:14.1889257Z     "versionOutput": "printcraft-cli 0.2.1\nDiscord: https://discord.gg/artcraft  (help and feedback)\nWeb:     https://getartcraft.com/apps/printcraft\nSource:  https://github.com/storytold/printcraft\n"
receiver (ubuntu-24.04, linux-x86_64)	Run python -I -B tests/cross_machine_acceptance.py receive --bundle transport --artcraft-root .artcraft-source --platform linux-x86_64 --workdir receiver-evidence	2026-10-08T11:57:14.1890093Z   },
receiver (ubuntu-24.04, linux-x86_64)	Run python -I -B tests/cross_machine_acceptance.py receive --bundle transport --artcraft-root .artcraft-source --platform linux-x86_64 --workdir receiver-evidence	2026-10-08T11:57:14.1890502Z   "catalogSha256": "8ddb81c0382bacbdebf8ffdf242ec795135abc0a7723eebbe3b14123de64bea1",
receiver (ubuntu-24.04, linux-x86_64)	Run python -I -B tests/cross_machine_acceptance.py receive --bundle transport --artcraft-root .artcraft-source --platform linux-x86_64 --workdir receiver-evidence	2026-10-08T11:57:14.1890953Z   "deliveredPdfInfo": {
receiver (ubuntu-24.04, linux-x86_64)	Run python -I -B tests/cross_machine_acceptance.py receive --bundle transport --artcraft-root .artcraft-source --platform linux-x86_64 --workdir receiver-evidence	2026-10-08T11:57:14.1891193Z     "annotations": 0,
receiver (ubuntu-24.04, linux-x86_64)	Run python -I -B tests/cross_machine_acceptance.py receive --bundle transport --artcraft-root .artcraft-source --platform linux-x86_64 --workdir receiver-evidence	2026-10-08T11:57:14.1891413Z     "attachments": 2,
receiver (ubuntu-24.04, linux-x86_64)	Run python -I -B tests/cross_machine_acceptance.py receive --bundle transport --artcraft-root .artcraft-source --platform linux-x86_64 --workdir receiver-evidence	2026-10-08T11:57:14.1891626Z     "author": null,
receiver (ubuntu-24.04, linux-x86_64)	Run python -I -B tests/cross_machine_acceptance.py receive --bundle transport --artcraft-root .artcraft-source --platform linux-x86_64 --workdir receiver-evidence	2026-10-08T11:57:14.1891834Z     "bookmarks": 2,
receiver (ubuntu-24.04, linux-x86_64)	Run python -I -B tests/cross_machine_acceptance.py receive --bundle transport --artcraft-root .artcraft-source --platform linux-x86_64 --workdir receiver-evidence	2026-10-08T11:57:14.1892045Z     "creator": null,
receiver (ubuntu-24.04, linux-x86_64)	Run python -I -B tests/cross_machine_acceptance.py receive --bundle transport --artcraft-root .artcraft-source --platform linux-x86_64 --workdir receiver-evidence	2026-10-08T11:57:14.1892262Z     "encrypted": false,
receiver (ubuntu-24.04, linux-x86_64)	Run python -I -B tests/cross_machine_acceptance.py receive --bundle transport --artcraft-root .artcraft-source --platform linux-x86_64 --workdir receiver-evidence	2026-10-08T11:57:14.1892477Z     "fields": 0,
receiver (ubuntu-24.04, linux-x86_64)	Run python -I -B tests/cross_machine_acceptance.py receive --bundle transport --artcraft-root .artcraft-source --platform linux-x86_64 --workdir receiver-evidence	2026-10-08T11:57:14.1893093Z     "file": "/home/runner/work/printcraft-skills/printcraft-skills/receiver-evidence/接收 项目/revised.pdf",
receiver (ubuntu-24.04, linux-x86_64)	Run python -I -B tests/cross_machine_acceptance.py receive --bundle transport --artcraft-root .artcraft-source --platform linux-x86_64 --workdir receiver-evidence	2026-10-08T11:57:14.1893864Z     "file_size": 4996,
receiver (ubuntu-24.04, linux-x86_64)	Run python -I -B tests/cross_machine_acceptance.py receive --bundle transport --artcraft-root .artcraft-source --platform linux-x86_64 --workdir receiver-evidence	2026-10-08T11:57:14.1894092Z     "first_page_pt": [
receiver (ubuntu-24.04, linux-x86_64)	Run python -I -B tests/cross_machine_acceptance.py receive --bundle transport --artcraft-root .artcraft-source --platform linux-x86_64 --workdir receiver-evidence	2026-10-08T11:57:14.1894322Z       120.0,
receiver (ubuntu-24.04, linux-x86_64)	Run python -I -B tests/cross_machine_acceptance.py receive --bundle transport --artcraft-root .artcraft-source --platform linux-x86_64 --workdir receiver-evidence	2026-10-08T11:57:14.1894541Z       88.0
receiver (ubuntu-24.04, linux-x86_64)	Run python -I -B tests/cross_machine_acceptance.py receive --bundle transport --artcraft-root .artcraft-source --platform linux-x86_64 --workdir receiver-evidence	2026-10-08T11:57:14.1894724Z     ],
receiver (ubuntu-24.04, linux-x86_64)	Run python -I -B tests/cross_machine_acceptance.py receive --bundle transport --artcraft-root .artcraft-source --platform linux-x86_64 --workdir receiver-evidence	2026-10-08T11:57:14.1895082Z     "javascript": false,
receiver (ubuntu-24.04, linux-x86_64)	Run python -I -B tests/cross_machine_acceptance.py receive --bundle transport --artcraft-root .artcraft-source --platform linux-x86_64 --workdir receiver-evidence	2026-10-08T11:57:14.1895324Z     "layers": 0,
receiver (ubuntu-24.04, linux-x86_64)	Run python -I -B tests/cross_machine_acceptance.py receive --bundle transport --artcraft-root .artcraft-source --platform linux-x86_64 --workdir receiver-evidence	2026-10-08T11:57:14.1895730Z     "links": 0,
receiver (ubuntu-24.04, linux-x86_64)	Run python -I -B tests/cross_machine_acceptance.py receive --bundle transport --artcraft-root .artcraft-source --platform linux-x86_64 --workdir receiver-evidence	2026-10-08T11:57:14.1895949Z     "page_labels": [
receiver (ubuntu-24.04, linux-x86_64)	Run python -I -B tests/cross_machine_acceptance.py receive --bundle transport --artcraft-root .artcraft-source --platform linux-x86_64 --workdir receiver-evidence	2026-10-08T11:57:14.1896161Z       "1",
receiver (ubuntu-24.04, linux-x86_64)	Run python -I -B tests/cross_machine_acceptance.py receive --bundle transport --artcraft-root .artcraft-source --platform linux-x86_64 --workdir receiver-evidence	2026-10-08T11:57:14.1896341Z       "2"
receiver (ubuntu-24.04, linux-x86_64)	Run python -I -B tests/cross_machine_acceptance.py receive --bundle transport --artcraft-root .artcraft-source --platform linux-x86_64 --workdir receiver-evidence	2026-10-08T11:57:14.1896520Z     ],
receiver (ubuntu-24.04, linux-x86_64)	Run python -I -B tests/cross_machine_acceptance.py receive --bundle transport --artcraft-root .artcraft-source --platform linux-x86_64 --workdir receiver-evidence	2026-10-08T11:57:14.1896710Z     "pages": 2,
receiver (ubuntu-24.04, linux-x86_64)	Run python -I -B tests/cross_machine_acceptance.py receive --bundle transport --artcraft-root .artcraft-source --platform linux-x86_64 --workdir receiver-evidence	2026-10-08T11:57:14.1896924Z     "pdf_version": "1.7",
receiver (ubuntu-24.04, linux-x86_64)	Run python -I -B tests/cross_machine_acceptance.py receive --bundle transport --artcraft-root .artcraft-source --platform linux-x86_64 --workdir receiver-evidence	2026-10-08T11:57:14.1897164Z     "producer": null,
receiver (ubuntu-24.04, linux-x86_64)	Run python -I -B tests/cross_machine_acceptance.py receive --bundle transport --artcraft-root .artcraft-source --platform linux-x86_64 --workdir receiver-evidence	2026-10-08T11:57:14.1897386Z     "tagged": false,
receiver (ubuntu-24.04, linux-x86_64)	Run python -I -B tests/cross_machine_acceptance.py receive --bundle transport --artcraft-root .artcraft-source --platform linux-x86_64 --workdir receiver-evidence	2026-10-08T11:57:14.1897596Z     "title": null,
receiver (ubuntu-24.04, linux-x86_64)	Run python -I -B tests/cross_machine_acceptance.py receive --bundle transport --artcraft-root .artcraft-source --platform linux-x86_64 --workdir receiver-evidence	2026-10-08T11:57:14.1897806Z     "warnings": [],
receiver (ubuntu-24.04, linux-x86_64)	Run python -I -B tests/cross_machine_acceptance.py receive --bundle transport --artcraft-root .artcraft-source --platform linux-x86_64 --workdir receiver-evidence	2026-10-08T11:57:14.1898011Z     "xfa": null
receiver (ubuntu-24.04, linux-x86_64)	Run python -I -B tests/cross_machine_acceptance.py receive --bundle transport --artcraft-root .artcraft-source --platform linux-x86_64 --workdir receiver-evidence	2026-10-08T11:57:14.1898210Z   },
receiver (ubuntu-24.04, linux-x86_64)	Run python -I -B tests/cross_machine_acceptance.py receive --bundle transport --artcraft-root .artcraft-source --platform linux-x86_64 --workdir receiver-evidence	2026-10-08T11:57:14.1898417Z   "deliveredRenderSha256": [
receiver (ubuntu-24.04, linux-x86_64)	Run python -I -B tests/cross_machine_acceptance.py receive --bundle transport --artcraft-root .artcraft-source --platform linux-x86_64 --workdir receiver-evidence	2026-10-08T11:57:14.1898823Z     "d7d8880f7a70f62efd0f38ed3d4661ed634b91d9807d6fe32a5060761fb25534",
receiver (ubuntu-24.04, linux-x86_64)	Run python -I -B tests/cross_machine_acceptance.py receive --bundle transport --artcraft-root .artcraft-source --platform linux-x86_64 --workdir receiver-evidence	2026-10-08T11:57:14.1899361Z     "638919dab3c4e77720bd2965a231e689c5133823bccf632c83512d9f474039ac"
receiver (ubuntu-24.04, linux-x86_64)	Run python -I -B tests/cross_machine_acceptance.py receive --bundle transport --artcraft-root .artcraft-source --platform linux-x86_64 --workdir receiver-evidence	2026-10-08T11:57:14.1899714Z   ],
receiver (ubuntu-24.04, linux-x86_64)	Run python -I -B tests/cross_machine_acceptance.py receive --bundle transport --artcraft-root .artcraft-source --platform linux-x86_64 --workdir receiver-evidence	2026-10-08T11:57:14.1899903Z   "selectiveRework": {
receiver (ubuntu-24.04, linux-x86_64)	Run python -I -B tests/cross_machine_acceptance.py receive --bundle transport --artcraft-root .artcraft-source --platform linux-x86_64 --workdir receiver-evidence	2026-10-08T11:57:14.1900144Z     "changedPages": [
receiver (ubuntu-24.04, linux-x86_64)	Run python -I -B tests/cross_machine_acceptance.py receive --bundle transport --artcraft-root .artcraft-source --platform linux-x86_64 --workdir receiver-evidence	2026-10-08T11:57:14.1900351Z       1
receiver (ubuntu-24.04, linux-x86_64)	Run python -I -B tests/cross_machine_acceptance.py receive --bundle transport --artcraft-root .artcraft-source --platform linux-x86_64 --workdir receiver-evidence	2026-10-08T11:57:14.1900533Z     ],
receiver (ubuntu-24.04, linux-x86_64)	Run python -I -B tests/cross_machine_acceptance.py receive --bundle transport --artcraft-root .artcraft-source --platform linux-x86_64 --workdir receiver-evidence	2026-10-08T11:57:14.1900728Z     "preservedPages": [
receiver (ubuntu-24.04, linux-x86_64)	Run python -I -B tests/cross_machine_acceptance.py receive --bundle transport --artcraft-root .artcraft-source --platform linux-x86_64 --workdir receiver-evidence	2026-10-08T11:57:14.1900951Z       2
receiver (ubuntu-24.04, linux-x86_64)	Run python -I -B tests/cross_machine_acceptance.py receive --bundle transport --artcraft-root .artcraft-source --platform linux-x86_64 --workdir receiver-evidence	2026-10-08T11:57:14.1901128Z     ],
receiver (ubuntu-24.04, linux-x86_64)	Run python -I -B tests/cross_machine_acceptance.py receive --bundle transport --artcraft-root .artcraft-source --platform linux-x86_64 --workdir receiver-evidence	2026-10-08T11:57:14.1901510Z     "outputSha256": "be0344424464c7e60dcc969357a094241d41ba101c03f2c32d2a8234350bc122",
receiver (ubuntu-24.04, linux-x86_64)	Run python -I -B tests/cross_machine_acceptance.py receive --bundle transport --artcraft-root .artcraft-source --platform linux-x86_64 --workdir receiver-evidence	2026-10-08T11:57:14.1901931Z     "info": {
receiver (ubuntu-24.04, linux-x86_64)	Run python -I -B tests/cross_machine_acceptance.py receive --bundle transport --artcraft-root .artcraft-source --platform linux-x86_64 --workdir receiver-evidence	2026-10-08T11:57:14.1902145Z       "annotations": 0,
receiver (ubuntu-24.04, linux-x86_64)	Run python -I -B tests/cross_machine_acceptance.py receive --bundle transport --artcraft-root .artcraft-source --platform linux-x86_64 --workdir receiver-evidence	2026-10-08T11:57:14.1902372Z       "attachments": 2,
receiver (ubuntu-24.04, linux-x86_64)	Run python -I -B tests/cross_machine_acceptance.py receive --bundle transport --artcraft-root .artcraft-source --platform linux-x86_64 --workdir receiver-evidence	2026-10-08T11:57:14.1902594Z       "author": null,
receiver (ubuntu-24.04, linux-x86_64)	Run python -I -B tests/cross_machine_acceptance.py receive --bundle transport --artcraft-root .artcraft-source --platform linux-x86_64 --workdir receiver-evidence	2026-10-08T11:57:14.1902807Z       "bookmarks": 2,
receiver (ubuntu-24.04, linux-x86_64)	Run python -I -B tests/cross_machine_acceptance.py receive --bundle transport --artcraft-root .artcraft-source --platform linux-x86_64 --workdir receiver-evidence	2026-10-08T11:57:14.1903024Z       "creator": null,
receiver (ubuntu-24.04, linux-x86_64)	Run python -I -B tests/cross_machine_acceptance.py receive --bundle transport --artcraft-root .artcraft-source --platform linux-x86_64 --workdir receiver-evidence	2026-10-08T11:57:14.1903251Z       "encrypted": false,
receiver (ubuntu-24.04, linux-x86_64)	Run python -I -B tests/cross_machine_acceptance.py receive --bundle transport --artcraft-root .artcraft-source --platform linux-x86_64 --workdir receiver-evidence	2026-10-08T11:57:14.1903477Z       "fields": 0,
receiver (ubuntu-24.04, linux-x86_64)	Run python -I -B tests/cross_machine_acceptance.py receive --bundle transport --artcraft-root .artcraft-source --platform linux-x86_64 --workdir receiver-evidence	2026-10-08T11:57:14.1903993Z       "file": "/home/runner/work/printcraft-skills/printcraft-skills/receiver-evidence/receiver-revised.pdf",
receiver (ubuntu-24.04, linux-x86_64)	Run python -I -B tests/cross_machine_acceptance.py receive --bundle transport --artcraft-root .artcraft-source --platform linux-x86_64 --workdir receiver-evidence	2026-10-08T11:57:14.1904529Z       "file_size": 4996,
receiver (ubuntu-24.04, linux-x86_64)	Run python -I -B tests/cross_machine_acceptance.py receive --bundle transport --artcraft-root .artcraft-source --platform linux-x86_64 --workdir receiver-evidence	2026-10-08T11:57:14.1904761Z       "first_page_pt": [
receiver (ubuntu-24.04, linux-x86_64)	Run python -I -B tests/cross_machine_acceptance.py receive --bundle transport --artcraft-root .artcraft-source --platform linux-x86_64 --workdir receiver-evidence	2026-10-08T11:57:14.1904991Z         120.0,
receiver (ubuntu-24.04, linux-x86_64)	Run python -I -B tests/cross_machine_acceptance.py receive --bundle transport --artcraft-root .artcraft-source --platform linux-x86_64 --workdir receiver-evidence	2026-10-08T11:57:14.1905195Z         88.0
receiver (ubuntu-24.04, linux-x86_64)	Run python -I -B tests/cross_machine_acceptance.py receive --bundle transport --artcraft-root .artcraft-source --platform linux-x86_64 --workdir receiver-evidence	2026-10-08T11:57:14.1905394Z       ],
receiver (ubuntu-24.04, linux-x86_64)	Run python -I -B tests/cross_machine_acceptance.py receive --bundle transport --artcraft-root .artcraft-source --platform linux-x86_64 --workdir receiver-evidence	2026-10-08T11:57:14.1905729Z       "javascript": false,
receiver (ubuntu-24.04, linux-x86_64)	Run python -I -B tests/cross_machine_acceptance.py receive --bundle transport --artcraft-root .artcraft-source --platform linux-x86_64 --workdir receiver-evidence	2026-10-08T11:57:14.1905967Z       "layers": 0,
receiver (ubuntu-24.04, linux-x86_64)	Run python -I -B tests/cross_machine_acceptance.py receive --bundle transport --artcraft-root .artcraft-source --platform linux-x86_64 --workdir receiver-evidence	2026-10-08T11:57:14.1906177Z       "links": 0,
receiver (ubuntu-24.04, linux-x86_64)	Run python -I -B tests/cross_machine_acceptance.py receive --bundle transport --artcraft-root .artcraft-source --platform linux-x86_64 --workdir receiver-evidence	2026-10-08T11:57:14.1906384Z       "page_labels": [
receiver (ubuntu-24.04, linux-x86_64)	Run python -I -B tests/cross_machine_acceptance.py receive --bundle transport --artcraft-root .artcraft-source --platform linux-x86_64 --workdir receiver-evidence	2026-10-08T11:57:14.1906594Z         "1",
receiver (ubuntu-24.04, linux-x86_64)	Run python -I -B tests/cross_machine_acceptance.py receive --bundle transport --artcraft-root .artcraft-source --platform linux-x86_64 --workdir receiver-evidence	2026-10-08T11:57:14.1906785Z         "2"
receiver (ubuntu-24.04, linux-x86_64)	Run python -I -B tests/cross_machine_acceptance.py receive --bundle transport --artcraft-root .artcraft-source --platform linux-x86_64 --workdir receiver-evidence	2026-10-08T11:57:14.1906970Z       ],
receiver (ubuntu-24.04, linux-x86_64)	Run python -I -B tests/cross_machine_acceptance.py receive --bundle transport --artcraft-root .artcraft-source --platform linux-x86_64 --workdir receiver-evidence	2026-10-08T11:57:14.1907155Z       "pages": 2,
receiver (ubuntu-24.04, linux-x86_64)	Run python -I -B tests/cross_machine_acceptance.py receive --bundle transport --artcraft-root .artcraft-source --platform linux-x86_64 --workdir receiver-evidence	2026-10-08T11:57:14.1907374Z       "pdf_version": "1.7",
receiver (ubuntu-24.04, linux-x86_64)	Run python -I -B tests/cross_machine_acceptance.py receive --bundle transport --artcraft-root .artcraft-source --platform linux-x86_64 --workdir receiver-evidence	2026-10-08T11:57:14.1907621Z       "producer": null,
receiver (ubuntu-24.04, linux-x86_64)	Run python -I -B tests/cross_machine_acceptance.py receive --bundle transport --artcraft-root .artcraft-source --platform linux-x86_64 --workdir receiver-evidence	2026-10-08T11:57:14.1907848Z       "tagged": false,
receiver (ubuntu-24.04, linux-x86_64)	Run python -I -B tests/cross_machine_acceptance.py receive --bundle transport --artcraft-root .artcraft-source --platform linux-x86_64 --workdir receiver-evidence	2026-10-08T11:57:14.1908065Z       "title": null,
receiver (ubuntu-24.04, linux-x86_64)	Run python -I -B tests/cross_machine_acceptance.py receive --bundle transport --artcraft-root .artcraft-source --platform linux-x86_64 --workdir receiver-evidence	2026-10-08T11:57:14.1908283Z       "warnings": [],
receiver (ubuntu-24.04, linux-x86_64)	Run python -I -B tests/cross_machine_acceptance.py receive --bundle transport --artcraft-root .artcraft-source --platform linux-x86_64 --workdir receiver-evidence	2026-10-08T11:57:14.1908494Z       "xfa": null
receiver (ubuntu-24.04, linux-x86_64)	Run python -I -B tests/cross_machine_acceptance.py receive --bundle transport --artcraft-root .artcraft-source --platform linux-x86_64 --workdir receiver-evidence	2026-10-08T11:57:14.1908700Z     },
receiver (ubuntu-24.04, linux-x86_64)	Run python -I -B tests/cross_machine_acceptance.py receive --bundle transport --artcraft-root .artcraft-source --platform linux-x86_64 --workdir receiver-evidence	2026-10-08T11:57:14.1908954Z     "status": "PASS_NATIVE_SAVE_REOPEN_RENDER"
receiver (ubuntu-24.04, linux-x86_64)	Run python -I -B tests/cross_machine_acceptance.py receive --bundle transport --artcraft-root .artcraft-source --platform linux-x86_64 --workdir receiver-evidence	2026-10-08T11:57:14.1909241Z   },
receiver (ubuntu-24.04, linux-x86_64)	Run python -I -B tests/cross_machine_acceptance.py receive --bundle transport --artcraft-root .artcraft-source --platform linux-x86_64 --workdir receiver-evidence	2026-10-08T11:57:14.1909483Z   "allTransferredInputsUnchanged": true,
receiver (ubuntu-24.04, linux-x86_64)	Run python -I -B tests/cross_machine_acceptance.py receive --bundle transport --artcraft-root .artcraft-source --platform linux-x86_64 --workdir receiver-evidence	2026-10-08T11:57:14.1909772Z   "artifacts": {
receiver (ubuntu-24.04, linux-x86_64)	Run python -I -B tests/cross_machine_acceptance.py receive --bundle transport --artcraft-root .artcraft-source --platform linux-x86_64 --workdir receiver-evidence	2026-10-08T11:57:14.1910189Z     "001-call.json": "a013a78e85c0cfd763ac25d18938deca59b8572222f22d245a0b9546d3e5740e",
receiver (ubuntu-24.04, linux-x86_64)	Run python -I -B tests/cross_machine_acceptance.py receive --bundle transport --artcraft-root .artcraft-source --platform linux-x86_64 --workdir receiver-evidence	2026-10-08T11:57:14.1910818Z     "001-stderr.log": "e3b0c44298fc1c149afbf4c8996fb92427ae41e4649b934ca495991b7852b855",
receiver (ubuntu-24.04, linux-x86_64)	Run python -I -B tests/cross_machine_acceptance.py receive --bundle transport --artcraft-root .artcraft-source --platform linux-x86_64 --workdir receiver-evidence	2026-10-08T11:57:14.1911449Z     "001-stdout.log": "98d8da2c3bdd0ac0e2fb27148353d446a3c6abde6b1281888004476b79a975cb",
receiver (ubuntu-24.04, linux-x86_64)	Run python -I -B tests/cross_machine_acceptance.py receive --bundle transport --artcraft-root .artcraft-source --platform linux-x86_64 --workdir receiver-evidence	2026-10-08T11:57:14.1912067Z     "002-call.json": "2fd50184bd35ea2e0671078409a24c34c89fe7e6b4d45f2b2c3ffb2ad6b6d3ae",
receiver (ubuntu-24.04, linux-x86_64)	Run python -I -B tests/cross_machine_acceptance.py receive --bundle transport --artcraft-root .artcraft-source --platform linux-x86_64 --workdir receiver-evidence	2026-10-08T11:57:14.1912679Z     "002-stderr.log": "e3b0c44298fc1c149afbf4c8996fb92427ae41e4649b934ca495991b7852b855",
receiver (ubuntu-24.04, linux-x86_64)	Run python -I -B tests/cross_machine_acceptance.py receive --bundle transport --artcraft-root .artcraft-source --platform linux-x86_64 --workdir receiver-evidence	2026-10-08T11:57:14.1913293Z     "002-stdout.log": "e3b0c44298fc1c149afbf4c8996fb92427ae41e4649b934ca495991b7852b855",
receiver (ubuntu-24.04, linux-x86_64)	Run python -I -B tests/cross_machine_acceptance.py receive --bundle transport --artcraft-root .artcraft-source --platform linux-x86_64 --workdir receiver-evidence	2026-10-08T11:57:14.1913900Z     "003-call.json": "22fdf68906712195f598f53cc9cfb7ba18ae513655087a2edc76120e5abeac10",
receiver (ubuntu-24.04, linux-x86_64)	Run python -I -B tests/cross_machine_acceptance.py receive --bundle transport --artcraft-root .artcraft-source --platform linux-x86_64 --workdir receiver-evidence	2026-10-08T11:57:14.1914696Z     "003-stderr.log": "e3b0c44298fc1c149afbf4c8996fb92427ae41e4649b934ca495991b7852b855",
receiver (ubuntu-24.04, linux-x86_64)	Run python -I -B tests/cross_machine_acceptance.py receive --bundle transport --artcraft-root .artcraft-source --platform linux-x86_64 --workdir receiver-evidence	2026-10-08T11:57:14.1915312Z     "003-stdout.log": "f2ec568164f99546161909b0189b57bb5be3e80f8e2ccd8a51a4aed8c4055a04",
receiver (ubuntu-24.04, linux-x86_64)	Run python -I -B tests/cross_machine_acceptance.py receive --bundle transport --artcraft-root .artcraft-source --platform linux-x86_64 --workdir receiver-evidence	2026-10-08T11:57:14.1916453Z     "004-call.json": "08825cfddd1d257defce00a7e22eb72cfca5db18cc6162e0745907802b9388ae",
receiver (ubuntu-24.04, linux-x86_64)	Run python -I -B tests/cross_machine_acceptance.py receive --bundle transport --artcraft-root .artcraft-source --platform linux-x86_64 --workdir receiver-evidence	2026-10-08T11:57:14.1917109Z     "004-stderr.log": "e3b0c44298fc1c149afbf4c8996fb92427ae41e4649b934ca495991b7852b855",
receiver (ubuntu-24.04, linux-x86_64)	Run python -I -B tests/cross_machine_acceptance.py receive --bundle transport --artcraft-root .artcraft-source --platform linux-x86_64 --workdir receiver-evidence	2026-10-08T11:57:14.1917745Z     "004-stdout.log": "25e40a4a98647a53cccd84eafda468b9087731e7730bc1f85e855f7cba91e30d",
receiver (ubuntu-24.04, linux-x86_64)	Run python -I -B tests/cross_machine_acceptance.py receive --bundle transport --artcraft-root .artcraft-source --platform linux-x86_64 --workdir receiver-evidence	2026-10-08T11:57:14.1918367Z     "005-call.json": "5e8f98fc7f1d6dfbd072a598003f9ca33a1f11054fc31454257c9779cfbea6e7",
receiver (ubuntu-24.04, linux-x86_64)	Run python -I -B tests/cross_machine_acceptance.py receive --bundle transport --artcraft-root .artcraft-source --platform linux-x86_64 --workdir receiver-evidence	2026-10-08T11:57:14.1918983Z     "005-stderr.log": "e3b0c44298fc1c149afbf4c8996fb92427ae41e4649b934ca495991b7852b855",
receiver (ubuntu-24.04, linux-x86_64)	Run python -I -B tests/cross_machine_acceptance.py receive --bundle transport --artcraft-root .artcraft-source --platform linux-x86_64 --workdir receiver-evidence	2026-10-08T11:57:14.1919597Z     "005-stdout.log": "e2922f06d73988fe167a02a0ec790f7bc740a31d062b3c6b65ba2386baf0005f",
receiver (ubuntu-24.04, linux-x86_64)	Run python -I -B tests/cross_machine_acceptance.py receive --bundle transport --artcraft-root .artcraft-source --platform linux-x86_64 --workdir receiver-evidence	2026-10-08T11:57:14.1920213Z     "006-call.json": "93dc260992bd43728f323f00cdc57ed5a4d6a1c0c7490e163657c05224eb7a22",
receiver (ubuntu-24.04, linux-x86_64)	Run python -I -B tests/cross_machine_acceptance.py receive --bundle transport --artcraft-root .artcraft-source --platform linux-x86_64 --workdir receiver-evidence	2026-10-08T11:57:14.1920820Z     "006-stderr.log": "e3b0c44298fc1c149afbf4c8996fb92427ae41e4649b934ca495991b7852b855",
receiver (ubuntu-24.04, linux-x86_64)	Run python -I -B tests/cross_machine_acceptance.py receive --bundle transport --artcraft-root .artcraft-source --platform linux-x86_64 --workdir receiver-evidence	2026-10-08T11:57:14.1921442Z     "006-stdout.log": "ee812e7a31386b0fa12931b568ab30e50631cedb8bbf5b677bfa85f3ddf487a9",
receiver (ubuntu-24.04, linux-x86_64)	Run python -I -B tests/cross_machine_acceptance.py receive --bundle transport --artcraft-root .artcraft-source --platform linux-x86_64 --workdir receiver-evidence	2026-10-08T11:57:14.1922063Z     "007-call.json": "ae22f59f8c4ee9a119ca92dd248ca7c7889652cb18ecf4d8c337017db4276ea0",
receiver (ubuntu-24.04, linux-x86_64)	Run python -I -B tests/cross_machine_acceptance.py receive --bundle transport --artcraft-root .artcraft-source --platform linux-x86_64 --workdir receiver-evidence	2026-10-08T11:57:14.1922677Z     "007-stderr.log": "e3b0c44298fc1c149afbf4c8996fb92427ae41e4649b934ca495991b7852b855",
receiver (ubuntu-24.04, linux-x86_64)	Run python -I -B tests/cross_machine_acceptance.py receive --bundle transport --artcraft-root .artcraft-source --platform linux-x86_64 --workdir receiver-evidence	2026-10-08T11:57:14.1923288Z     "007-stdout.log": "260187c52b001191acc62e300b68203b492022e0c2b78b74db7f63ed6cf0eb9b",
receiver (ubuntu-24.04, linux-x86_64)	Run python -I -B tests/cross_machine_acceptance.py receive --bundle transport --artcraft-root .artcraft-source --platform linux-x86_64 --workdir receiver-evidence	2026-10-08T11:57:14.1923897Z     "008-call.json": "a0bae60a361478851429371bf1e8b7bbfb2924efb177d9aeee58c2b762cd7b2a",
receiver (ubuntu-24.04, linux-x86_64)	Run python -I -B tests/cross_machine_acceptance.py receive --bundle transport --artcraft-root .artcraft-source --platform linux-x86_64 --workdir receiver-evidence	2026-10-08T11:57:14.1924507Z     "008-stderr.log": "e3b0c44298fc1c149afbf4c8996fb92427ae41e4649b934ca495991b7852b855",
receiver (ubuntu-24.04, linux-x86_64)	Run python -I -B tests/cross_machine_acceptance.py receive --bundle transport --artcraft-root .artcraft-source --platform linux-x86_64 --workdir receiver-evidence	2026-10-08T11:57:14.1925130Z     "008-stdout.log": "8ddb81c0382bacbdebf8ffdf242ec795135abc0a7723eebbe3b14123de64bea1",
receiver (ubuntu-24.04, linux-x86_64)	Run python -I -B tests/cross_machine_acceptance.py receive --bundle transport --artcraft-root .artcraft-source --platform linux-x86_64 --workdir receiver-evidence	2026-10-08T11:57:14.1925941Z     "009-call.json": "715785d5bcdfa13c2a83d2ea01322807d76294aad85f4009ac39434a0128688e",
receiver (ubuntu-24.04, linux-x86_64)	Run python -I -B tests/cross_machine_acceptance.py receive --bundle transport --artcraft-root .artcraft-source --platform linux-x86_64 --workdir receiver-evidence	2026-10-08T11:57:14.1926568Z     "009-stderr.log": "e3b0c44298fc1c149afbf4c8996fb92427ae41e4649b934ca495991b7852b855",
receiver (ubuntu-24.04, linux-x86_64)	Run python -I -B tests/cross_machine_acceptance.py receive --bundle transport --artcraft-root .artcraft-source --platform linux-x86_64 --workdir receiver-evidence	2026-10-08T11:57:14.1927190Z     "009-stdout.log": "c9a6db8b925978ca1530ad09d5142b33f8854159b14dc46ce03e6250d8183ce2",
receiver (ubuntu-24.04, linux-x86_64)	Run python -I -B tests/cross_machine_acceptance.py receive --bundle transport --artcraft-root .artcraft-source --platform linux-x86_64 --workdir receiver-evidence	2026-10-08T11:57:14.1927803Z     "010-call.json": "48a9c5968780d0acbb3d3f4607846df1db730d474631a0804f07146efc95c95f",
receiver (ubuntu-24.04, linux-x86_64)	Run python -I -B tests/cross_machine_acceptance.py receive --bundle transport --artcraft-root .artcraft-source --platform linux-x86_64 --workdir receiver-evidence	2026-10-08T11:57:14.1928411Z     "010-stderr.log": "b4c202b635293d130016772d7e2540fa728f80edc7c70b0b1fec779b287d4faa",
receiver (ubuntu-24.04, linux-x86_64)	Run python -I -B tests/cross_machine_acceptance.py receive --bundle transport --artcraft-root .artcraft-source --platform linux-x86_64 --workdir receiver-evidence	2026-10-08T11:57:14.1929021Z     "010-stdout.log": "e3b0c44298fc1c149afbf4c8996fb92427ae41e4649b934ca495991b7852b855",
receiver (ubuntu-24.04, linux-x86_64)	Run python -I -B tests/cross_machine_acceptance.py receive --bundle transport --artcraft-root .artcraft-source --platform linux-x86_64 --workdir receiver-evidence	2026-10-08T11:57:14.1929636Z     "011-call.json": "a9e521b6653537e1f3765fd1fd4a571ecb6c2d9d218672a894cff1fd947e6d2c",
receiver (ubuntu-24.04, linux-x86_64)	Run python -I -B tests/cross_machine_acceptance.py receive --bundle transport --artcraft-root .artcraft-source --platform linux-x86_64 --workdir receiver-evidence	2026-10-08T11:57:14.1930246Z     "011-stderr.log": "1ba1cf857a4592e38d1f52b3726de0ff451a3f83eda4f0872d6804c5e433ae6b",
receiver (ubuntu-24.04, linux-x86_64)	Run python -I -B tests/cross_machine_acceptance.py receive --bundle transport --artcraft-root .artcraft-source --platform linux-x86_64 --workdir receiver-evidence	2026-10-08T11:57:14.1930891Z     "011-stdout.log": "e3b0c44298fc1c149afbf4c8996fb92427ae41e4649b934ca495991b7852b855",
receiver (ubuntu-24.04, linux-x86_64)	Run python -I -B tests/cross_machine_acceptance.py receive --bundle transport --artcraft-root .artcraft-source --platform linux-x86_64 --workdir receiver-evidence	2026-10-08T11:57:14.1931504Z     "012-call.json": "9b34d1e510dd11cd6e0377692497f5b9b427553b412f0f936ec6114469bf74e1",
receiver (ubuntu-24.04, linux-x86_64)	Run python -I -B tests/cross_machine_acceptance.py receive --bundle transport --artcraft-root .artcraft-source --platform linux-x86_64 --workdir receiver-evidence	2026-10-08T11:57:14.1932117Z     "012-stderr.log": "e3b0c44298fc1c149afbf4c8996fb92427ae41e4649b934ca495991b7852b855",
receiver (ubuntu-24.04, linux-x86_64)	Run python -I -B tests/cross_machine_acceptance.py receive --bundle transport --artcraft-root .artcraft-source --platform linux-x86_64 --workdir receiver-evidence	2026-10-08T11:57:14.1932739Z     "012-stdout.log": "3042b33714fbffd033bab2cd986590a887cbb3ffbbe23efbd8e48c12feaf19a7",
receiver (ubuntu-24.04, linux-x86_64)	Run python -I -B tests/cross_machine_acceptance.py receive --bundle transport --artcraft-root .artcraft-source --platform linux-x86_64 --workdir receiver-evidence	2026-10-08T11:57:14.1933350Z     "013-call.json": "74ce35923c725f53e0fc6903830237b3b61329b7a3dc2c6353462e5ca261f6d8",
receiver (ubuntu-24.04, linux-x86_64)	Run python -I -B tests/cross_machine_acceptance.py receive --bundle transport --artcraft-root .artcraft-source --platform linux-x86_64 --workdir receiver-evidence	2026-10-08T11:57:14.1933953Z     "013-stderr.log": "e3b0c44298fc1c149afbf4c8996fb92427ae41e4649b934ca495991b7852b855",
receiver (ubuntu-24.04, linux-x86_64)	Run python -I -B tests/cross_machine_acceptance.py receive --bundle transport --artcraft-root .artcraft-source --platform linux-x86_64 --workdir receiver-evidence	2026-10-08T11:57:14.1934566Z     "013-stdout.log": "0cf48985f7d057eaee7a4039a8c7bac15a45ad4a3123da95cafe7e75708e047f",
receiver (ubuntu-24.04, linux-x86_64)	Run python -I -B tests/cross_machine_acceptance.py receive --bundle transport --artcraft-root .artcraft-source --platform linux-x86_64 --workdir receiver-evidence	2026-10-08T11:57:14.1935241Z     "014-call.json": "a5025f6400798a9f7df39ea6210e6a04b2d89127ff4e29c13b3eec34fab27a65",
receiver (ubuntu-24.04, linux-x86_64)	Run python -I -B tests/cross_machine_acceptance.py receive --bundle transport --artcraft-root .artcraft-source --platform linux-x86_64 --workdir receiver-evidence	2026-10-08T11:57:14.1935992Z     "014-stderr.log": "b4c202b635293d130016772d7e2540fa728f80edc7c70b0b1fec779b287d4faa",
receiver (ubuntu-24.04, linux-x86_64)	Run python -I -B tests/cross_machine_acceptance.py receive --bundle transport --artcraft-root .artcraft-source --platform linux-x86_64 --workdir receiver-evidence	2026-10-08T11:57:14.1936786Z     "014-stdout.log": "e3b0c44298fc1c149afbf4c8996fb92427ae41e4649b934ca495991b7852b855",
receiver (ubuntu-24.04, linux-x86_64)	Run python -I -B tests/cross_machine_acceptance.py receive --bundle transport --artcraft-root .artcraft-source --platform linux-x86_64 --workdir receiver-evidence	2026-10-08T11:57:14.1937400Z     "015-call.json": "7e95d7b9bdf8b3730276eb36838ff7f2e4200aa57dbe96d46d4b478c985f6c7a",
receiver (ubuntu-24.04, linux-x86_64)	Run python -I -B tests/cross_machine_acceptance.py receive --bundle transport --artcraft-root .artcraft-source --platform linux-x86_64 --workdir receiver-evidence	2026-10-08T11:57:14.1938123Z     "015-stderr.log": "1ba1cf857a4592e38d1f52b3726de0ff451a3f83eda4f0872d6804c5e433ae6b",
receiver (ubuntu-24.04, linux-x86_64)	Run python -I -B tests/cross_machine_acceptance.py receive --bundle transport --artcraft-root .artcraft-source --platform linux-x86_64 --workdir receiver-evidence	2026-10-08T11:57:14.1938753Z     "015-stdout.log": "e3b0c44298fc1c149afbf4c8996fb92427ae41e4649b934ca495991b7852b855",
receiver (ubuntu-24.04, linux-x86_64)	Run python -I -B tests/cross_machine_acceptance.py receive --bundle transport --artcraft-root .artcraft-source --platform linux-x86_64 --workdir receiver-evidence	2026-10-08T11:57:14.1939390Z     "delivered-1.pam": "d7d8880f7a70f62efd0f38ed3d4661ed634b91d9807d6fe32a5060761fb25534",
receiver (ubuntu-24.04, linux-x86_64)	Run python -I -B tests/cross_machine_acceptance.py receive --bundle transport --artcraft-root .artcraft-source --platform linux-x86_64 --workdir receiver-evidence	2026-10-08T11:57:14.1940036Z     "delivered-2.pam": "638919dab3c4e77720bd2965a231e689c5133823bccf632c83512d9f474039ac",
receiver (ubuntu-24.04, linux-x86_64)	Run python -I -B tests/cross_machine_acceptance.py receive --bundle transport --artcraft-root .artcraft-source --platform linux-x86_64 --workdir receiver-evidence	2026-10-08T11:57:14.1940668Z     "handoff.json": "366d25257623f48f17e498d9aa762478e9194f707635abbb3b9dad57be2fbf32",
receiver (ubuntu-24.04, linux-x86_64)	Run python -I -B tests/cross_machine_acceptance.py receive --bundle transport --artcraft-root .artcraft-source --platform linux-x86_64 --workdir receiver-evidence	2026-10-08T11:57:14.1941325Z     "receiver-plan.json": "9f80277f71aa9b8abb552d1a42317aed6d6aaadbbfd21047dd4f5d00ac2d8b2c",
receiver (ubuntu-24.04, linux-x86_64)	Run python -I -B tests/cross_machine_acceptance.py receive --bundle transport --artcraft-root .artcraft-source --platform linux-x86_64 --workdir receiver-evidence	2026-10-08T11:57:14.1942039Z     "receiver-revised-1.pam": "d7d8880f7a70f62efd0f38ed3d4661ed634b91d9807d6fe32a5060761fb25534",
receiver (ubuntu-24.04, linux-x86_64)	Run python -I -B tests/cross_machine_acceptance.py receive --bundle transport --artcraft-root .artcraft-source --platform linux-x86_64 --workdir receiver-evidence	2026-10-08T11:57:14.1942765Z     "receiver-revised-2.pam": "638919dab3c4e77720bd2965a231e689c5133823bccf632c83512d9f474039ac",
receiver (ubuntu-24.04, linux-x86_64)	Run python -I -B tests/cross_machine_acceptance.py receive --bundle transport --artcraft-root .artcraft-source --platform linux-x86_64 --workdir receiver-evidence	2026-10-08T11:57:14.1943453Z     "receiver-revised.pdf": "be0344424464c7e60dcc969357a094241d41ba101c03f2c32d2a8234350bc122",
receiver (ubuntu-24.04, linux-x86_64)	Run python -I -B tests/cross_machine_acceptance.py receive --bundle transport --artcraft-root .artcraft-source --platform linux-x86_64 --workdir receiver-evidence	2026-10-08T11:57:14.1944104Z     "tools.json": "8ddb81c0382bacbdebf8ffdf242ec795135abc0a7723eebbe3b14123de64bea1"
receiver (ubuntu-24.04, linux-x86_64)	Run python -I -B tests/cross_machine_acceptance.py receive --bundle transport --artcraft-root .artcraft-source --platform linux-x86_64 --workdir receiver-evidence	2026-10-08T11:57:14.1944519Z   }
receiver (ubuntu-24.04, linux-x86_64)	Run python -I -B tests/cross_machine_acceptance.py receive --bundle transport --artcraft-root .artcraft-source --platform linux-x86_64 --workdir receiver-evidence	2026-10-08T11:57:14.1944704Z }
receiver (ubuntu-24.04, linux-x86_64)	Run actions/upload-artifact@v4	﻿2026-10-08T11:57:14.2084661Z ##[group]Run actions/upload-artifact@v4
receiver (ubuntu-24.04, linux-x86_64)	Run actions/upload-artifact@v4	2026-10-08T11:57:14.2084995Z with:
receiver (ubuntu-24.04, linux-x86_64)	Run actions/upload-artifact@v4	2026-10-08T11:57:14.2085215Z   name: receiver-linux-x86_64-37773443950
receiver (ubuntu-24.04, linux-x86_64)	Run actions/upload-artifact@v4	2026-10-08T11:57:14.2086209Z   path: receiver-evidence/*.json
receiver (ubuntu-24.04, linux-x86_64)	Run actions/upload-artifact@v4	receiver-evidence/*.log
receiver (ubuntu-24.04, linux-x86_64)	Run actions/upload-artifact@v4	receiver-evidence/*.pdf
receiver (ubuntu-24.04, linux-x86_64)	Run actions/upload-artifact@v4	receiver-evidence/*.pam
receiver (ubuntu-24.04, linux-x86_64)	Run actions/upload-artifact@v4	
receiver (ubuntu-24.04, linux-x86_64)	Run actions/upload-artifact@v4	2026-10-08T11:57:14.2086773Z   if-no-files-found: error
receiver (ubuntu-24.04, linux-x86_64)	Run actions/upload-artifact@v4	2026-10-08T11:57:14.2087019Z   compression-level: 6
receiver (ubuntu-24.04, linux-x86_64)	Run actions/upload-artifact@v4	2026-10-08T11:57:14.2087241Z   overwrite: false
receiver (ubuntu-24.04, linux-x86_64)	Run actions/upload-artifact@v4	2026-10-08T11:57:14.2087456Z   include-hidden-files: false
receiver (ubuntu-24.04, linux-x86_64)	Run actions/upload-artifact@v4	2026-10-08T11:57:14.2087693Z env:
receiver (ubuntu-24.04, linux-x86_64)	Run actions/upload-artifact@v4	2026-10-08T11:57:14.2087944Z   pythonLocation: /opt/hostedtoolcache/Python/3.13.16/x64
receiver (ubuntu-24.04, linux-x86_64)	Run actions/upload-artifact@v4	2026-10-08T11:57:14.2088379Z   PKG_CONFIG_PATH: /opt/hostedtoolcache/Python/3.13.16/x64/lib/pkgconfig
receiver (ubuntu-24.04, linux-x86_64)	Run actions/upload-artifact@v4	2026-10-08T11:57:14.2088826Z   Python_ROOT_DIR: /opt/hostedtoolcache/Python/3.13.16/x64
receiver (ubuntu-24.04, linux-x86_64)	Run actions/upload-artifact@v4	2026-10-08T11:57:14.2089211Z   Python2_ROOT_DIR: /opt/hostedtoolcache/Python/3.13.16/x64
receiver (ubuntu-24.04, linux-x86_64)	Run actions/upload-artifact@v4	2026-10-08T11:57:14.2089598Z   Python3_ROOT_DIR: /opt/hostedtoolcache/Python/3.13.16/x64
receiver (ubuntu-24.04, linux-x86_64)	Run actions/upload-artifact@v4	2026-10-08T11:57:14.2089991Z   LD_LIBRARY_PATH: /opt/hostedtoolcache/Python/3.13.16/x64/lib
receiver (ubuntu-24.04, linux-x86_64)	Run actions/upload-artifact@v4	2026-10-08T11:57:14.2090350Z ##[endgroup]
receiver (ubuntu-24.04, linux-x86_64)	Run actions/upload-artifact@v4	2026-10-08T11:57:14.3786248Z (node:2507) [DEP0040] DeprecationWarning: The `punycode` module is deprecated. Please use a userland alternative instead.
receiver (ubuntu-24.04, linux-x86_64)	Run actions/upload-artifact@v4	2026-10-08T11:57:14.3787842Z (Use `node --trace-deprecation ...` to show where the warning was created)
receiver (ubuntu-24.04, linux-x86_64)	Run actions/upload-artifact@v4	2026-10-08T11:57:14.3986497Z With the provided path, there will be 54 files uploaded
receiver (ubuntu-24.04, linux-x86_64)	Run actions/upload-artifact@v4	2026-10-08T11:57:14.3988022Z Artifact name is valid!
receiver (ubuntu-24.04, linux-x86_64)	Run actions/upload-artifact@v4	2026-10-08T11:57:14.3988891Z Root directory input is valid!
receiver (ubuntu-24.04, linux-x86_64)	Run actions/upload-artifact@v4	2026-10-08T11:57:14.6083130Z Beginning upload of artifact content to blob storage
receiver (ubuntu-24.04, linux-x86_64)	Run actions/upload-artifact@v4	2026-10-08T11:57:14.6923192Z (node:2507) [DEP0169] DeprecationWarning: `url.parse()` behavior is not standardized and prone to errors that have security implications. Use the WHATWG URL API instead. CVEs are not issued for `url.parse()` vulnerabilities.
receiver (ubuntu-24.04, linux-x86_64)	Run actions/upload-artifact@v4	2026-10-08T11:57:14.7446568Z Uploaded bytes 64324
receiver (ubuntu-24.04, linux-x86_64)	Run actions/upload-artifact@v4	2026-10-08T11:57:14.7628964Z Finished uploading artifact content to blob storage!
receiver (ubuntu-24.04, linux-x86_64)	Run actions/upload-artifact@v4	2026-10-08T11:57:14.7630433Z SHA256 digest of uploaded artifact zip is 8e310f64a5d9557285b0e53df1329a486aea1b1ecbee54075508a05489ec7c81
receiver (ubuntu-24.04, linux-x86_64)	Run actions/upload-artifact@v4	2026-10-08T11:57:14.7631840Z Finalizing artifact upload
receiver (ubuntu-24.04, linux-x86_64)	Run actions/upload-artifact@v4	2026-10-08T11:57:14.9749145Z Artifact receiver-linux-x86_64-37773443950.zip successfully finalized. Artifact ID 11549175098
receiver (ubuntu-24.04, linux-x86_64)	Run actions/upload-artifact@v4	2026-10-08T11:57:14.9751093Z Artifact receiver-linux-x86_64-37773443950 has been successfully uploaded! Final size is 64324 bytes. Artifact ID is 11549175098
receiver (ubuntu-24.04, linux-x86_64)	Run actions/upload-artifact@v4	2026-10-08T11:57:14.9757589Z Artifact download URL: https://github.com/full-aigc-skills/printcraft-skills/actions/runs/37773443950/artifacts/11549175098
receiver (ubuntu-24.04, linux-x86_64)	Post Run actions/setup-node@v4	﻿2026-10-08T11:57:14.9931875Z Post job cleanup.
receiver (ubuntu-24.04, linux-x86_64)	Post Run actions/setup-node@v4	2026-10-08T11:57:15.1216044Z (node:2519) [DEP0040] DeprecationWarning: The `punycode` module is deprecated. Please use a userland alternative instead.
receiver (ubuntu-24.04, linux-x86_64)	Post Run actions/setup-node@v4	2026-10-08T11:57:15.1217315Z (Use `node --trace-deprecation ...` to show where the warning was created)
receiver (ubuntu-24.04, linux-x86_64)	Post Run actions/setup-python@v5	﻿2026-10-08T11:57:15.1376855Z Post job cleanup.
receiver (ubuntu-24.04, linux-x86_64)	Post Run actions/setup-python@v5	2026-10-08T11:57:15.2637847Z (node:2527) [DEP0040] DeprecationWarning: The `punycode` module is deprecated. Please use a userland alternative instead.
receiver (ubuntu-24.04, linux-x86_64)	Post Run actions/setup-python@v5	2026-10-08T11:57:15.2639409Z (Use `node --trace-deprecation ...` to show where the warning was created)
receiver (ubuntu-24.04, linux-x86_64)	Post Run actions/checkout@v4	﻿2026-10-08T11:57:15.2903850Z Post job cleanup.
receiver (ubuntu-24.04, linux-x86_64)	Post Run actions/checkout@v4	2026-10-08T11:57:15.3876093Z [command]/usr/bin/git version
receiver (ubuntu-24.04, linux-x86_64)	Post Run actions/checkout@v4	2026-10-08T11:57:15.3943702Z git version 2.55.0
receiver (ubuntu-24.04, linux-x86_64)	Post Run actions/checkout@v4	2026-10-08T11:57:15.4004751Z Temporarily overriding HOME='/home/runner/work/_temp/970e6118-48bf-404d-9969-d8cf3fc0af4f' before making global git config changes
receiver (ubuntu-24.04, linux-x86_64)	Post Run actions/checkout@v4	2026-10-08T11:57:15.4019162Z Adding repository directory to the temporary git global config as a safe directory
receiver (ubuntu-24.04, linux-x86_64)	Post Run actions/checkout@v4	2026-10-08T11:57:15.4030318Z [command]/usr/bin/git config --global --add safe.directory /home/runner/work/printcraft-skills/printcraft-skills/.artcraft-source
receiver (ubuntu-24.04, linux-x86_64)	Post Run actions/checkout@v4	2026-10-08T11:57:15.4076670Z [command]/usr/bin/git config --local --name-only --get-regexp core\.sshCommand
receiver (ubuntu-24.04, linux-x86_64)	Post Run actions/checkout@v4	2026-10-08T11:57:15.4150632Z [command]/usr/bin/git submodule foreach --recursive sh -c "git config --local --name-only --get-regexp 'core\.sshCommand' && git config --local --unset-all 'core.sshCommand' || :"
receiver (ubuntu-24.04, linux-x86_64)	Post Run actions/checkout@v4	2026-10-08T11:57:15.4537012Z [command]/usr/bin/git config --local --name-only --get-regexp http\.https\:\/\/github\.com\/\.extraheader
receiver (ubuntu-24.04, linux-x86_64)	Post Run actions/checkout@v4	2026-10-08T11:57:15.4562645Z http.https://github.com/.extraheader
receiver (ubuntu-24.04, linux-x86_64)	Post Run actions/checkout@v4	2026-10-08T11:57:15.4596354Z [command]/usr/bin/git config --local --unset-all http.https://github.com/.extraheader
receiver (ubuntu-24.04, linux-x86_64)	Post Run actions/checkout@v4	2026-10-08T11:57:15.4649762Z [command]/usr/bin/git submodule foreach --recursive sh -c "git config --local --name-only --get-regexp 'http\.https\:\/\/github\.com\/\.extraheader' && git config --local --unset-all 'http.https://github.com/.extraheader' || :"
receiver (ubuntu-24.04, linux-x86_64)	Post Run actions/checkout@v4	2026-10-08T11:57:15.4988957Z [command]/usr/bin/git config --local --name-only --get-regexp ^includeIf\.gitdir:
receiver (ubuntu-24.04, linux-x86_64)	Post Run actions/checkout@v4	2026-10-08T11:57:15.5046674Z [command]/usr/bin/git submodule foreach --recursive git config --local --show-origin --name-only --get-regexp remote.origin.url
receiver (ubuntu-24.04, linux-x86_64)	Post Run actions/checkout@v4	﻿2026-10-08T11:57:15.5481644Z Post job cleanup.
receiver (ubuntu-24.04, linux-x86_64)	Post Run actions/checkout@v4	2026-10-08T11:57:15.6419574Z [command]/usr/bin/git version
receiver (ubuntu-24.04, linux-x86_64)	Post Run actions/checkout@v4	2026-10-08T11:57:15.6466881Z git version 2.55.0
receiver (ubuntu-24.04, linux-x86_64)	Post Run actions/checkout@v4	2026-10-08T11:57:15.6511510Z Temporarily overriding HOME='/home/runner/work/_temp/202678d4-4c7f-4c40-8e55-69d04b377492' before making global git config changes
receiver (ubuntu-24.04, linux-x86_64)	Post Run actions/checkout@v4	2026-10-08T11:57:15.6513654Z Adding repository directory to the temporary git global config as a safe directory
receiver (ubuntu-24.04, linux-x86_64)	Post Run actions/checkout@v4	2026-10-08T11:57:15.6527298Z [command]/usr/bin/git config --global --add safe.directory /home/runner/work/printcraft-skills/printcraft-skills
receiver (ubuntu-24.04, linux-x86_64)	Post Run actions/checkout@v4	2026-10-08T11:57:15.6565366Z [command]/usr/bin/git config --local --name-only --get-regexp core\.sshCommand
receiver (ubuntu-24.04, linux-x86_64)	Post Run actions/checkout@v4	2026-10-08T11:57:15.6605130Z [command]/usr/bin/git submodule foreach --recursive sh -c "git config --local --name-only --get-regexp 'core\.sshCommand' && git config --local --unset-all 'core.sshCommand' || :"
receiver (ubuntu-24.04, linux-x86_64)	Post Run actions/checkout@v4	2026-10-08T11:57:15.6866400Z [command]/usr/bin/git config --local --name-only --get-regexp http\.https\:\/\/github\.com\/\.extraheader
receiver (ubuntu-24.04, linux-x86_64)	Post Run actions/checkout@v4	2026-10-08T11:57:15.6890932Z http.https://github.com/.extraheader
receiver (ubuntu-24.04, linux-x86_64)	Post Run actions/checkout@v4	2026-10-08T11:57:15.6906772Z [command]/usr/bin/git config --local --unset-all http.https://github.com/.extraheader
receiver (ubuntu-24.04, linux-x86_64)	Post Run actions/checkout@v4	2026-10-08T11:57:15.6944347Z [command]/usr/bin/git submodule foreach --recursive sh -c "git config --local --name-only --get-regexp 'http\.https\:\/\/github\.com\/\.extraheader' && git config --local --unset-all 'http.https://github.com/.extraheader' || :"
receiver (ubuntu-24.04, linux-x86_64)	Post Run actions/checkout@v4	2026-10-08T11:57:15.7219332Z [command]/usr/bin/git config --local --name-only --get-regexp ^includeIf\.gitdir:
receiver (ubuntu-24.04, linux-x86_64)	Post Run actions/checkout@v4	2026-10-08T11:57:15.7260026Z [command]/usr/bin/git submodule foreach --recursive git config --local --show-origin --name-only --get-regexp remote.origin.url
receiver (ubuntu-24.04, linux-x86_64)	Complete job	﻿2026-10-08T11:57:15.7672553Z Cleaning up orphan processes
receiver (ubuntu-24.04, linux-x86_64)	Complete job	2026-10-08T11:57:15.7973725Z ##[warning]Node.js 20 is deprecated. The following actions target Node.js 20 but are being forced to run on Node.js 24: actions/checkout@v4, actions/download-artifact@v4, actions/setup-node@v4, actions/setup-python@v5, actions/upload-artifact@v4. For more information see: https://github.blog/changelog/2025-09-19-deprecation-of-node-20-on-github-actions-runners/
