native (windows-2025, windows-x86_64)	Set up job	﻿2026-10-08T11:44:27.6683977Z Current runner version: '2.337.0'
native (windows-2025, windows-x86_64)	Set up job	2026-10-08T11:44:27.6719378Z ##[group]Runner Image Provisioner
native (windows-2025, windows-x86_64)	Set up job	2026-10-08T11:44:27.6720042Z Hosted Compute Agent
native (windows-2025, windows-x86_64)	Set up job	2026-10-08T11:44:27.6720398Z Version: 20260901.588
native (windows-2025, windows-x86_64)	Set up job	2026-10-08T11:44:27.6720733Z Commit: f88ec8081b781fac6c440065ac7ff9e710ce3d0b
native (windows-2025, windows-x86_64)	Set up job	2026-10-08T11:44:27.6721191Z Build Date: 2026-09-01T19:56:44Z
native (windows-2025, windows-x86_64)	Set up job	2026-10-08T11:44:27.6721596Z Worker ID: {0b2c8e35-91ad-4267-a0e0-19296dbb85e4}
native (windows-2025, windows-x86_64)	Set up job	2026-10-08T11:44:27.6722021Z Azure Region: centralus
native (windows-2025, windows-x86_64)	Set up job	2026-10-08T11:44:27.6722622Z ##[endgroup]
native (windows-2025, windows-x86_64)	Set up job	2026-10-08T11:44:27.6723460Z ##[group]Operating System
native (windows-2025, windows-x86_64)	Set up job	2026-10-08T11:44:27.6723803Z Microsoft Windows Server 2025
native (windows-2025, windows-x86_64)	Set up job	2026-10-08T11:44:27.6724134Z 10.0.26100
native (windows-2025, windows-x86_64)	Set up job	2026-10-08T11:44:27.6724409Z Datacenter
native (windows-2025, windows-x86_64)	Set up job	2026-10-08T11:44:27.6724732Z ##[endgroup]
native (windows-2025, windows-x86_64)	Set up job	2026-10-08T11:44:27.6725026Z ##[group]Runner Image
native (windows-2025, windows-x86_64)	Set up job	2026-10-08T11:44:27.6725346Z Image: windows-2025-vs2026
native (windows-2025, windows-x86_64)	Set up job	2026-10-08T11:44:27.6725666Z Version: 20260925.250.1
native (windows-2025, windows-x86_64)	Set up job	2026-10-08T11:44:27.6726256Z Included Software: https://github.com/actions/runner-images/blob/win25-vs2026/20260925.250/images/windows/Windows2025-VS2026-Readme.md
native (windows-2025, windows-x86_64)	Set up job	2026-10-08T11:44:27.6727341Z Image Release: https://github.com/actions/runner-images/releases/tag/win25-vs2026%2F20260925.250
native (windows-2025, windows-x86_64)	Set up job	2026-10-08T11:44:27.6727874Z ##[endgroup]
native (windows-2025, windows-x86_64)	Set up job	2026-10-08T11:44:27.6728450Z ##[group]GITHUB_TOKEN Permissions
native (windows-2025, windows-x86_64)	Set up job	2026-10-08T11:44:27.6729671Z Contents: read
native (windows-2025, windows-x86_64)	Set up job	2026-10-08T11:44:27.6730004Z Metadata: read
native (windows-2025, windows-x86_64)	Set up job	2026-10-08T11:44:27.6730314Z ##[endgroup]
native (windows-2025, windows-x86_64)	Set up job	2026-10-08T11:44:27.6731611Z Secret source: Actions
native (windows-2025, windows-x86_64)	Set up job	2026-10-08T11:44:27.6732113Z Cache mode: write
native (windows-2025, windows-x86_64)	Set up job	2026-10-08T11:44:27.6732500Z Prepare workflow directory
native (windows-2025, windows-x86_64)	Set up job	2026-10-08T11:44:27.6963918Z Prepare all required actions
native (windows-2025, windows-x86_64)	Set up job	2026-10-08T11:44:27.7005968Z Getting action download info
native (windows-2025, windows-x86_64)	Set up job	2026-10-08T11:44:27.9289972Z Download action repository 'actions/checkout@v4' (SHA:11d5960a326750d5838078e36cf38b85af677262)
native (windows-2025, windows-x86_64)	Set up job	2026-10-08T11:44:28.0119739Z Download action repository 'actions/setup-python@v5' (SHA:a26af69be951a213d495a4c3e4e4022e16d87065)
native (windows-2025, windows-x86_64)	Set up job	2026-10-08T11:44:28.1393818Z Download action repository 'actions/upload-artifact@v4' (SHA:ea165f8d65b6e75b540449e92b4886f43607fa02)
native (windows-2025, windows-x86_64)	Set up job	2026-10-08T11:44:28.3885835Z Complete job name: native (windows-2025, windows-x86_64)
native (windows-2025, windows-x86_64)	Run actions/checkout@v4	﻿2026-10-08T11:44:28.5015413Z ##[group]Run actions/checkout@v4
native (windows-2025, windows-x86_64)	Run actions/checkout@v4	2026-10-08T11:44:28.5016098Z with:
native (windows-2025, windows-x86_64)	Run actions/checkout@v4	2026-10-08T11:44:28.5016347Z   repository: full-aigc-skills/printcraft-skills
native (windows-2025, windows-x86_64)	Run actions/checkout@v4	2026-10-08T11:44:28.5018335Z   token: ***
native (windows-2025, windows-x86_64)	Run actions/checkout@v4	2026-10-08T11:44:28.5018541Z   ssh-strict: true
native (windows-2025, windows-x86_64)	Run actions/checkout@v4	2026-10-08T11:44:28.5018749Z   ssh-user: git
native (windows-2025, windows-x86_64)	Run actions/checkout@v4	2026-10-08T11:44:28.5018966Z   persist-credentials: true
native (windows-2025, windows-x86_64)	Run actions/checkout@v4	2026-10-08T11:44:28.5019201Z   clean: true
native (windows-2025, windows-x86_64)	Run actions/checkout@v4	2026-10-08T11:44:28.5019416Z   sparse-checkout-cone-mode: true
native (windows-2025, windows-x86_64)	Run actions/checkout@v4	2026-10-08T11:44:28.5019670Z   fetch-depth: 1
native (windows-2025, windows-x86_64)	Run actions/checkout@v4	2026-10-08T11:44:28.5019876Z   fetch-tags: false
native (windows-2025, windows-x86_64)	Run actions/checkout@v4	2026-10-08T11:44:28.5020235Z   show-progress: true
native (windows-2025, windows-x86_64)	Run actions/checkout@v4	2026-10-08T11:44:28.5020447Z   lfs: false
native (windows-2025, windows-x86_64)	Run actions/checkout@v4	2026-10-08T11:44:28.5020649Z   submodules: false
native (windows-2025, windows-x86_64)	Run actions/checkout@v4	2026-10-08T11:44:28.5020865Z   set-safe-directory: true
native (windows-2025, windows-x86_64)	Run actions/checkout@v4	2026-10-08T11:44:28.5021112Z   allow-unsafe-pr-checkout: false
native (windows-2025, windows-x86_64)	Run actions/checkout@v4	2026-10-08T11:44:28.5021478Z ##[endgroup]
native (windows-2025, windows-x86_64)	Run actions/checkout@v4	2026-10-08T11:44:28.5961978Z Syncing repository: full-aigc-skills/printcraft-skills
native (windows-2025, windows-x86_64)	Run actions/checkout@v4	2026-10-08T11:44:28.5964112Z ##[group]Getting Git version info
native (windows-2025, windows-x86_64)	Run actions/checkout@v4	2026-10-08T11:44:28.5964619Z Working directory is 'D:\a\printcraft-skills\printcraft-skills'
native (windows-2025, windows-x86_64)	Run actions/checkout@v4	2026-10-08T11:44:28.6457644Z [command]"C:\Program Files\Git\bin\git.exe" version
native (windows-2025, windows-x86_64)	Run actions/checkout@v4	2026-10-08T11:44:29.2004882Z git version 2.55.0.windows.5
native (windows-2025, windows-x86_64)	Run actions/checkout@v4	2026-10-08T11:44:29.2039381Z ##[endgroup]
native (windows-2025, windows-x86_64)	Run actions/checkout@v4	2026-10-08T11:44:29.2052775Z Temporarily overriding HOME='D:\a\_temp\66960245-ff34-47cb-bdcb-f7bfe1218c45' before making global git config changes
native (windows-2025, windows-x86_64)	Run actions/checkout@v4	2026-10-08T11:44:29.2053501Z Adding repository directory to the temporary git global config as a safe directory
native (windows-2025, windows-x86_64)	Run actions/checkout@v4	2026-10-08T11:44:29.2059592Z [command]"C:\Program Files\Git\bin\git.exe" config --global --add safe.directory D:\a\printcraft-skills\printcraft-skills
native (windows-2025, windows-x86_64)	Run actions/checkout@v4	2026-10-08T11:44:29.2606623Z Deleting the contents of 'D:\a\printcraft-skills\printcraft-skills'
native (windows-2025, windows-x86_64)	Run actions/checkout@v4	2026-10-08T11:44:29.2610293Z ##[group]Initializing the repository
native (windows-2025, windows-x86_64)	Run actions/checkout@v4	2026-10-08T11:44:29.2615903Z [command]"C:\Program Files\Git\bin\git.exe" init D:\a\printcraft-skills\printcraft-skills
native (windows-2025, windows-x86_64)	Run actions/checkout@v4	2026-10-08T11:44:29.3365736Z Initialized empty Git repository in D:/a/printcraft-skills/printcraft-skills/.git/
native (windows-2025, windows-x86_64)	Run actions/checkout@v4	2026-10-08T11:44:29.3394083Z [command]"C:\Program Files\Git\bin\git.exe" remote add origin https://github.com/full-aigc-skills/printcraft-skills
native (windows-2025, windows-x86_64)	Run actions/checkout@v4	2026-10-08T11:44:29.4165045Z ##[endgroup]
native (windows-2025, windows-x86_64)	Run actions/checkout@v4	2026-10-08T11:44:29.4165538Z ##[group]Disabling automatic garbage collection
native (windows-2025, windows-x86_64)	Run actions/checkout@v4	2026-10-08T11:44:29.4176136Z [command]"C:\Program Files\Git\bin\git.exe" config --local gc.auto 0
native (windows-2025, windows-x86_64)	Run actions/checkout@v4	2026-10-08T11:44:29.4524121Z ##[endgroup]
native (windows-2025, windows-x86_64)	Run actions/checkout@v4	2026-10-08T11:44:29.4524803Z ##[group]Setting up auth
native (windows-2025, windows-x86_64)	Run actions/checkout@v4	2026-10-08T11:44:29.4532877Z [command]"C:\Program Files\Git\bin\git.exe" config --local --name-only --get-regexp core\.sshCommand
native (windows-2025, windows-x86_64)	Run actions/checkout@v4	2026-10-08T11:44:29.4734546Z [command]"C:\Program Files\Git\bin\git.exe" submodule foreach --recursive "sh -c \"git config --local --name-only --get-regexp 'core\.sshCommand' && git config --local --unset-all 'core.sshCommand' || :\""
native (windows-2025, windows-x86_64)	Run actions/checkout@v4	2026-10-08T11:44:30.8241337Z [command]"C:\Program Files\Git\bin\git.exe" config --local --name-only --get-regexp http\.https\:\/\/github\.com\/\.extraheader
native (windows-2025, windows-x86_64)	Run actions/checkout@v4	2026-10-08T11:44:30.8425699Z [command]"C:\Program Files\Git\bin\git.exe" submodule foreach --recursive "sh -c \"git config --local --name-only --get-regexp 'http\.https\:\/\/github\.com\/\.extraheader' && git config --local --unset-all 'http.https://github.com/.extraheader' || :\""
native (windows-2025, windows-x86_64)	Run actions/checkout@v4	2026-10-08T11:44:31.2135616Z [command]"C:\Program Files\Git\bin\git.exe" config --local --name-only --get-regexp ^includeIf\.gitdir:
native (windows-2025, windows-x86_64)	Run actions/checkout@v4	2026-10-08T11:44:31.2331272Z [command]"C:\Program Files\Git\bin\git.exe" submodule foreach --recursive "git config --local --show-origin --name-only --get-regexp remote.origin.url"
native (windows-2025, windows-x86_64)	Run actions/checkout@v4	2026-10-08T11:44:31.7072997Z [command]"C:\Program Files\Git\bin\git.exe" config --local http.https://github.com/.extraheader "AUTHORIZATION: basic ***"
native (windows-2025, windows-x86_64)	Run actions/checkout@v4	2026-10-08T11:44:31.7300086Z ##[endgroup]
native (windows-2025, windows-x86_64)	Run actions/checkout@v4	2026-10-08T11:44:31.7300594Z ##[group]Fetching the repository
native (windows-2025, windows-x86_64)	Run actions/checkout@v4	2026-10-08T11:44:31.7312377Z [command]"C:\Program Files\Git\bin\git.exe" -c protocol.version=2 fetch --no-tags --prune --no-recurse-submodules --depth=1 origin +bad64e181e1b6b4e8d60e10cdb7623b6d2710d74:refs/remotes/origin/main
native (windows-2025, windows-x86_64)	Run actions/checkout@v4	2026-10-08T11:44:32.9300706Z From https://github.com/full-aigc-skills/printcraft-skills
native (windows-2025, windows-x86_64)	Run actions/checkout@v4	2026-10-08T11:44:32.9331522Z  * [new ref]         bad64e181e1b6b4e8d60e10cdb7623b6d2710d74 -> origin/main
native (windows-2025, windows-x86_64)	Run actions/checkout@v4	2026-10-08T11:44:32.9332777Z ##[endgroup]
native (windows-2025, windows-x86_64)	Run actions/checkout@v4	2026-10-08T11:44:32.9333037Z ##[group]Determining the checkout info
native (windows-2025, windows-x86_64)	Run actions/checkout@v4	2026-10-08T11:44:32.9333956Z ##[endgroup]
native (windows-2025, windows-x86_64)	Run actions/checkout@v4	2026-10-08T11:44:32.9343130Z [command]"C:\Program Files\Git\bin\git.exe" sparse-checkout disable
native (windows-2025, windows-x86_64)	Run actions/checkout@v4	2026-10-08T11:44:32.9668199Z [command]"C:\Program Files\Git\bin\git.exe" config --local --unset-all extensions.worktreeConfig
native (windows-2025, windows-x86_64)	Run actions/checkout@v4	2026-10-08T11:44:32.9864701Z ##[group]Checking out the ref
native (windows-2025, windows-x86_64)	Run actions/checkout@v4	2026-10-08T11:44:32.9870898Z [command]"C:\Program Files\Git\bin\git.exe" checkout --progress --force -B main refs/remotes/origin/main
native (windows-2025, windows-x86_64)	Run actions/checkout@v4	2026-10-08T11:44:33.0765014Z Switched to a new branch 'main'
native (windows-2025, windows-x86_64)	Run actions/checkout@v4	2026-10-08T11:44:33.0820513Z branch 'main' set up to track 'origin/main'.
native (windows-2025, windows-x86_64)	Run actions/checkout@v4	2026-10-08T11:44:33.0855090Z ##[endgroup]
native (windows-2025, windows-x86_64)	Run actions/checkout@v4	2026-10-08T11:44:33.1156263Z [command]"C:\Program Files\Git\bin\git.exe" log -1 --format=%H
native (windows-2025, windows-x86_64)	Run actions/checkout@v4	2026-10-08T11:44:33.1319643Z bad64e181e1b6b4e8d60e10cdb7623b6d2710d74
native (windows-2025, windows-x86_64)	Run actions/setup-python@v5	﻿2026-10-08T11:44:33.1656741Z ##[group]Run actions/setup-python@v5
native (windows-2025, windows-x86_64)	Run actions/setup-python@v5	2026-10-08T11:44:33.1656987Z with:
native (windows-2025, windows-x86_64)	Run actions/setup-python@v5	2026-10-08T11:44:33.1657104Z   python-version: 3.13
native (windows-2025, windows-x86_64)	Run actions/setup-python@v5	2026-10-08T11:44:33.1657240Z   check-latest: false
native (windows-2025, windows-x86_64)	Run actions/setup-python@v5	2026-10-08T11:44:33.1658601Z   token: ***
native (windows-2025, windows-x86_64)	Run actions/setup-python@v5	2026-10-08T11:44:33.1658712Z   update-environment: true
native (windows-2025, windows-x86_64)	Run actions/setup-python@v5	2026-10-08T11:44:33.1658839Z   allow-prereleases: false
native (windows-2025, windows-x86_64)	Run actions/setup-python@v5	2026-10-08T11:44:33.1658962Z   freethreaded: false
native (windows-2025, windows-x86_64)	Run actions/setup-python@v5	2026-10-08T11:44:33.1659080Z ##[endgroup]
native (windows-2025, windows-x86_64)	Run actions/setup-python@v5	2026-10-08T11:44:33.2751913Z ##[group]Installed versions
native (windows-2025, windows-x86_64)	Run actions/setup-python@v5	2026-10-08T11:44:33.2945015Z (node:7216) [DEP0040] DeprecationWarning: The `punycode` module is deprecated. Please use a userland alternative instead.
native (windows-2025, windows-x86_64)	Run actions/setup-python@v5	2026-10-08T11:44:33.2946516Z (Use `node --trace-deprecation ...` to show where the warning was created)
native (windows-2025, windows-x86_64)	Run actions/setup-python@v5	2026-10-08T11:44:33.2946867Z Successfully set up CPython (3.13.15)
native (windows-2025, windows-x86_64)	Run actions/setup-python@v5	2026-10-08T11:44:33.2947146Z ##[endgroup]
native (windows-2025, windows-x86_64)	Execute official pinned binary on actual platform	﻿2026-10-08T11:44:33.3175808Z ##[group]Run python -I -B tests/platform_acceptance.py --platform windows-x86_64 --workdir native-evidence --with-english-models
native (windows-2025, windows-x86_64)	Execute official pinned binary on actual platform	2026-10-08T11:44:33.3176407Z ^[[36;1mpython -I -B tests/platform_acceptance.py --platform windows-x86_64 --workdir native-evidence --with-english-models^[[0m
native (windows-2025, windows-x86_64)	Execute official pinned binary on actual platform	2026-10-08T11:44:33.3785881Z shell: C:\Program Files\PowerShell\7\pwsh.EXE -command ". '{0}'"
native (windows-2025, windows-x86_64)	Execute official pinned binary on actual platform	2026-10-08T11:44:33.3786100Z env:
native (windows-2025, windows-x86_64)	Execute official pinned binary on actual platform	2026-10-08T11:44:33.3786261Z   pythonLocation: C:\hostedtoolcache\windows\Python\3.13.15\x64
native (windows-2025, windows-x86_64)	Execute official pinned binary on actual platform	2026-10-08T11:44:33.3786530Z   PKG_CONFIG_PATH: C:\hostedtoolcache\windows\Python\3.13.15\x64/lib/pkgconfig
native (windows-2025, windows-x86_64)	Execute official pinned binary on actual platform	2026-10-08T11:44:33.3786783Z   Python_ROOT_DIR: C:\hostedtoolcache\windows\Python\3.13.15\x64
native (windows-2025, windows-x86_64)	Execute official pinned binary on actual platform	2026-10-08T11:44:33.3787048Z   Python2_ROOT_DIR: C:\hostedtoolcache\windows\Python\3.13.15\x64
native (windows-2025, windows-x86_64)	Execute official pinned binary on actual platform	2026-10-08T11:44:33.3787319Z   Python3_ROOT_DIR: C:\hostedtoolcache\windows\Python\3.13.15\x64
native (windows-2025, windows-x86_64)	Execute official pinned binary on actual platform	2026-10-08T11:44:33.3787499Z ##[endgroup]
native (windows-2025, windows-x86_64)	Execute official pinned binary on actual platform	2026-10-08T11:44:37.7101096Z {
native (windows-2025, windows-x86_64)	Execute official pinned binary on actual platform	2026-10-08T11:44:37.7101505Z   "contract": "printcraft.native-platform-evidence/1",
native (windows-2025, windows-x86_64)	Execute official pinned binary on actual platform	2026-10-08T11:44:37.7102008Z   "platform": "windows-x86_64",
native (windows-2025, windows-x86_64)	Execute official pinned binary on actual platform	2026-10-08T11:44:37.7102286Z   "sourceCommit": "bad64e181e1b6b4e8d60e10cdb7623b6d2710d74",
native (windows-2025, windows-x86_64)	Execute official pinned binary on actual platform	2026-10-08T11:44:37.7102570Z   "startedAt": "2026-10-08T11:44:35.306588+00:00",
native (windows-2025, windows-x86_64)	Execute official pinned binary on actual platform	2026-10-08T11:44:37.7102793Z   "sourceFiles": {
native (windows-2025, windows-x86_64)	Execute official pinned binary on actual platform	2026-10-08T11:44:37.7103132Z     "tests\\platform_acceptance.py": "5bad75cb385c12c26c9c7c1a489d141d208258834e42bdda2c6282b026a36325",
native (windows-2025, windows-x86_64)	Execute official pinned binary on actual platform	2026-10-08T11:44:37.7103870Z     "tests\\platform-artifacts.json": "8c03b465e51e8f53bb337ffef75eb67cba12d945c3c319ad70619bbe01929717",
native (windows-2025, windows-x86_64)	Execute official pinned binary on actual platform	2026-10-08T11:44:37.7104427Z     "tests\\fixtures\\make_pdf.py": "c41f12f867c5f81e359c3197373214c65e89fc2e58ff5643198afbffd4ac7993",
native (windows-2025, windows-x86_64)	Execute official pinned binary on actual platform	2026-10-08T11:44:37.7104953Z     "tests/ocr-models.json": "ee3d3f82d18485cf57f74bd551ba039c705ae3d9fb139e607e75822cf94a7fa8",
native (windows-2025, windows-x86_64)	Execute official pinned binary on actual platform	2026-10-08T11:44:37.7105495Z     "tests/fixtures/scan_pdf.py": "b04c9bf09d7e3645f915c58539778ea9b2b5c26bce03067c28ded640c1831605"
native (windows-2025, windows-x86_64)	Execute official pinned binary on actual platform	2026-10-08T11:44:37.7105851Z   },
native (windows-2025, windows-x86_64)	Execute official pinned binary on actual platform	2026-10-08T11:44:37.7105991Z   "host": {
native (windows-2025, windows-x86_64)	Execute official pinned binary on actual platform	2026-10-08T11:44:37.7106140Z     "system": "Windows",
native (windows-2025, windows-x86_64)	Execute official pinned binary on actual platform	2026-10-08T11:44:37.7106307Z     "machine": "AMD64",
native (windows-2025, windows-x86_64)	Execute official pinned binary on actual platform	2026-10-08T11:44:37.7106481Z     "release": "2025Server",
native (windows-2025, windows-x86_64)	Execute official pinned binary on actual platform	2026-10-08T11:44:37.7106656Z     "python": "3.13.15"
native (windows-2025, windows-x86_64)	Execute official pinned binary on actual platform	2026-10-08T11:44:37.7106806Z   },
native (windows-2025, windows-x86_64)	Execute official pinned binary on actual platform	2026-10-08T11:44:37.7106936Z   "workflow": {
native (windows-2025, windows-x86_64)	Execute official pinned binary on actual platform	2026-10-08T11:44:37.7107087Z     "runId": "37772042337",
native (windows-2025, windows-x86_64)	Execute official pinned binary on actual platform	2026-10-08T11:44:37.7107207Z     "runAttempt": "1"
native (windows-2025, windows-x86_64)	Execute official pinned binary on actual platform	2026-10-08T11:44:37.7107306Z   },
native (windows-2025, windows-x86_64)	Execute official pinned binary on actual platform	2026-10-08T11:44:37.7107386Z   "runtime": {
native (windows-2025, windows-x86_64)	Execute official pinned binary on actual platform	2026-10-08T11:44:37.7107485Z     "system": "windows",
native (windows-2025, windows-x86_64)	Execute official pinned binary on actual platform	2026-10-08T11:44:37.7107593Z     "machine": "x86_64",
native (windows-2025, windows-x86_64)	Execute official pinned binary on actual platform	2026-10-08T11:44:37.7107737Z     "asset": "printcraft-0.2.1-windows-x64-portable.zip",
native (windows-2025, windows-x86_64)	Execute official pinned binary on actual platform	2026-10-08T11:44:37.7108055Z     "url": "https://github.com/storytold/pdfcraft/releases/download/v0.2.1/printcraft-0.2.1-windows-x64-portable.zip",
native (windows-2025, windows-x86_64)	Execute official pinned binary on actual platform	2026-10-08T11:44:37.7108421Z     "archiveSha256": "7ed1aa951eb336637763e3bd1f15b8fba483a9ca58d7b2b2d2ee2ab69be52872",
native (windows-2025, windows-x86_64)	Execute official pinned binary on actual platform	2026-10-08T11:44:37.7108700Z     "member": "printcraft-0.2.1-windows-x64-portable/printcraft-cli.exe",
native (windows-2025, windows-x86_64)	Execute official pinned binary on actual platform	2026-10-08T11:44:37.7109011Z     "binarySha256": "ddd8c330c4c9cb5c57f7671ffbd44beeb5d992122177d9f15542a775e02a519e"
native (windows-2025, windows-x86_64)	Execute official pinned binary on actual platform	2026-10-08T11:44:37.7109212Z   },
native (windows-2025, windows-x86_64)	Execute official pinned binary on actual platform	2026-10-08T11:44:37.7109297Z   "results": {
native (windows-2025, windows-x86_64)	Execute official pinned binary on actual platform	2026-10-08T11:44:37.7109408Z     "reorder_save_reopen_render": {
native (windows-2025, windows-x86_64)	Execute official pinned binary on actual platform	2026-10-08T11:44:37.7109554Z       "status": "PASS",
native (windows-2025, windows-x86_64)	Execute official pinned binary on actual platform	2026-10-08T11:44:37.7109707Z       "details": {
native (windows-2025, windows-x86_64)	Execute official pinned binary on actual platform	2026-10-08T11:44:37.7109895Z         "outputSha256": "08ef14ea78d64c6e1431b9e7c2ba98f14d8429d97d5173c58788819b4e7f9358",
native (windows-2025, windows-x86_64)	Execute official pinned binary on actual platform	2026-10-08T11:44:37.7110101Z         "info": {
native (windows-2025, windows-x86_64)	Execute official pinned binary on actual platform	2026-10-08T11:44:37.7110203Z           "annotations": 0,
native (windows-2025, windows-x86_64)	Execute official pinned binary on actual platform	2026-10-08T11:44:37.7110314Z           "attachments": 0,
native (windows-2025, windows-x86_64)	Execute official pinned binary on actual platform	2026-10-08T11:44:37.7110424Z           "author": null,
native (windows-2025, windows-x86_64)	Execute official pinned binary on actual platform	2026-10-08T11:44:37.7110767Z           "bookmarks": 0,
native (windows-2025, windows-x86_64)	Execute official pinned binary on actual platform	2026-10-08T11:44:37.7110876Z           "creator": null,
native (windows-2025, windows-x86_64)	Execute official pinned binary on actual platform	2026-10-08T11:44:37.7110989Z           "encrypted": false,
native (windows-2025, windows-x86_64)	Execute official pinned binary on actual platform	2026-10-08T11:44:37.7111101Z           "fields": 0,
native (windows-2025, windows-x86_64)	Execute official pinned binary on actual platform	2026-10-08T11:44:37.7113114Z           "file": "D:\\a\\printcraft-skills\\printcraft-skills\\native-evidence\\reorder.pdf",
native (windows-2025, windows-x86_64)	Execute official pinned binary on actual platform	2026-10-08T11:44:37.7113452Z           "file_size": 918,
native (windows-2025, windows-x86_64)	Execute official pinned binary on actual platform	2026-10-08T11:44:37.7113630Z           "first_page_pt": [
native (windows-2025, windows-x86_64)	Execute official pinned binary on actual platform	2026-10-08T11:44:37.7113799Z             612.0,
native (windows-2025, windows-x86_64)	Execute official pinned binary on actual platform	2026-10-08T11:44:37.7113952Z             792.0
native (windows-2025, windows-x86_64)	Execute official pinned binary on actual platform	2026-10-08T11:44:37.7114093Z           ],
native (windows-2025, windows-x86_64)	Execute official pinned binary on actual platform	2026-10-08T11:44:37.7114234Z           "javascript": false,
native (windows-2025, windows-x86_64)	Execute official pinned binary on actual platform	2026-10-08T11:44:37.7114409Z           "layers": 0,
native (windows-2025, windows-x86_64)	Execute official pinned binary on actual platform	2026-10-08T11:44:37.7114560Z           "links": 0,
native (windows-2025, windows-x86_64)	Execute official pinned binary on actual platform	2026-10-08T11:44:37.7114784Z           "page_labels": [
native (windows-2025, windows-x86_64)	Execute official pinned binary on actual platform	2026-10-08T11:44:37.7114953Z             "1",
native (windows-2025, windows-x86_64)	Execute official pinned binary on actual platform	2026-10-08T11:44:37.7115094Z             "2",
native (windows-2025, windows-x86_64)	Execute official pinned binary on actual platform	2026-10-08T11:44:37.7115228Z             "3"
native (windows-2025, windows-x86_64)	Execute official pinned binary on actual platform	2026-10-08T11:44:37.7115362Z           ],
native (windows-2025, windows-x86_64)	Execute official pinned binary on actual platform	2026-10-08T11:44:37.7115501Z           "pages": 3,
native (windows-2025, windows-x86_64)	Execute official pinned binary on actual platform	2026-10-08T11:44:37.7115666Z           "pdf_version": "1.5",
native (windows-2025, windows-x86_64)	Execute official pinned binary on actual platform	2026-10-08T11:44:37.7115849Z           "producer": null,
native (windows-2025, windows-x86_64)	Execute official pinned binary on actual platform	2026-10-08T11:44:37.7116026Z           "tagged": false,
native (windows-2025, windows-x86_64)	Execute official pinned binary on actual platform	2026-10-08T11:44:37.7116187Z           "title": null,
native (windows-2025, windows-x86_64)	Execute official pinned binary on actual platform	2026-10-08T11:44:37.7116351Z           "warnings": [],
native (windows-2025, windows-x86_64)	Execute official pinned binary on actual platform	2026-10-08T11:44:37.7116510Z           "xfa": null
native (windows-2025, windows-x86_64)	Execute official pinned binary on actual platform	2026-10-08T11:44:37.7116655Z         },
native (windows-2025, windows-x86_64)	Execute official pinned binary on actual platform	2026-10-08T11:44:37.7116791Z         "texts": [
native (windows-2025, windows-x86_64)	Execute official pinned binary on actual platform	2026-10-08T11:44:37.7116935Z           "PAGE-GAMMA",
native (windows-2025, windows-x86_64)	Execute official pinned binary on actual platform	2026-10-08T11:44:37.7117109Z           "PAGE-ALPHA",
native (windows-2025, windows-x86_64)	Execute official pinned binary on actual platform	2026-10-08T11:44:37.7117293Z           "PAGE-BETA"
native (windows-2025, windows-x86_64)	Execute official pinned binary on actual platform	2026-10-08T11:44:37.7117444Z         ]
native (windows-2025, windows-x86_64)	Execute official pinned binary on actual platform	2026-10-08T11:44:37.7117582Z       }
native (windows-2025, windows-x86_64)	Execute official pinned binary on actual platform	2026-10-08T11:44:37.7117713Z     },
native (windows-2025, windows-x86_64)	Execute official pinned binary on actual platform	2026-10-08T11:44:37.7117867Z     "rotate_save_reopen_render": {
native (windows-2025, windows-x86_64)	Execute official pinned binary on actual platform	2026-10-08T11:44:37.7118061Z       "status": "PASS",
native (windows-2025, windows-x86_64)	Execute official pinned binary on actual platform	2026-10-08T11:44:37.7118225Z       "details": {
native (windows-2025, windows-x86_64)	Execute official pinned binary on actual platform	2026-10-08T11:44:37.7118521Z         "outputSha256": "5c6a6358bbf3be7e63a52a02d01f21ccebf8755fb763794075a778ead6b43c8a",
native (windows-2025, windows-x86_64)	Execute official pinned binary on actual platform	2026-10-08T11:44:37.7118881Z         "info": {
native (windows-2025, windows-x86_64)	Execute official pinned binary on actual platform	2026-10-08T11:44:37.7119032Z           "annotations": 0,
native (windows-2025, windows-x86_64)	Execute official pinned binary on actual platform	2026-10-08T11:44:37.7119215Z           "attachments": 0,
native (windows-2025, windows-x86_64)	Execute official pinned binary on actual platform	2026-10-08T11:44:37.7119394Z           "author": null,
native (windows-2025, windows-x86_64)	Execute official pinned binary on actual platform	2026-10-08T11:44:37.7119564Z           "bookmarks": 0,
native (windows-2025, windows-x86_64)	Execute official pinned binary on actual platform	2026-10-08T11:44:37.7119733Z           "creator": null,
native (windows-2025, windows-x86_64)	Execute official pinned binary on actual platform	2026-10-08T11:44:37.7119914Z           "encrypted": false,
native (windows-2025, windows-x86_64)	Execute official pinned binary on actual platform	2026-10-08T11:44:37.7120091Z           "fields": 0,
native (windows-2025, windows-x86_64)	Execute official pinned binary on actual platform	2026-10-08T11:44:37.7120395Z           "file": "D:\\a\\printcraft-skills\\printcraft-skills\\native-evidence\\rotate.pdf",
native (windows-2025, windows-x86_64)	Execute official pinned binary on actual platform	2026-10-08T11:44:37.7120740Z           "file_size": 927,
native (windows-2025, windows-x86_64)	Execute official pinned binary on actual platform	2026-10-08T11:44:37.7120927Z           "first_page_pt": [
native (windows-2025, windows-x86_64)	Execute official pinned binary on actual platform	2026-10-08T11:44:37.7121108Z             792.0,
native (windows-2025, windows-x86_64)	Execute official pinned binary on actual platform	2026-10-08T11:44:37.7121249Z             612.0
native (windows-2025, windows-x86_64)	Execute official pinned binary on actual platform	2026-10-08T11:44:37.7121389Z           ],
native (windows-2025, windows-x86_64)	Execute official pinned binary on actual platform	2026-10-08T11:44:37.7121542Z           "javascript": false,
native (windows-2025, windows-x86_64)	Execute official pinned binary on actual platform	2026-10-08T11:44:37.7121719Z           "layers": 0,
native (windows-2025, windows-x86_64)	Execute official pinned binary on actual platform	2026-10-08T11:44:37.7122098Z           "links": 0,
native (windows-2025, windows-x86_64)	Execute official pinned binary on actual platform	2026-10-08T11:44:37.7122262Z           "page_labels": [
native (windows-2025, windows-x86_64)	Execute official pinned binary on actual platform	2026-10-08T11:44:37.7122435Z             "1",
native (windows-2025, windows-x86_64)	Execute official pinned binary on actual platform	2026-10-08T11:44:37.7122577Z             "2",
native (windows-2025, windows-x86_64)	Execute official pinned binary on actual platform	2026-10-08T11:44:37.7122726Z             "3"
native (windows-2025, windows-x86_64)	Execute official pinned binary on actual platform	2026-10-08T11:44:37.7122867Z           ],
native (windows-2025, windows-x86_64)	Execute official pinned binary on actual platform	2026-10-08T11:44:37.7123011Z           "pages": 3,
native (windows-2025, windows-x86_64)	Execute official pinned binary on actual platform	2026-10-08T11:44:37.7123190Z           "pdf_version": "1.5",
native (windows-2025, windows-x86_64)	Execute official pinned binary on actual platform	2026-10-08T11:44:37.7123374Z           "producer": null,
native (windows-2025, windows-x86_64)	Execute official pinned binary on actual platform	2026-10-08T11:44:37.7123552Z           "tagged": false,
native (windows-2025, windows-x86_64)	Execute official pinned binary on actual platform	2026-10-08T11:44:37.7123722Z           "title": null,
native (windows-2025, windows-x86_64)	Execute official pinned binary on actual platform	2026-10-08T11:44:37.7123896Z           "warnings": [],
native (windows-2025, windows-x86_64)	Execute official pinned binary on actual platform	2026-10-08T11:44:37.7124062Z           "xfa": null
native (windows-2025, windows-x86_64)	Execute official pinned binary on actual platform	2026-10-08T11:44:37.7124211Z         },
native (windows-2025, windows-x86_64)	Execute official pinned binary on actual platform	2026-10-08T11:44:37.7124346Z         "texts": [
native (windows-2025, windows-x86_64)	Execute official pinned binary on actual platform	2026-10-08T11:44:37.7124498Z           "PAGE-ALPHA",
native (windows-2025, windows-x86_64)	Execute official pinned binary on actual platform	2026-10-08T11:44:37.7124667Z           "PAGE-BETA",
native (windows-2025, windows-x86_64)	Execute official pinned binary on actual platform	2026-10-08T11:44:37.7124832Z           "PAGE-GAMMA"
native (windows-2025, windows-x86_64)	Execute official pinned binary on actual platform	2026-10-08T11:44:37.7124993Z         ]
native (windows-2025, windows-x86_64)	Execute official pinned binary on actual platform	2026-10-08T11:44:37.7125124Z       }
native (windows-2025, windows-x86_64)	Execute official pinned binary on actual platform	2026-10-08T11:44:37.7125259Z     },
native (windows-2025, windows-x86_64)	Execute official pinned binary on actual platform	2026-10-08T11:44:37.7125417Z     "crop_save_reopen_render": {
native (windows-2025, windows-x86_64)	Execute official pinned binary on actual platform	2026-10-08T11:44:37.7125758Z       "status": "PASS",
native (windows-2025, windows-x86_64)	Execute official pinned binary on actual platform	2026-10-08T11:44:37.7125914Z       "details": {
native (windows-2025, windows-x86_64)	Execute official pinned binary on actual platform	2026-10-08T11:44:37.7126191Z         "outputSha256": "e28e03287fa277055507875901cddd817a8b71c2707b42122a5fea75089c9e9b",
native (windows-2025, windows-x86_64)	Execute official pinned binary on actual platform	2026-10-08T11:44:37.7127009Z         "info": {
native (windows-2025, windows-x86_64)	Execute official pinned binary on actual platform	2026-10-08T11:44:37.7127160Z           "annotations": 0,
native (windows-2025, windows-x86_64)	Execute official pinned binary on actual platform	2026-10-08T11:44:37.7127320Z           "attachments": 0,
native (windows-2025, windows-x86_64)	Execute official pinned binary on actual platform	2026-10-08T11:44:37.7127483Z           "author": null,
native (windows-2025, windows-x86_64)	Execute official pinned binary on actual platform	2026-10-08T11:44:37.7127643Z           "bookmarks": 0,
native (windows-2025, windows-x86_64)	Execute official pinned binary on actual platform	2026-10-08T11:44:37.7127804Z           "creator": null,
native (windows-2025, windows-x86_64)	Execute official pinned binary on actual platform	2026-10-08T11:44:37.7127972Z           "encrypted": false,
native (windows-2025, windows-x86_64)	Execute official pinned binary on actual platform	2026-10-08T11:44:37.7128143Z           "fields": 0,
native (windows-2025, windows-x86_64)	Execute official pinned binary on actual platform	2026-10-08T11:44:37.7128408Z           "file": "D:\\a\\printcraft-skills\\printcraft-skills\\native-evidence\\crop.pdf",
native (windows-2025, windows-x86_64)	Execute official pinned binary on actual platform	2026-10-08T11:44:37.7128709Z           "file_size": 935,
native (windows-2025, windows-x86_64)	Execute official pinned binary on actual platform	2026-10-08T11:44:37.7128874Z           "first_page_pt": [
native (windows-2025, windows-x86_64)	Execute official pinned binary on actual platform	2026-10-08T11:44:37.7129041Z             592.0,
native (windows-2025, windows-x86_64)	Execute official pinned binary on actual platform	2026-10-08T11:44:37.7129174Z             772.0
native (windows-2025, windows-x86_64)	Execute official pinned binary on actual platform	2026-10-08T11:44:37.7129317Z           ],
native (windows-2025, windows-x86_64)	Execute official pinned binary on actual platform	2026-10-08T11:44:37.7129458Z           "javascript": false,
native (windows-2025, windows-x86_64)	Execute official pinned binary on actual platform	2026-10-08T11:44:37.7129627Z           "layers": 0,
native (windows-2025, windows-x86_64)	Execute official pinned binary on actual platform	2026-10-08T11:44:37.7129777Z           "links": 0,
native (windows-2025, windows-x86_64)	Execute official pinned binary on actual platform	2026-10-08T11:44:37.7129928Z           "page_labels": [
native (windows-2025, windows-x86_64)	Execute official pinned binary on actual platform	2026-10-08T11:44:37.7130093Z             "1",
native (windows-2025, windows-x86_64)	Execute official pinned binary on actual platform	2026-10-08T11:44:37.7130225Z             "2",
native (windows-2025, windows-x86_64)	Execute official pinned binary on actual platform	2026-10-08T11:44:37.7130358Z             "3"
native (windows-2025, windows-x86_64)	Execute official pinned binary on actual platform	2026-10-08T11:44:37.7130486Z           ],
native (windows-2025, windows-x86_64)	Execute official pinned binary on actual platform	2026-10-08T11:44:37.7130618Z           "pages": 3,
native (windows-2025, windows-x86_64)	Execute official pinned binary on actual platform	2026-10-08T11:44:37.7130772Z           "pdf_version": "1.5",
native (windows-2025, windows-x86_64)	Execute official pinned binary on actual platform	2026-10-08T11:44:37.7130948Z           "producer": null,
native (windows-2025, windows-x86_64)	Execute official pinned binary on actual platform	2026-10-08T11:44:37.7131109Z           "tagged": false,
native (windows-2025, windows-x86_64)	Execute official pinned binary on actual platform	2026-10-08T11:44:37.7131272Z           "title": null,
native (windows-2025, windows-x86_64)	Execute official pinned binary on actual platform	2026-10-08T11:44:37.7131428Z           "warnings": [],
native (windows-2025, windows-x86_64)	Execute official pinned binary on actual platform	2026-10-08T11:44:37.7131588Z           "xfa": null
native (windows-2025, windows-x86_64)	Execute official pinned binary on actual platform	2026-10-08T11:44:37.7131733Z         },
native (windows-2025, windows-x86_64)	Execute official pinned binary on actual platform	2026-10-08T11:44:37.7131862Z         "texts": [
native (windows-2025, windows-x86_64)	Execute official pinned binary on actual platform	2026-10-08T11:44:37.7132010Z           "PAGE-ALPHA",
native (windows-2025, windows-x86_64)	Execute official pinned binary on actual platform	2026-10-08T11:44:37.7132164Z           "PAGE-BETA",
native (windows-2025, windows-x86_64)	Execute official pinned binary on actual platform	2026-10-08T11:44:37.7132312Z           "PAGE-GAMMA"
native (windows-2025, windows-x86_64)	Execute official pinned binary on actual platform	2026-10-08T11:44:37.7132457Z         ]
native (windows-2025, windows-x86_64)	Execute official pinned binary on actual platform	2026-10-08T11:44:37.7132579Z       }
native (windows-2025, windows-x86_64)	Execute official pinned binary on actual platform	2026-10-08T11:44:37.7132698Z     },
native (windows-2025, windows-x86_64)	Execute official pinned binary on actual platform	2026-10-08T11:44:37.7132828Z     "form_save_reopen": {
native (windows-2025, windows-x86_64)	Execute official pinned binary on actual platform	2026-10-08T11:44:37.7132993Z       "status": "PASS",
native (windows-2025, windows-x86_64)	Execute official pinned binary on actual platform	2026-10-08T11:44:37.7133141Z       "details": {
native (windows-2025, windows-x86_64)	Execute official pinned binary on actual platform	2026-10-08T11:44:37.7133276Z         "fields": {
native (windows-2025, windows-x86_64)	Execute official pinned binary on actual platform	2026-10-08T11:44:37.7133428Z           "count": 1,
native (windows-2025, windows-x86_64)	Execute official pinned binary on actual platform	2026-10-08T11:44:37.7133571Z           "fields": [
native (windows-2025, windows-x86_64)	Execute official pinned binary on actual platform	2026-10-08T11:44:37.7133711Z             {
native (windows-2025, windows-x86_64)	Execute official pinned binary on actual platform	2026-10-08T11:44:37.7133852Z               "multiline": false,
native (windows-2025, windows-x86_64)	Execute official pinned binary on actual platform	2026-10-08T11:44:37.7134031Z               "name": "sample",
native (windows-2025, windows-x86_64)	Execute official pinned binary on actual platform	2026-10-08T11:44:37.7134201Z               "page": 1,
native (windows-2025, windows-x86_64)	Execute official pinned binary on actual platform	2026-10-08T11:44:37.7134366Z               "read_only": false,
native (windows-2025, windows-x86_64)	Execute official pinned binary on actual platform	2026-10-08T11:44:37.7134532Z               "rect": [
native (windows-2025, windows-x86_64)	Execute official pinned binary on actual platform	2026-10-08T11:44:37.7134683Z                 72.0,
native (windows-2025, windows-x86_64)	Execute official pinned binary on actual platform	2026-10-08T11:44:37.7134821Z                 120.0,
native (windows-2025, windows-x86_64)	Execute official pinned binary on actual platform	2026-10-08T11:44:37.7134965Z                 200.0,
native (windows-2025, windows-x86_64)	Execute official pinned binary on actual platform	2026-10-08T11:44:37.7135118Z                 150.0
native (windows-2025, windows-x86_64)	Execute official pinned binary on actual platform	2026-10-08T11:44:37.7135252Z               ],
native (windows-2025, windows-x86_64)	Execute official pinned binary on actual platform	2026-10-08T11:44:37.7135398Z               "required": false,
native (windows-2025, windows-x86_64)	Execute official pinned binary on actual platform	2026-10-08T11:44:37.7135595Z               "type": "text",
native (windows-2025, windows-x86_64)	Execute official pinned binary on actual platform	2026-10-08T11:44:37.7135769Z               "value": "verified form"
native (windows-2025, windows-x86_64)	Execute official pinned binary on actual platform	2026-10-08T11:44:37.7135952Z             }
native (windows-2025, windows-x86_64)	Execute official pinned binary on actual platform	2026-10-08T11:44:37.7136085Z           ]
native (windows-2025, windows-x86_64)	Execute official pinned binary on actual platform	2026-10-08T11:44:37.7136210Z         },
native (windows-2025, windows-x86_64)	Execute official pinned binary on actual platform	2026-10-08T11:44:37.7136477Z         "outputSha256": "6b4517eb98a1aec968afd07fd09b17c7f6222182b9f4a832b6f11801efc5445d"
native (windows-2025, windows-x86_64)	Execute official pinned binary on actual platform	2026-10-08T11:44:37.7136803Z       }
native (windows-2025, windows-x86_64)	Execute official pinned binary on actual platform	2026-10-08T11:44:37.7136932Z     },
native (windows-2025, windows-x86_64)	Execute official pinned binary on actual platform	2026-10-08T11:44:37.7137068Z     "redact_text_objects_render": {
native (windows-2025, windows-x86_64)	Execute official pinned binary on actual platform	2026-10-08T11:44:37.7137263Z       "status": "PASS",
native (windows-2025, windows-x86_64)	Execute official pinned binary on actual platform	2026-10-08T11:44:37.7137418Z       "details": {
native (windows-2025, windows-x86_64)	Execute official pinned binary on actual platform	2026-10-08T11:44:37.7137696Z         "outputSha256": "ead808f5e4fd3195a626b3cacc9e1ae24964da4925fd937e05875cd253c753b7",
native (windows-2025, windows-x86_64)	Execute official pinned binary on actual platform	2026-10-08T11:44:37.7138045Z         "textAndObjectBytesAbsent": true,
native (windows-2025, windows-x86_64)	Execute official pinned binary on actual platform	2026-10-08T11:44:37.7138253Z         "visualReview": "NOT_RUN"
native (windows-2025, windows-x86_64)	Execute official pinned binary on actual platform	2026-10-08T11:44:37.7138889Z       }
native (windows-2025, windows-x86_64)	Execute official pinned binary on actual platform	2026-10-08T11:44:37.7139014Z     },
native (windows-2025, windows-x86_64)	Execute official pinned binary on actual platform	2026-10-08T11:44:37.7139161Z     "english_ocr_scan_save_reopen": {
native (windows-2025, windows-x86_64)	Execute official pinned binary on actual platform	2026-10-08T11:44:37.7139355Z       "status": "PASS",
native (windows-2025, windows-x86_64)	Execute official pinned binary on actual platform	2026-10-08T11:44:37.7139514Z       "details": {
native (windows-2025, windows-x86_64)	Execute official pinned binary on actual platform	2026-10-08T11:44:37.7139870Z         "inputSha256": "c244d838826a97532fa94f6c865ab46c8ae7d91713106ecabe8eb4844d33dddb",
native (windows-2025, windows-x86_64)	Execute official pinned binary on actual platform	2026-10-08T11:44:37.7140312Z         "outputSha256": "ce21aeb00506ebea6f7c0df08e68eb2ed3ef9d08ff5ca38eab98dd82b5669d86",
native (windows-2025, windows-x86_64)	Execute official pinned binary on actual platform	2026-10-08T11:44:37.7140641Z         "nativeResults": [
native (windows-2025, windows-x86_64)	Execute official pinned binary on actual platform	2026-10-08T11:44:37.7140797Z           {
native (windows-2025, windows-x86_64)	Execute official pinned binary on actual platform	2026-10-08T11:44:37.7140935Z             "dirty": false,
native (windows-2025, windows-x86_64)	Execute official pinned binary on actual platform	2026-10-08T11:44:37.7141097Z             "doc": 1,
native (windows-2025, windows-x86_64)	Execute official pinned binary on actual platform	2026-10-08T11:44:37.7141253Z             "editable": true,
native (windows-2025, windows-x86_64)	Execute official pinned binary on actual platform	2026-10-08T11:44:37.7141432Z             "encrypted": false,
native (windows-2025, windows-x86_64)	Execute official pinned binary on actual platform	2026-10-08T11:44:37.7141617Z             "name": "scan-english.pdf",
native (windows-2025, windows-x86_64)	Execute official pinned binary on actual platform	2026-10-08T11:44:37.7141815Z             "pages": 1,
native (windows-2025, windows-x86_64)	Execute official pinned binary on actual platform	2026-10-08T11:44:37.7142280Z             "path": "D:\\a\\printcraft-skills\\printcraft-skills\\native-evidence\\scan-english.pdf",
native (windows-2025, windows-x86_64)	Execute official pinned binary on actual platform	2026-10-08T11:44:37.7142618Z             "read_only_reason": null,
native (windows-2025, windows-x86_64)	Execute official pinned binary on actual platform	2026-10-08T11:44:37.7142805Z             "redo": null,
native (windows-2025, windows-x86_64)	Execute official pinned binary on actual platform	2026-10-08T11:44:37.7142964Z             "undo": null
native (windows-2025, windows-x86_64)	Execute official pinned binary on actual platform	2026-10-08T11:44:37.7143115Z           },
native (windows-2025, windows-x86_64)	Execute official pinned binary on actual platform	2026-10-08T11:44:37.7143242Z           {
native (windows-2025, windows-x86_64)	Execute official pinned binary on actual platform	2026-10-08T11:44:37.7143370Z             "pages": [
native (windows-2025, windows-x86_64)	Execute official pinned binary on actual platform	2026-10-08T11:44:37.7143511Z               {
native (windows-2025, windows-x86_64)	Execute official pinned binary on actual platform	2026-10-08T11:44:37.7143652Z                 "page": 1,
native (windows-2025, windows-x86_64)	Execute official pinned binary on actual platform	2026-10-08T11:44:37.7143826Z                 "text": "PAGE-GAMMA",
native (windows-2025, windows-x86_64)	Execute official pinned binary on actual platform	2026-10-08T11:44:37.7144029Z                 "words": 1
native (windows-2025, windows-x86_64)	Execute official pinned binary on actual platform	2026-10-08T11:44:37.7144176Z               }
native (windows-2025, windows-x86_64)	Execute official pinned binary on actual platform	2026-10-08T11:44:37.7144308Z             ],
native (windows-2025, windows-x86_64)	Execute official pinned binary on actual platform	2026-10-08T11:44:37.7144445Z             "words": 1
native (windows-2025, windows-x86_64)	Execute official pinned binary on actual platform	2026-10-08T11:44:37.7144587Z           },
native (windows-2025, windows-x86_64)	Execute official pinned binary on actual platform	2026-10-08T11:44:37.7144712Z           {
native (windows-2025, windows-x86_64)	Execute official pinned binary on actual platform	2026-10-08T11:44:37.7144840Z             "bytes": 7838,
native (windows-2025, windows-x86_64)	Execute official pinned binary on actual platform	2026-10-08T11:44:37.7145001Z             "document": {
native (windows-2025, windows-x86_64)	Execute official pinned binary on actual platform	2026-10-08T11:44:37.7145157Z               "dirty": false,
native (windows-2025, windows-x86_64)	Execute official pinned binary on actual platform	2026-10-08T11:44:37.7145329Z               "doc": 1,
native (windows-2025, windows-x86_64)	Execute official pinned binary on actual platform	2026-10-08T11:44:37.7145484Z               "editable": true,
native (windows-2025, windows-x86_64)	Execute official pinned binary on actual platform	2026-10-08T11:44:37.7145671Z               "encrypted": false,
native (windows-2025, windows-x86_64)	Execute official pinned binary on actual platform	2026-10-08T11:44:37.7145863Z               "name": "ocr-english.pdf",
native (windows-2025, windows-x86_64)	Execute official pinned binary on actual platform	2026-10-08T11:44:37.7146069Z               "pages": 1,
native (windows-2025, windows-x86_64)	Execute official pinned binary on actual platform	2026-10-08T11:44:37.7146363Z               "path": "D:\\a\\printcraft-skills\\printcraft-skills\\native-evidence\\ocr-english.pdf",
native (windows-2025, windows-x86_64)	Execute official pinned binary on actual platform	2026-10-08T11:44:37.7146704Z               "read_only_reason": null,
native (windows-2025, windows-x86_64)	Execute official pinned binary on actual platform	2026-10-08T11:44:37.7146892Z               "redo": null,
native (windows-2025, windows-x86_64)	Execute official pinned binary on actual platform	2026-10-08T11:44:37.7147062Z               "undo": "Recognize text"
native (windows-2025, windows-x86_64)	Execute official pinned binary on actual platform	2026-10-08T11:44:37.7147243Z             },
native (windows-2025, windows-x86_64)	Execute official pinned binary on actual platform	2026-10-08T11:44:37.7147387Z             "incremental": false,
native (windows-2025, windows-x86_64)	Execute official pinned binary on actual platform	2026-10-08T11:44:37.7147694Z             "path": "D:\\a\\printcraft-skills\\printcraft-skills\\native-evidence\\ocr-english.pdf"
native (windows-2025, windows-x86_64)	Execute official pinned binary on actual platform	2026-10-08T11:44:37.7148008Z           }
native (windows-2025, windows-x86_64)	Execute official pinned binary on actual platform	2026-10-08T11:44:37.7148129Z         ],
native (windows-2025, windows-x86_64)	Execute official pinned binary on actual platform	2026-10-08T11:44:37.7148276Z         "reopenedText": "PAGE-GAMMA\n",
native (windows-2025, windows-x86_64)	Execute official pinned binary on actual platform	2026-10-08T11:44:37.7148480Z         "sourceUnchanged": true
native (windows-2025, windows-x86_64)	Execute official pinned binary on actual platform	2026-10-08T11:44:37.7148651Z       }
native (windows-2025, windows-x86_64)	Execute official pinned binary on actual platform	2026-10-08T11:44:37.7148768Z     }
native (windows-2025, windows-x86_64)	Execute official pinned binary on actual platform	2026-10-08T11:44:37.7148889Z   },
native (windows-2025, windows-x86_64)	Execute official pinned binary on actual platform	2026-10-08T11:44:37.7149078Z   "scope": "DIRECT_NATIVE_ONLY_SKILL_INSTALLER_NOT_TESTED",
native (windows-2025, windows-x86_64)	Execute official pinned binary on actual platform	2026-10-08T11:44:37.7149348Z   "chineseRecognition": "NOT_RUN_THIS_HARNESS",
native (windows-2025, windows-x86_64)	Execute official pinned binary on actual platform	2026-10-08T11:44:37.7149574Z   "visualReview": "NOT_RUN",
native (windows-2025, windows-x86_64)	Execute official pinned binary on actual platform	2026-10-08T11:44:37.7149768Z   "status": "PASS_SCOPED_NATIVE",
native (windows-2025, windows-x86_64)	Execute official pinned binary on actual platform	2026-10-08T11:44:37.7150113Z   "runtimeArchiveSha256": "7ed1aa951eb336637763e3bd1f15b8fba483a9ca58d7b2b2d2ee2ab69be52872",
native (windows-2025, windows-x86_64)	Execute official pinned binary on actual platform	2026-10-08T11:44:37.7150618Z   "runtimeBinarySha256": "ddd8c330c4c9cb5c57f7671ffbd44beeb5d992122177d9f15542a775e02a519e",
native (windows-2025, windows-x86_64)	Execute official pinned binary on actual platform	2026-10-08T11:44:37.7151446Z   "versionOutput": "printcraft-cli 0.2.1\nDiscord: https://discord.gg/artcraft  (help and feedback)\nWeb:     https://getartcraft.com/apps/printcraft\nSource:  https://github.com/storytold/printcraft\n",
native (windows-2025, windows-x86_64)	Execute official pinned binary on actual platform	2026-10-08T11:44:37.7152231Z   "catalogSha256": "e04b35a28c0050dd4f88f8d9d8e21b722f09a0bd1a452bebe6b168fb06f519ae",
native (windows-2025, windows-x86_64)	Execute official pinned binary on actual platform	2026-10-08T11:44:37.7152684Z   "catalogToolCount": 123,
native (windows-2025, windows-x86_64)	Execute official pinned binary on actual platform	2026-10-08T11:44:37.7152861Z   "ocrLanguageSchema": [
native (windows-2025, windows-x86_64)	Execute official pinned binary on actual platform	2026-10-08T11:44:37.7153023Z     "en"
native (windows-2025, windows-x86_64)	Execute official pinned binary on actual platform	2026-10-08T11:44:37.7153145Z   ],
native (windows-2025, windows-x86_64)	Execute official pinned binary on actual platform	2026-10-08T11:44:37.7153373Z   "inputSha256": "9d035b63e05cfeb06b0985db1582f14185f99931a51eda69718764e91fdc0a0a",
native (windows-2025, windows-x86_64)	Execute official pinned binary on actual platform	2026-10-08T11:44:37.7153748Z   "ocrStatus": {
native (windows-2025, windows-x86_64)	Execute official pinned binary on actual platform	2026-10-08T11:44:37.7153883Z     "available": false,
native (windows-2025, windows-x86_64)	Execute official pinned binary on actual platform	2026-10-08T11:44:37.7154032Z     "languages": [
native (windows-2025, windows-x86_64)	Execute official pinned binary on actual platform	2026-10-08T11:44:37.7154172Z       {
native (windows-2025, windows-x86_64)	Execute official pinned binary on actual platform	2026-10-08T11:44:37.7154305Z         "code": "en",
native (windows-2025, windows-x86_64)	Execute official pinned binary on actual platform	2026-10-08T11:44:37.7154468Z         "name": "English"
native (windows-2025, windows-x86_64)	Execute official pinned binary on actual platform	2026-10-08T11:44:37.7154633Z       }
native (windows-2025, windows-x86_64)	Execute official pinned binary on actual platform	2026-10-08T11:44:37.7154762Z     ],
native (windows-2025, windows-x86_64)	Execute official pinned binary on actual platform	2026-10-08T11:44:37.7154898Z     "search_dirs": [
native (windows-2025, windows-x86_64)	Execute official pinned binary on actual platform	2026-10-08T11:44:37.7155149Z       "D:\\a\\printcraft-skills\\printcraft-skills\\native-evidence\\models",
native (windows-2025, windows-x86_64)	Execute official pinned binary on actual platform	2026-10-08T11:44:37.7155570Z       "D:\\a\\printcraft-skills\\printcraft-skills\\native-evidence\\../Resources/models",
native (windows-2025, windows-x86_64)	Execute official pinned binary on actual platform	2026-10-08T11:44:37.7155994Z       "D:\\a\\printcraft\\printcraft\\crates\\ocr\\../../assets/models"
native (windows-2025, windows-x86_64)	Execute official pinned binary on actual platform	2026-10-08T11:44:37.7156273Z     ]
native (windows-2025, windows-x86_64)	Execute official pinned binary on actual platform	2026-10-08T11:44:37.7156408Z   },
native (windows-2025, windows-x86_64)	Execute official pinned binary on actual platform	2026-10-08T11:44:37.7156538Z   "ocrModels": {
native (windows-2025, windows-x86_64)	Execute official pinned binary on actual platform	2026-10-08T11:44:37.7156815Z     "source": "https://github.com/storytold/pdfcraft/blob/v0.2.1/ATTRIBUTION.toml",
native (windows-2025, windows-x86_64)	Execute official pinned binary on actual platform	2026-10-08T11:44:37.7157141Z     "nativeVersion": "0.2.1",
native (windows-2025, windows-x86_64)	Execute official pinned binary on actual platform	2026-10-08T11:44:37.7157314Z     "models": [
native (windows-2025, windows-x86_64)	Execute official pinned binary on actual platform	2026-10-08T11:44:37.7157448Z       {
native (windows-2025, windows-x86_64)	Execute official pinned binary on actual platform	2026-10-08T11:44:37.7157598Z         "file": "text-detection.rten",
native (windows-2025, windows-x86_64)	Execute official pinned binary on actual platform	2026-10-08T11:44:37.7157916Z         "url": "https://ocrs-models.s3-accelerate.amazonaws.com/text-detection.rten",
native (windows-2025, windows-x86_64)	Execute official pinned binary on actual platform	2026-10-08T11:44:37.7158255Z         "title": "Ocrs text detection model",
native (windows-2025, windows-x86_64)	Execute official pinned binary on actual platform	2026-10-08T11:44:37.7158566Z         "author": "Robert Knight (ocrs-models; trained on HierText, CC-BY-SA-4.0)",
native (windows-2025, windows-x86_64)	Execute official pinned binary on actual platform	2026-10-08T11:44:37.7159182Z         "source": "https://github.com/robertknight/ocrs-models (the models ocrs downloads; model card: https://huggingface.co/robertknight/ocrs, cc-by-sa-4.0)",
native (windows-2025, windows-x86_64)	Execute official pinned binary on actual platform	2026-10-08T11:44:37.7159703Z         "licence": "CC-BY-SA-4.0",
native (windows-2025, windows-x86_64)	Execute official pinned binary on actual platform	2026-10-08T11:44:37.7160002Z         "licence_url": "https://creativecommons.org/licenses/by-sa/4.0/legalcode.txt",
native (windows-2025, windows-x86_64)	Execute official pinned binary on actual platform	2026-10-08T11:44:37.7160447Z         "licence_sha256": "28a9529c7d0bb4dc51f4bf5c116a3d16ef247a052f7591466768ddf563fd1cf5",
native (windows-2025, windows-x86_64)	Execute official pinned binary on actual platform	2026-10-08T11:44:37.7160781Z         "kind": "model",
native (windows-2025, windows-x86_64)	Execute official pinned binary on actual platform	2026-10-08T11:44:37.7161027Z         "usage": "Scan & OCR: finds words on page images (cargo xtask models)",
native (windows-2025, windows-x86_64)	Execute official pinned binary on actual platform	2026-10-08T11:44:37.7161410Z         "sha256": "f15cfb56bd02c4bf478a20343986504a1f01e1665c2b3a0ad66340f054b1b5ca"
native (windows-2025, windows-x86_64)	Execute official pinned binary on actual platform	2026-10-08T11:44:37.7161710Z       },
native (windows-2025, windows-x86_64)	Execute official pinned binary on actual platform	2026-10-08T11:44:37.7161841Z       {
native (windows-2025, windows-x86_64)	Execute official pinned binary on actual platform	2026-10-08T11:44:37.7162142Z         "file": "text-recognition.rten",
native (windows-2025, windows-x86_64)	Execute official pinned binary on actual platform	2026-10-08T11:44:37.7162472Z         "url": "https://ocrs-models.s3-accelerate.amazonaws.com/text-recognition.rten",
native (windows-2025, windows-x86_64)	Execute official pinned binary on actual platform	2026-10-08T11:44:37.7162817Z         "title": "Ocrs text recognition model",
native (windows-2025, windows-x86_64)	Execute official pinned binary on actual platform	2026-10-08T11:44:37.7163128Z         "author": "Robert Knight (ocrs-models; trained on HierText, CC-BY-SA-4.0)",
native (windows-2025, windows-x86_64)	Execute official pinned binary on actual platform	2026-10-08T11:44:37.7163775Z         "source": "https://github.com/robertknight/ocrs-models (the models ocrs downloads; model card: https://huggingface.co/robertknight/ocrs, cc-by-sa-4.0)",
native (windows-2025, windows-x86_64)	Execute official pinned binary on actual platform	2026-10-08T11:44:37.7164353Z         "licence": "CC-BY-SA-4.0",
native (windows-2025, windows-x86_64)	Execute official pinned binary on actual platform	2026-10-08T11:44:37.7164677Z         "licence_url": "https://creativecommons.org/licenses/by-sa/4.0/legalcode.txt",
native (windows-2025, windows-x86_64)	Execute official pinned binary on actual platform	2026-10-08T11:44:37.7165154Z         "licence_sha256": "28a9529c7d0bb4dc51f4bf5c116a3d16ef247a052f7591466768ddf563fd1cf5",
native (windows-2025, windows-x86_64)	Execute official pinned binary on actual platform	2026-10-08T11:44:37.7165497Z         "kind": "model",
native (windows-2025, windows-x86_64)	Execute official pinned binary on actual platform	2026-10-08T11:44:37.7165736Z         "usage": "Scan & OCR: reads the words it finds (cargo xtask models)",
native (windows-2025, windows-x86_64)	Execute official pinned binary on actual platform	2026-10-08T11:44:37.7166124Z         "sha256": "e484866d4cce403175bd8d00b128feb08ab42e208de30e42cd9889d8f1735a6e"
native (windows-2025, windows-x86_64)	Execute official pinned binary on actual platform	2026-10-08T11:44:37.7166434Z       }
native (windows-2025, windows-x86_64)	Execute official pinned binary on actual platform	2026-10-08T11:44:37.7166560Z     ]
native (windows-2025, windows-x86_64)	Execute official pinned binary on actual platform	2026-10-08T11:44:37.7166687Z   },
native (windows-2025, windows-x86_64)	Execute official pinned binary on actual platform	2026-10-08T11:44:37.7166834Z   "ocrStatusWithModels": {
native (windows-2025, windows-x86_64)	Execute official pinned binary on actual platform	2026-10-08T11:44:37.7167023Z     "available": true,
native (windows-2025, windows-x86_64)	Execute official pinned binary on actual platform	2026-10-08T11:44:37.7167192Z     "languages": [
native (windows-2025, windows-x86_64)	Execute official pinned binary on actual platform	2026-10-08T11:44:37.7167493Z       {
native (windows-2025, windows-x86_64)	Execute official pinned binary on actual platform	2026-10-08T11:44:37.7167621Z         "code": "en",
native (windows-2025, windows-x86_64)	Execute official pinned binary on actual platform	2026-10-08T11:44:37.7167782Z         "name": "English"
native (windows-2025, windows-x86_64)	Execute official pinned binary on actual platform	2026-10-08T11:44:37.7167945Z       }
native (windows-2025, windows-x86_64)	Execute official pinned binary on actual platform	2026-10-08T11:44:37.7168075Z     ],
native (windows-2025, windows-x86_64)	Execute official pinned binary on actual platform	2026-10-08T11:44:37.7168645Z     "search_dirs": [
native (windows-2025, windows-x86_64)	Execute official pinned binary on actual platform	2026-10-08T11:44:37.7168921Z       "D:\\a\\printcraft-skills\\printcraft-skills\\native-evidence\\models",
native (windows-2025, windows-x86_64)	Execute official pinned binary on actual platform	2026-10-08T11:44:37.7169390Z       "D:\\a\\printcraft-skills\\printcraft-skills\\native-evidence\\../Resources/models",
native (windows-2025, windows-x86_64)	Execute official pinned binary on actual platform	2026-10-08T11:44:37.7169812Z       "D:\\a\\printcraft\\printcraft\\crates\\ocr\\../../assets/models"
native (windows-2025, windows-x86_64)	Execute official pinned binary on actual platform	2026-10-08T11:44:37.7170082Z     ]
native (windows-2025, windows-x86_64)	Execute official pinned binary on actual platform	2026-10-08T11:44:37.7170214Z   },
native (windows-2025, windows-x86_64)	Execute official pinned binary on actual platform	2026-10-08T11:44:37.7170354Z   "sourceUnchanged": true,
native (windows-2025, windows-x86_64)	Execute official pinned binary on actual platform	2026-10-08T11:44:37.7170522Z   "artifacts": {
native (windows-2025, windows-x86_64)	Execute official pinned binary on actual platform	2026-10-08T11:44:37.7170813Z     "001-call.json": "5bea3fedd7eeae64a3b72ad99bdfe8f8e3175bf270715ef247a4f00265debfc3",
native (windows-2025, windows-x86_64)	Execute official pinned binary on actual platform	2026-10-08T11:44:37.7171270Z     "001-stderr.log": "e3b0c44298fc1c149afbf4c8996fb92427ae41e4649b934ca495991b7852b855",
native (windows-2025, windows-x86_64)	Execute official pinned binary on actual platform	2026-10-08T11:44:37.7171723Z     "001-stdout.log": "260187c52b001191acc62e300b68203b492022e0c2b78b74db7f63ed6cf0eb9b",
native (windows-2025, windows-x86_64)	Execute official pinned binary on actual platform	2026-10-08T11:44:37.7172170Z     "002-call.json": "e44a6d5b24dfbbf9a357a5722714b0608e6d0902ed29e7080757cd1e45e8cc3b",
native (windows-2025, windows-x86_64)	Execute official pinned binary on actual platform	2026-10-08T11:44:37.7172616Z     "002-stderr.log": "e3b0c44298fc1c149afbf4c8996fb92427ae41e4649b934ca495991b7852b855",
native (windows-2025, windows-x86_64)	Execute official pinned binary on actual platform	2026-10-08T11:44:37.7173101Z     "002-stdout.log": "8ddb81c0382bacbdebf8ffdf242ec795135abc0a7723eebbe3b14123de64bea1",
native (windows-2025, windows-x86_64)	Execute official pinned binary on actual platform	2026-10-08T11:44:37.7173572Z     "003-call.json": "6ca7ab32a9b5299ca720902869930cf927ab761777f79a48021da8c4c129ca29",
native (windows-2025, windows-x86_64)	Execute official pinned binary on actual platform	2026-10-08T11:44:37.7174042Z     "003-stderr.log": "e3b0c44298fc1c149afbf4c8996fb92427ae41e4649b934ca495991b7852b855",
native (windows-2025, windows-x86_64)	Execute official pinned binary on actual platform	2026-10-08T11:44:37.7174473Z     "003-stdout.log": "3356c4c5187ef65095b7ad23911c2a3208b513bb1ac39dc4a852b9917f508428",
native (windows-2025, windows-x86_64)	Execute official pinned binary on actual platform	2026-10-08T11:44:37.7174931Z     "004-call.json": "ee0d27492f81dc1f9b924958965f63bbb45d71c58ceaffdadc59d1fdb2c21276",
native (windows-2025, windows-x86_64)	Execute official pinned binary on actual platform	2026-10-08T11:44:37.7175391Z     "004-stderr.log": "e3b0c44298fc1c149afbf4c8996fb92427ae41e4649b934ca495991b7852b855",
native (windows-2025, windows-x86_64)	Execute official pinned binary on actual platform	2026-10-08T11:44:37.7175854Z     "004-stdout.log": "2a3fd500c05dd55ca2acee65819ff48b3c7112e26a4d1dec1ac38ec2456075d0",
native (windows-2025, windows-x86_64)	Execute official pinned binary on actual platform	2026-10-08T11:44:37.7176321Z     "005-call.json": "d8918759fece4e608c886b4eaa3c00d88bb363a4e33b725c1d932efeeca060ff",
native (windows-2025, windows-x86_64)	Execute official pinned binary on actual platform	2026-10-08T11:44:37.7176786Z     "005-stderr.log": "e3b0c44298fc1c149afbf4c8996fb92427ae41e4649b934ca495991b7852b855",
native (windows-2025, windows-x86_64)	Execute official pinned binary on actual platform	2026-10-08T11:44:37.7177239Z     "005-stdout.log": "05a0254bf621f2c5607ace0e81c83d283b2c27685a1169e3ee97d808b0b72886",
native (windows-2025, windows-x86_64)	Execute official pinned binary on actual platform	2026-10-08T11:44:37.7177701Z     "006-call.json": "d74a481080c9b6c205f01c52f5aa56728dae35d1970aaec6fe93433452e71d32",
native (windows-2025, windows-x86_64)	Execute official pinned binary on actual platform	2026-10-08T11:44:37.7178161Z     "006-stderr.log": "e3b0c44298fc1c149afbf4c8996fb92427ae41e4649b934ca495991b7852b855",
native (windows-2025, windows-x86_64)	Execute official pinned binary on actual platform	2026-10-08T11:44:37.7178614Z     "006-stdout.log": "1a04a191ace245e98cc7421a421c6dc44d0237a6d3e2d591272e8eb36e84dd0b",
native (windows-2025, windows-x86_64)	Execute official pinned binary on actual platform	2026-10-08T11:44:37.7179067Z     "007-call.json": "182f6c20a67e1e57efc21bf6cd83ce7669e13a37c8724b7aee2825c052dc80c8",
native (windows-2025, windows-x86_64)	Execute official pinned binary on actual platform	2026-10-08T11:44:37.7179518Z     "007-stderr.log": "e3b0c44298fc1c149afbf4c8996fb92427ae41e4649b934ca495991b7852b855",
native (windows-2025, windows-x86_64)	Execute official pinned binary on actual platform	2026-10-08T11:44:37.7179982Z     "007-stdout.log": "86696a16aacf0f57f3bb129451d6fc4beeb518901609ed93dab29339eec83057",
native (windows-2025, windows-x86_64)	Execute official pinned binary on actual platform	2026-10-08T11:44:37.7180446Z     "008-call.json": "5371006ddb58105f29bccbdf4d72dba1ea7390c3f3ea0621713641301eae7784",
native (windows-2025, windows-x86_64)	Execute official pinned binary on actual platform	2026-10-08T11:44:37.7180968Z     "008-stderr.log": "34ac5348f085f60e7679f8b5b75b9ac38ffdad55aef5c0366810f22e5274b063",
native (windows-2025, windows-x86_64)	Execute official pinned binary on actual platform	2026-10-08T11:44:37.7181429Z     "008-stdout.log": "e3b0c44298fc1c149afbf4c8996fb92427ae41e4649b934ca495991b7852b855",
native (windows-2025, windows-x86_64)	Execute official pinned binary on actual platform	2026-10-08T11:44:37.7181894Z     "009-call.json": "c76b2e9fcba4fee5295b34ffd49368ce0e2b68322e9c72b26c79afe73d321351",
native (windows-2025, windows-x86_64)	Execute official pinned binary on actual platform	2026-10-08T11:44:37.7182574Z     "009-stderr.log": "e3b0c44298fc1c149afbf4c8996fb92427ae41e4649b934ca495991b7852b855",
native (windows-2025, windows-x86_64)	Execute official pinned binary on actual platform	2026-10-08T11:44:37.7183031Z     "009-stdout.log": "f962d7a802f646db2e4b6841a3c730c73242dab5f8101e7e73e10d45d97632e6",
native (windows-2025, windows-x86_64)	Execute official pinned binary on actual platform	2026-10-08T11:44:37.7183492Z     "010-call.json": "506309eda4c573bf4ab85cfeee672503b8ccdd82b20232e8b02c05ea39cd59c7",
native (windows-2025, windows-x86_64)	Execute official pinned binary on actual platform	2026-10-08T11:44:37.7184083Z     "010-stderr.log": "e3b0c44298fc1c149afbf4c8996fb92427ae41e4649b934ca495991b7852b855",
native (windows-2025, windows-x86_64)	Execute official pinned binary on actual platform	2026-10-08T11:44:37.7184551Z     "010-stdout.log": "95dcf5ee93553a53269375b7f32a7ee6f25b164036e5c648bd8084bd65d84da1",
native (windows-2025, windows-x86_64)	Execute official pinned binary on actual platform	2026-10-08T11:44:37.7185082Z     "011-call.json": "d9d86721d6d72873c3ad5f5909f2556b0147b197fd8915ee4abf5b2bcbe9a7ed",
native (windows-2025, windows-x86_64)	Execute official pinned binary on actual platform	2026-10-08T11:44:37.7185543Z     "011-stderr.log": "e3b0c44298fc1c149afbf4c8996fb92427ae41e4649b934ca495991b7852b855",
native (windows-2025, windows-x86_64)	Execute official pinned binary on actual platform	2026-10-08T11:44:37.7185955Z     "011-stdout.log": "1a04a191ace245e98cc7421a421c6dc44d0237a6d3e2d591272e8eb36e84dd0b",
native (windows-2025, windows-x86_64)	Execute official pinned binary on actual platform	2026-10-08T11:44:37.7186374Z     "012-call.json": "e338a0fdffb83c7467dc5f8397e29094ec80fc79f38e6cbb61a24b8b0a884b7e",
native (windows-2025, windows-x86_64)	Execute official pinned binary on actual platform	2026-10-08T11:44:37.7186656Z     "012-stderr.log": "e3b0c44298fc1c149afbf4c8996fb92427ae41e4649b934ca495991b7852b855",
native (windows-2025, windows-x86_64)	Execute official pinned binary on actual platform	2026-10-08T11:44:37.7186943Z     "012-stdout.log": "86696a16aacf0f57f3bb129451d6fc4beeb518901609ed93dab29339eec83057",
native (windows-2025, windows-x86_64)	Execute official pinned binary on actual platform	2026-10-08T11:44:37.7187226Z     "013-call.json": "93236aaf8067bd95828ceebc1e95c358ed23287f04f78bb3aca9b5e0cb4a03b2",
native (windows-2025, windows-x86_64)	Execute official pinned binary on actual platform	2026-10-08T11:44:37.7187504Z     "013-stderr.log": "e3b0c44298fc1c149afbf4c8996fb92427ae41e4649b934ca495991b7852b855",
native (windows-2025, windows-x86_64)	Execute official pinned binary on actual platform	2026-10-08T11:44:37.7187782Z     "013-stdout.log": "05a0254bf621f2c5607ace0e81c83d283b2c27685a1169e3ee97d808b0b72886",
native (windows-2025, windows-x86_64)	Execute official pinned binary on actual platform	2026-10-08T11:44:37.7188061Z     "014-call.json": "47b14518652b378b8b2b773aa5a21f0b40594a1701e104b107c1ca1c5ee941e6",
native (windows-2025, windows-x86_64)	Execute official pinned binary on actual platform	2026-10-08T11:44:37.7188336Z     "014-stderr.log": "f5823b81062be25f7924346006a2ad8d8cc9edb8022b3f923c89c3f4c7424c6c",
native (windows-2025, windows-x86_64)	Execute official pinned binary on actual platform	2026-10-08T11:44:37.7188616Z     "014-stdout.log": "e3b0c44298fc1c149afbf4c8996fb92427ae41e4649b934ca495991b7852b855",
native (windows-2025, windows-x86_64)	Execute official pinned binary on actual platform	2026-10-08T11:44:37.7188901Z     "015-call.json": "82614edcd40eb10716eb1b64d5639f97f425dddbd53b620891ad02f4fa63c4e4",
native (windows-2025, windows-x86_64)	Execute official pinned binary on actual platform	2026-10-08T11:44:37.7189180Z     "015-stderr.log": "e3b0c44298fc1c149afbf4c8996fb92427ae41e4649b934ca495991b7852b855",
native (windows-2025, windows-x86_64)	Execute official pinned binary on actual platform	2026-10-08T11:44:37.7189458Z     "015-stdout.log": "63ab1ccc904c718a05b3d174863b990ac1ebe9b1d5ffb26b1695898d9c524bbd",
native (windows-2025, windows-x86_64)	Execute official pinned binary on actual platform	2026-10-08T11:44:37.7189737Z     "016-call.json": "5d28705001a1baef11f96fe620f55ad993293db2a6b3d6e95a6c53339f6ba258",
native (windows-2025, windows-x86_64)	Execute official pinned binary on actual platform	2026-10-08T11:44:37.7190011Z     "016-stderr.log": "e3b0c44298fc1c149afbf4c8996fb92427ae41e4649b934ca495991b7852b855",
native (windows-2025, windows-x86_64)	Execute official pinned binary on actual platform	2026-10-08T11:44:37.7190290Z     "016-stdout.log": "e5be271f06a4db6ed324e6602a606fab6825809e447a9201d45597445d697555",
native (windows-2025, windows-x86_64)	Execute official pinned binary on actual platform	2026-10-08T11:44:37.7190570Z     "017-call.json": "f13c3e71190d3bc2a13becbce9650fbc0b3968358335525ff6c4d07dad0d3cb7",
native (windows-2025, windows-x86_64)	Execute official pinned binary on actual platform	2026-10-08T11:44:37.7190849Z     "017-stderr.log": "e3b0c44298fc1c149afbf4c8996fb92427ae41e4649b934ca495991b7852b855",
native (windows-2025, windows-x86_64)	Execute official pinned binary on actual platform	2026-10-08T11:44:37.7191127Z     "017-stdout.log": "1a04a191ace245e98cc7421a421c6dc44d0237a6d3e2d591272e8eb36e84dd0b",
native (windows-2025, windows-x86_64)	Execute official pinned binary on actual platform	2026-10-08T11:44:37.7191403Z     "018-call.json": "6f630e7b5f49b7b8cc9dd63a5d171083dfe1644342e6d1ef53e9cb8e7c5275e4",
native (windows-2025, windows-x86_64)	Execute official pinned binary on actual platform	2026-10-08T11:44:37.7191683Z     "018-stderr.log": "e3b0c44298fc1c149afbf4c8996fb92427ae41e4649b934ca495991b7852b855",
native (windows-2025, windows-x86_64)	Execute official pinned binary on actual platform	2026-10-08T11:44:37.7191963Z     "018-stdout.log": "86696a16aacf0f57f3bb129451d6fc4beeb518901609ed93dab29339eec83057",
native (windows-2025, windows-x86_64)	Execute official pinned binary on actual platform	2026-10-08T11:44:37.7192241Z     "019-call.json": "d3c31c3de3850a97026019ed167d7ab3a5acbc32d149f023de1f0c01ee76a28a",
native (windows-2025, windows-x86_64)	Execute official pinned binary on actual platform	2026-10-08T11:44:37.7192515Z     "019-stderr.log": "e3b0c44298fc1c149afbf4c8996fb92427ae41e4649b934ca495991b7852b855",
native (windows-2025, windows-x86_64)	Execute official pinned binary on actual platform	2026-10-08T11:44:37.7192790Z     "019-stdout.log": "05a0254bf621f2c5607ace0e81c83d283b2c27685a1169e3ee97d808b0b72886",
native (windows-2025, windows-x86_64)	Execute official pinned binary on actual platform	2026-10-08T11:44:37.7193065Z     "020-call.json": "ad238a3ad069087f6962c294bf5d863568b3a88b2860f9229ab8e94fbde9a1fa",
native (windows-2025, windows-x86_64)	Execute official pinned binary on actual platform	2026-10-08T11:44:37.7193336Z     "020-stderr.log": "2d011927f27fa972e4e451dbf56174bb05571235315da99618151b138d2f2ce6",
native (windows-2025, windows-x86_64)	Execute official pinned binary on actual platform	2026-10-08T11:44:37.7193609Z     "020-stdout.log": "e3b0c44298fc1c149afbf4c8996fb92427ae41e4649b934ca495991b7852b855",
native (windows-2025, windows-x86_64)	Execute official pinned binary on actual platform	2026-10-08T11:44:37.7193882Z     "021-call.json": "c1d0d831bd8adad0cc68235490c2543a2ad801425d51d48db799f2597fd754e5",
native (windows-2025, windows-x86_64)	Execute official pinned binary on actual platform	2026-10-08T11:44:37.7194157Z     "021-stderr.log": "e3b0c44298fc1c149afbf4c8996fb92427ae41e4649b934ca495991b7852b855",
native (windows-2025, windows-x86_64)	Execute official pinned binary on actual platform	2026-10-08T11:44:37.7194839Z     "021-stdout.log": "7fba30676c24acbf8d5622ad11ab4cbe9571c97aee05f6a2e78a66971dd3a4a6",
native (windows-2025, windows-x86_64)	Execute official pinned binary on actual platform	2026-10-08T11:44:37.7195120Z     "022-call.json": "562eeb684753d69d78dedead6af6f7fbe24c087b6c9c71d48434eb1605a2b9ef",
native (windows-2025, windows-x86_64)	Execute official pinned binary on actual platform	2026-10-08T11:44:37.7195461Z     "022-stderr.log": "e3b0c44298fc1c149afbf4c8996fb92427ae41e4649b934ca495991b7852b855",
native (windows-2025, windows-x86_64)	Execute official pinned binary on actual platform	2026-10-08T11:44:37.7195737Z     "022-stdout.log": "161e1c0372f5d2b053c8285e18ce8f773a7d0fea1e43820635e05c8e0747bc4a",
native (windows-2025, windows-x86_64)	Execute official pinned binary on actual platform	2026-10-08T11:44:37.7196015Z     "023-call.json": "e17af7840c9e8bb04d57ef5507eb29c43d999d70ddfc2b59a84fadfa3eb7e9c7",
native (windows-2025, windows-x86_64)	Execute official pinned binary on actual platform	2026-10-08T11:44:37.7196297Z     "023-stderr.log": "e3b0c44298fc1c149afbf4c8996fb92427ae41e4649b934ca495991b7852b855",
native (windows-2025, windows-x86_64)	Execute official pinned binary on actual platform	2026-10-08T11:44:37.7196575Z     "023-stdout.log": "c33d9b49d7052eb9a2f723b17bfb56e0f54b400d2a59fb098cd50cc19f0d73ec",
native (windows-2025, windows-x86_64)	Execute official pinned binary on actual platform	2026-10-08T11:44:37.7196850Z     "024-call.json": "0210559c24b6d90215fcb8b328c1d6a54c6936d1907fd94e2b0193af72e6daa1",
native (windows-2025, windows-x86_64)	Execute official pinned binary on actual platform	2026-10-08T11:44:37.7197122Z     "024-stderr.log": "e3b0c44298fc1c149afbf4c8996fb92427ae41e4649b934ca495991b7852b855",
native (windows-2025, windows-x86_64)	Execute official pinned binary on actual platform	2026-10-08T11:44:37.7197406Z     "024-stdout.log": "33343d8e3983017124cdc4cddc1e91d1f4a53f393adaa8d0155ed1f27ce1186e",
native (windows-2025, windows-x86_64)	Execute official pinned binary on actual platform	2026-10-08T11:44:37.7197690Z     "025-call.json": "31d6085f188a9aedffd62f4cc9d0165597f0e0acf77b1d8afe630f99c54eb308",
native (windows-2025, windows-x86_64)	Execute official pinned binary on actual platform	2026-10-08T11:44:37.7197973Z     "025-stderr.log": "34ac5348f085f60e7679f8b5b75b9ac38ffdad55aef5c0366810f22e5274b063",
native (windows-2025, windows-x86_64)	Execute official pinned binary on actual platform	2026-10-08T11:44:37.7198254Z     "025-stdout.log": "e3b0c44298fc1c149afbf4c8996fb92427ae41e4649b934ca495991b7852b855",
native (windows-2025, windows-x86_64)	Execute official pinned binary on actual platform	2026-10-08T11:44:37.7198527Z     "026-call.json": "b77e84e48b447c7e1f3170612337c974779501f7df275ad12c4eca316467ae31",
native (windows-2025, windows-x86_64)	Execute official pinned binary on actual platform	2026-10-08T11:44:37.7198800Z     "026-stderr.log": "e3b0c44298fc1c149afbf4c8996fb92427ae41e4649b934ca495991b7852b855",
native (windows-2025, windows-x86_64)	Execute official pinned binary on actual platform	2026-10-08T11:44:37.7199081Z     "026-stdout.log": "3f224273fe3508bb2315bdadd92a360d5c5b33591d0f7b82e7731603df224740",
native (windows-2025, windows-x86_64)	Execute official pinned binary on actual platform	2026-10-08T11:44:37.7199360Z     "027-call.json": "ff103a407bb442c653dc6420e9c6245ddb31a8790a17986f5e730dc02035e36d",
native (windows-2025, windows-x86_64)	Execute official pinned binary on actual platform	2026-10-08T11:44:37.7199640Z     "027-stderr.log": "e3b0c44298fc1c149afbf4c8996fb92427ae41e4649b934ca495991b7852b855",
native (windows-2025, windows-x86_64)	Execute official pinned binary on actual platform	2026-10-08T11:44:37.7200490Z     "027-stdout.log": "9c64388fb2299d6cf2bd4fd232c9a9c1325eb8ded2d95265d28ff6648bda4e8b",
native (windows-2025, windows-x86_64)	Execute official pinned binary on actual platform	2026-10-08T11:44:37.7200962Z     "028-call.json": "c4f4cdcfa55432d8c54348a39dab999d77ae28f8def7fcf44cd122543d8bff52",
native (windows-2025, windows-x86_64)	Execute official pinned binary on actual platform	2026-10-08T11:44:37.7201249Z     "028-stderr.log": "e3b0c44298fc1c149afbf4c8996fb92427ae41e4649b934ca495991b7852b855",
native (windows-2025, windows-x86_64)	Execute official pinned binary on actual platform	2026-10-08T11:44:37.7201531Z     "028-stdout.log": "01ba4719c80b6fe911b091a7c05124b64eeece964e09c058ef8f9805daca546b",
native (windows-2025, windows-x86_64)	Execute official pinned binary on actual platform	2026-10-08T11:44:37.7201931Z     "029-call.json": "212bdc8c5db1c7f15c6b16bcf42504ce65d5e8aeddfc6946fab5e1423031a61f",
native (windows-2025, windows-x86_64)	Execute official pinned binary on actual platform	2026-10-08T11:44:37.7202213Z     "029-stderr.log": "e3b0c44298fc1c149afbf4c8996fb92427ae41e4649b934ca495991b7852b855",
native (windows-2025, windows-x86_64)	Execute official pinned binary on actual platform	2026-10-08T11:44:37.7202493Z     "029-stdout.log": "e42f539d1a40c666c44eb59408aa1960ff53111240b7b542db5aafcf272f0ff6",
native (windows-2025, windows-x86_64)	Execute official pinned binary on actual platform	2026-10-08T11:44:37.7202775Z     "030-call.json": "d4898b4bbb413f5c8801aa73f9e3c926dde516cf3c8acee6d7b0ca803140c9ef",
native (windows-2025, windows-x86_64)	Execute official pinned binary on actual platform	2026-10-08T11:44:37.7203056Z     "030-stderr.log": "e3b0c44298fc1c149afbf4c8996fb92427ae41e4649b934ca495991b7852b855",
native (windows-2025, windows-x86_64)	Execute official pinned binary on actual platform	2026-10-08T11:44:37.7203333Z     "030-stdout.log": "05a0254bf621f2c5607ace0e81c83d283b2c27685a1169e3ee97d808b0b72886",
native (windows-2025, windows-x86_64)	Execute official pinned binary on actual platform	2026-10-08T11:44:37.7203611Z     "031-call.json": "7c12a2a260adec2a64add0379b00995e2347fe8118578d1b8bf9c38a4fe34560",
native (windows-2025, windows-x86_64)	Execute official pinned binary on actual platform	2026-10-08T11:44:37.7203888Z     "031-stderr.log": "e3b0c44298fc1c149afbf4c8996fb92427ae41e4649b934ca495991b7852b855",
native (windows-2025, windows-x86_64)	Execute official pinned binary on actual platform	2026-10-08T11:44:37.7204176Z     "031-stdout.log": "4b9add1dad4dfe1bc180fde1d5de9abc92d2eff62b34490041bb6afcdf589dbf",
native (windows-2025, windows-x86_64)	Execute official pinned binary on actual platform	2026-10-08T11:44:37.7204467Z     "032-call.json": "44bbea63078fbdf19411fec864e8425f456da736a2e5faa724c38289be8342f0",
native (windows-2025, windows-x86_64)	Execute official pinned binary on actual platform	2026-10-08T11:44:37.7204746Z     "032-stderr.log": "f9a8c8e6065b5aa575fd85f8a88fca10614bc2b4c149189399701de45be7f248",
native (windows-2025, windows-x86_64)	Execute official pinned binary on actual platform	2026-10-08T11:44:37.7205024Z     "032-stdout.log": "e3b0c44298fc1c149afbf4c8996fb92427ae41e4649b934ca495991b7852b855",
native (windows-2025, windows-x86_64)	Execute official pinned binary on actual platform	2026-10-08T11:44:37.7205386Z     "crop.json": "3ef167d3e5dc46a5aee45b1e94c9a538dfdd9de696db3e06ba6b071068375ae8",
native (windows-2025, windows-x86_64)	Execute official pinned binary on actual platform	2026-10-08T11:44:37.7205662Z     "crop.pam": "800e5debd6af3433e00f8d0661b056aba194e6399b6f6115cbf4c76a1e3d5a33",
native (windows-2025, windows-x86_64)	Execute official pinned binary on actual platform	2026-10-08T11:44:37.7205924Z     "crop.pdf": "e28e03287fa277055507875901cddd817a8b71c2707b42122a5fea75089c9e9b",
native (windows-2025, windows-x86_64)	Execute official pinned binary on actual platform	2026-10-08T11:44:37.7206256Z     "form-reopen.json": "b42e91d1dc3081fe5362fdc0276739ee45a8b0b4a3716872154dc203be9b5d9a",
native (windows-2025, windows-x86_64)	Execute official pinned binary on actual platform	2026-10-08T11:44:37.7206543Z     "form.json": "3332586ee27247d223baef0ffa476791625689f64011995564daa3f097d57136",
native (windows-2025, windows-x86_64)	Execute official pinned binary on actual platform	2026-10-08T11:44:37.7206804Z     "form.pdf": "6b4517eb98a1aec968afd07fd09b17c7f6222182b9f4a832b6f11801efc5445d",
native (windows-2025, windows-x86_64)	Execute official pinned binary on actual platform	2026-10-08T11:44:37.7207088Z     "ocr-english.json": "f560569ed00e299be80490a1f7e1683e45bb302043f6d72d9c8162affeed0978",
native (windows-2025, windows-x86_64)	Execute official pinned binary on actual platform	2026-10-08T11:44:37.7207388Z     "ocr-english.pam": "6db18d931d460ff50a4536ca589428ff9e7aadeb2f534bde9f96ae5521ea8f21",
native (windows-2025, windows-x86_64)	Execute official pinned binary on actual platform	2026-10-08T11:44:37.7207689Z     "ocr-english.pdf": "ce21aeb00506ebea6f7c0df08e68eb2ed3ef9d08ff5ca38eab98dd82b5669d86",
native (windows-2025, windows-x86_64)	Execute official pinned binary on actual platform	2026-10-08T11:44:37.7208005Z     "ocr-model-status.json": "6161ea666f691e9c037f3a6dac087fc9f21e5b2cf2e436c74163208afda864c2",
native (windows-2025, windows-x86_64)	Execute official pinned binary on actual platform	2026-10-08T11:44:37.7208311Z     "ocr-status.json": "6161ea666f691e9c037f3a6dac087fc9f21e5b2cf2e436c74163208afda864c2",
native (windows-2025, windows-x86_64)	Execute official pinned binary on actual platform	2026-10-08T11:44:37.7208604Z     "redact.json": "b88f5f111c515bef06208aeaa0f21f13f8a85dc8ada26c3d2b4c13d2313e17cb",
native (windows-2025, windows-x86_64)	Execute official pinned binary on actual platform	2026-10-08T11:44:37.7208889Z     "redacted.pam": "91986fe8ceef5be0c48e7fd3613c9d3d8985018c621e5932e99d71191a20c7c9",
native (windows-2025, windows-x86_64)	Execute official pinned binary on actual platform	2026-10-08T11:44:37.7209172Z     "redacted.pdf": "ead808f5e4fd3195a626b3cacc9e1ae24964da4925fd937e05875cd253c753b7",
native (windows-2025, windows-x86_64)	Execute official pinned binary on actual platform	2026-10-08T11:44:37.7209449Z     "reorder.json": "4f3109250063de2886b50e5edeeeb524a1f9449b41a49b1835c1a0bc59426012",
native (windows-2025, windows-x86_64)	Execute official pinned binary on actual platform	2026-10-08T11:44:37.7209725Z     "reorder.pam": "6db18d931d460ff50a4536ca589428ff9e7aadeb2f534bde9f96ae5521ea8f21",
native (windows-2025, windows-x86_64)	Execute official pinned binary on actual platform	2026-10-08T11:44:37.7210000Z     "reorder.pdf": "08ef14ea78d64c6e1431b9e7c2ba98f14d8429d97d5173c58788819b4e7f9358",
native (windows-2025, windows-x86_64)	Execute official pinned binary on actual platform	2026-10-08T11:44:37.7210273Z     "rotate.json": "5236f0d2ac1921d00f80c6e5012620dcbde2d1fdda272629c2e56ad623a7fed0",
native (windows-2025, windows-x86_64)	Execute official pinned binary on actual platform	2026-10-08T11:44:37.7210551Z     "rotate.pam": "6c8181dcc97ff857c58fb82b0409fbc8841793cb9fb0b348df5919555968d91e",
native (windows-2025, windows-x86_64)	Execute official pinned binary on actual platform	2026-10-08T11:44:37.7210828Z     "rotate.pdf": "5c6a6358bbf3be7e63a52a02d01f21ccebf8755fb763794075a778ead6b43c8a",
native (windows-2025, windows-x86_64)	Execute official pinned binary on actual platform	2026-10-08T11:44:37.7211115Z     "scan-english.pdf": "c244d838826a97532fa94f6c865ab46c8ae7d91713106ecabe8eb4844d33dddb",
native (windows-2025, windows-x86_64)	Execute official pinned binary on actual platform	2026-10-08T11:44:37.7211394Z     "source.pdf": "9d035b63e05cfeb06b0985db1582f14185f99931a51eda69718764e91fdc0a0a",
native (windows-2025, windows-x86_64)	Execute official pinned binary on actual platform	2026-10-08T11:44:37.7211665Z     "tools.json": "e04b35a28c0050dd4f88f8d9d8e21b722f09a0bd1a452bebe6b168fb06f519ae"
native (windows-2025, windows-x86_64)	Execute official pinned binary on actual platform	2026-10-08T11:44:37.7211863Z   },
native (windows-2025, windows-x86_64)	Execute official pinned binary on actual platform	2026-10-08T11:44:37.7211977Z   "finishedAt": "2026-10-08T11:44:37.709326+00:00"
native (windows-2025, windows-x86_64)	Execute official pinned binary on actual platform	2026-10-08T11:44:37.7212132Z }
native (windows-2025, windows-x86_64)	Preserve native observations even on failure	﻿2026-10-08T11:44:37.8350967Z ##[group]Run actions/upload-artifact@v4
native (windows-2025, windows-x86_64)	Preserve native observations even on failure	2026-10-08T11:44:37.8351163Z with:
native (windows-2025, windows-x86_64)	Preserve native observations even on failure	2026-10-08T11:44:37.8351278Z   name: native-windows-x86_64-37772042337
native (windows-2025, windows-x86_64)	Preserve native observations even on failure	2026-10-08T11:44:37.8351545Z   path: native-evidence/*.json
native (windows-2025, windows-x86_64)	Preserve native observations even on failure	native-evidence/*.log
native (windows-2025, windows-x86_64)	Preserve native observations even on failure	native-evidence/*.pdf
native (windows-2025, windows-x86_64)	Preserve native observations even on failure	native-evidence/*.pam
native (windows-2025, windows-x86_64)	Preserve native observations even on failure	
native (windows-2025, windows-x86_64)	Preserve native observations even on failure	2026-10-08T11:44:37.8351802Z   if-no-files-found: error
native (windows-2025, windows-x86_64)	Preserve native observations even on failure	2026-10-08T11:44:37.8351938Z   compression-level: 6
native (windows-2025, windows-x86_64)	Preserve native observations even on failure	2026-10-08T11:44:37.8352047Z   overwrite: false
native (windows-2025, windows-x86_64)	Preserve native observations even on failure	2026-10-08T11:44:37.8352159Z   include-hidden-files: false
native (windows-2025, windows-x86_64)	Preserve native observations even on failure	2026-10-08T11:44:37.8352281Z env:
native (windows-2025, windows-x86_64)	Preserve native observations even on failure	2026-10-08T11:44:37.8352418Z   pythonLocation: C:\hostedtoolcache\windows\Python\3.13.15\x64
native (windows-2025, windows-x86_64)	Preserve native observations even on failure	2026-10-08T11:44:37.8352661Z   PKG_CONFIG_PATH: C:\hostedtoolcache\windows\Python\3.13.15\x64/lib/pkgconfig
native (windows-2025, windows-x86_64)	Preserve native observations even on failure	2026-10-08T11:44:37.8352897Z   Python_ROOT_DIR: C:\hostedtoolcache\windows\Python\3.13.15\x64
native (windows-2025, windows-x86_64)	Preserve native observations even on failure	2026-10-08T11:44:37.8353112Z   Python2_ROOT_DIR: C:\hostedtoolcache\windows\Python\3.13.15\x64
native (windows-2025, windows-x86_64)	Preserve native observations even on failure	2026-10-08T11:44:37.8353318Z   Python3_ROOT_DIR: C:\hostedtoolcache\windows\Python\3.13.15\x64
native (windows-2025, windows-x86_64)	Preserve native observations even on failure	2026-10-08T11:44:37.8353511Z ##[endgroup]
native (windows-2025, windows-x86_64)	Preserve native observations even on failure	2026-10-08T11:44:37.9549892Z (node:5244) [DEP0040] DeprecationWarning: The `punycode` module is deprecated. Please use a userland alternative instead.
native (windows-2025, windows-x86_64)	Preserve native observations even on failure	2026-10-08T11:44:37.9551283Z (Use `node --trace-deprecation ...` to show where the warning was created)
native (windows-2025, windows-x86_64)	Preserve native observations even on failure	2026-10-08T11:44:37.9723102Z With the provided path, there will be 120 files uploaded
native (windows-2025, windows-x86_64)	Preserve native observations even on failure	2026-10-08T11:44:37.9727298Z Artifact name is valid!
native (windows-2025, windows-x86_64)	Preserve native observations even on failure	2026-10-08T11:44:37.9728164Z Root directory input is valid!
native (windows-2025, windows-x86_64)	Preserve native observations even on failure	2026-10-08T11:44:38.2788409Z Beginning upload of artifact content to blob storage
native (windows-2025, windows-x86_64)	Preserve native observations even on failure	2026-10-08T11:44:38.4149645Z (node:5244) [DEP0169] DeprecationWarning: `url.parse()` behavior is not standardized and prone to errors that have security implications. Use the WHATWG URL API instead. CVEs are not issued for `url.parse()` vulnerabilities.
native (windows-2025, windows-x86_64)	Preserve native observations even on failure	2026-10-08T11:44:38.6167113Z Uploaded bytes 113503
native (windows-2025, windows-x86_64)	Preserve native observations even on failure	2026-10-08T11:44:38.6542776Z Finished uploading artifact content to blob storage!
native (windows-2025, windows-x86_64)	Preserve native observations even on failure	2026-10-08T11:44:38.6543573Z SHA256 digest of uploaded artifact zip is b8667f1c5836d06386647ee1f868116d42ea925d65ab5e34099f7fd34e2ee8b6
native (windows-2025, windows-x86_64)	Preserve native observations even on failure	2026-10-08T11:44:38.6544966Z Finalizing artifact upload
native (windows-2025, windows-x86_64)	Preserve native observations even on failure	2026-10-08T11:44:38.8946213Z Artifact native-windows-x86_64-37772042337.zip successfully finalized. Artifact ID 11548037833
native (windows-2025, windows-x86_64)	Preserve native observations even on failure	2026-10-08T11:44:38.8946830Z Artifact native-windows-x86_64-37772042337 has been successfully uploaded! Final size is 113503 bytes. Artifact ID is 11548037833
native (windows-2025, windows-x86_64)	Preserve native observations even on failure	2026-10-08T11:44:38.8954269Z Artifact download URL: https://github.com/full-aigc-skills/printcraft-skills/actions/runs/37772042337/artifacts/11548037833
native (windows-2025, windows-x86_64)	Post Run actions/setup-python@v5	﻿2026-10-08T11:44:38.9203799Z Post job cleanup.
native (windows-2025, windows-x86_64)	Post Run actions/setup-python@v5	2026-10-08T11:44:39.0101680Z (node:7796) [DEP0040] DeprecationWarning: The `punycode` module is deprecated. Please use a userland alternative instead.
native (windows-2025, windows-x86_64)	Post Run actions/setup-python@v5	2026-10-08T11:44:39.0102120Z (Use `node --trace-deprecation ...` to show where the warning was created)
native (windows-2025, windows-x86_64)	Post Run actions/checkout@v4	﻿2026-10-08T11:44:39.0311727Z Post job cleanup.
native (windows-2025, windows-x86_64)	Post Run actions/checkout@v4	2026-10-08T11:44:39.1346468Z [command]"C:\Program Files\Git\bin\git.exe" version
native (windows-2025, windows-x86_64)	Post Run actions/checkout@v4	2026-10-08T11:44:39.1526846Z git version 2.55.0.windows.5
native (windows-2025, windows-x86_64)	Post Run actions/checkout@v4	2026-10-08T11:44:39.1568521Z Temporarily overriding HOME='D:\a\_temp\598d579c-ba19-41bd-92c3-f801fb6b14cf' before making global git config changes
native (windows-2025, windows-x86_64)	Post Run actions/checkout@v4	2026-10-08T11:44:39.1569096Z Adding repository directory to the temporary git global config as a safe directory
native (windows-2025, windows-x86_64)	Post Run actions/checkout@v4	2026-10-08T11:44:39.1575217Z [command]"C:\Program Files\Git\bin\git.exe" config --global --add safe.directory D:\a\printcraft-skills\printcraft-skills
native (windows-2025, windows-x86_64)	Post Run actions/checkout@v4	2026-10-08T11:44:39.1761451Z [command]"C:\Program Files\Git\bin\git.exe" config --local --name-only --get-regexp core\.sshCommand
native (windows-2025, windows-x86_64)	Post Run actions/checkout@v4	2026-10-08T11:44:39.1944139Z [command]"C:\Program Files\Git\bin\git.exe" submodule foreach --recursive "sh -c \"git config --local --name-only --get-regexp 'core\.sshCommand' && git config --local --unset-all 'core.sshCommand' || :\""
native (windows-2025, windows-x86_64)	Post Run actions/checkout@v4	2026-10-08T11:44:39.6016136Z [command]"C:\Program Files\Git\bin\git.exe" config --local --name-only --get-regexp http\.https\:\/\/github\.com\/\.extraheader
native (windows-2025, windows-x86_64)	Post Run actions/checkout@v4	2026-10-08T11:44:39.6171554Z http.https://github.com/.extraheader
native (windows-2025, windows-x86_64)	Post Run actions/checkout@v4	2026-10-08T11:44:39.6199221Z [command]"C:\Program Files\Git\bin\git.exe" config --local --unset-all http.https://github.com/.extraheader
native (windows-2025, windows-x86_64)	Post Run actions/checkout@v4	2026-10-08T11:44:39.6375581Z [command]"C:\Program Files\Git\bin\git.exe" submodule foreach --recursive "sh -c \"git config --local --name-only --get-regexp 'http\.https\:\/\/github\.com\/\.extraheader' && git config --local --unset-all 'http.https://github.com/.extraheader' || :\""
native (windows-2025, windows-x86_64)	Post Run actions/checkout@v4	2026-10-08T11:44:39.9891842Z [command]"C:\Program Files\Git\bin\git.exe" config --local --name-only --get-regexp ^includeIf\.gitdir:
native (windows-2025, windows-x86_64)	Post Run actions/checkout@v4	2026-10-08T11:44:40.0083598Z [command]"C:\Program Files\Git\bin\git.exe" submodule foreach --recursive "git config --local --show-origin --name-only --get-regexp remote.origin.url"
native (windows-2025, windows-x86_64)	Complete job	﻿2026-10-08T11:44:40.4647832Z Cleaning up orphan processes
native (windows-2025, windows-x86_64)	Complete job	2026-10-08T11:44:40.4679485Z ##[warning]Node.js 20 is deprecated. The following actions target Node.js 20 but are being forced to run on Node.js 24: actions/checkout@v4, actions/setup-python@v5, actions/upload-artifact@v4. For more information see: https://github.blog/changelog/2025-09-19-deprecation-of-node-20-on-github-actions-runners/
native (ubuntu-24.04, linux-x86_64)	Set up job	﻿2026-10-08T11:44:28.1379209Z Current runner version: '2.337.0'
native (ubuntu-24.04, linux-x86_64)	Set up job	2026-10-08T11:44:28.1406599Z ##[group]Runner Image Provisioner
native (ubuntu-24.04, linux-x86_64)	Set up job	2026-10-08T11:44:28.1407607Z Hosted Compute Agent
native (ubuntu-24.04, linux-x86_64)	Set up job	2026-10-08T11:44:28.1408316Z Version: 20260901.588
native (ubuntu-24.04, linux-x86_64)	Set up job	2026-10-08T11:44:28.1409000Z Commit: f88ec8081b781fac6c440065ac7ff9e710ce3d0b
native (ubuntu-24.04, linux-x86_64)	Set up job	2026-10-08T11:44:28.1409822Z Build Date: 2026-09-01T19:56:44Z
native (ubuntu-24.04, linux-x86_64)	Set up job	2026-10-08T11:44:28.1410605Z Worker ID: {5ef2797b-e397-487d-b5f0-34d3dc60d986}
native (ubuntu-24.04, linux-x86_64)	Set up job	2026-10-08T11:44:28.1411354Z Azure Region: westcentralus
native (ubuntu-24.04, linux-x86_64)	Set up job	2026-10-08T11:44:28.1412008Z ##[endgroup]
native (ubuntu-24.04, linux-x86_64)	Set up job	2026-10-08T11:44:28.1413783Z ##[group]Operating System
native (ubuntu-24.04, linux-x86_64)	Set up job	2026-10-08T11:44:28.1414485Z Ubuntu
native (ubuntu-24.04, linux-x86_64)	Set up job	2026-10-08T11:44:28.1415125Z 24.04.5
native (ubuntu-24.04, linux-x86_64)	Set up job	2026-10-08T11:44:28.1415669Z LTS
native (ubuntu-24.04, linux-x86_64)	Set up job	2026-10-08T11:44:28.1416208Z ##[endgroup]
native (ubuntu-24.04, linux-x86_64)	Set up job	2026-10-08T11:44:28.1416853Z ##[group]Runner Image
native (ubuntu-24.04, linux-x86_64)	Set up job	2026-10-08T11:44:28.1417572Z Image: ubuntu-24.04
native (ubuntu-24.04, linux-x86_64)	Set up job	2026-10-08T11:44:28.1418219Z Version: 20260927.320.1
native (ubuntu-24.04, linux-x86_64)	Set up job	2026-10-08T11:44:28.1419321Z Included Software: https://github.com/actions/runner-images/blob/ubuntu24/20260927.320/images/ubuntu/Ubuntu2404-Readme.md
native (ubuntu-24.04, linux-x86_64)	Set up job	2026-10-08T11:44:28.1421166Z Image Release: https://github.com/actions/runner-images/releases/tag/ubuntu24%2F20260927.320
native (ubuntu-24.04, linux-x86_64)	Set up job	2026-10-08T11:44:28.1422173Z ##[endgroup]
native (ubuntu-24.04, linux-x86_64)	Set up job	2026-10-08T11:44:28.1423520Z ##[group]GITHUB_TOKEN Permissions
native (ubuntu-24.04, linux-x86_64)	Set up job	2026-10-08T11:44:28.1425687Z Contents: read
native (ubuntu-24.04, linux-x86_64)	Set up job	2026-10-08T11:44:28.1426427Z Metadata: read
native (ubuntu-24.04, linux-x86_64)	Set up job	2026-10-08T11:44:28.1427053Z ##[endgroup]
native (ubuntu-24.04, linux-x86_64)	Set up job	2026-10-08T11:44:28.1429180Z Secret source: Actions
native (ubuntu-24.04, linux-x86_64)	Set up job	2026-10-08T11:44:28.1430285Z Cache mode: write
native (ubuntu-24.04, linux-x86_64)	Set up job	2026-10-08T11:44:28.1430995Z Prepare workflow directory
native (ubuntu-24.04, linux-x86_64)	Set up job	2026-10-08T11:44:28.1768308Z Prepare all required actions
native (ubuntu-24.04, linux-x86_64)	Set up job	2026-10-08T11:44:28.1816374Z Getting action download info
native (ubuntu-24.04, linux-x86_64)	Set up job	2026-10-08T11:44:28.4927403Z Download action repository 'actions/checkout@v4' (SHA:11d5960a326750d5838078e36cf38b85af677262)
native (ubuntu-24.04, linux-x86_64)	Set up job	2026-10-08T11:44:28.6013039Z Download action repository 'actions/setup-python@v5' (SHA:a26af69be951a213d495a4c3e4e4022e16d87065)
native (ubuntu-24.04, linux-x86_64)	Set up job	2026-10-08T11:44:28.6822563Z Download action repository 'actions/upload-artifact@v4' (SHA:ea165f8d65b6e75b540449e92b4886f43607fa02)
native (ubuntu-24.04, linux-x86_64)	Set up job	2026-10-08T11:44:28.8983899Z Complete job name: native (ubuntu-24.04, linux-x86_64)
native (ubuntu-24.04, linux-x86_64)	Run actions/checkout@v4	﻿2026-10-08T11:44:28.9722531Z ##[group]Run actions/checkout@v4
native (ubuntu-24.04, linux-x86_64)	Run actions/checkout@v4	2026-10-08T11:44:28.9723637Z with:
native (ubuntu-24.04, linux-x86_64)	Run actions/checkout@v4	2026-10-08T11:44:28.9724153Z   repository: full-aigc-skills/printcraft-skills
native (ubuntu-24.04, linux-x86_64)	Run actions/checkout@v4	2026-10-08T11:44:28.9728261Z   token: ***
native (ubuntu-24.04, linux-x86_64)	Run actions/checkout@v4	2026-10-08T11:44:28.9728720Z   ssh-strict: true
native (ubuntu-24.04, linux-x86_64)	Run actions/checkout@v4	2026-10-08T11:44:28.9729169Z   ssh-user: git
native (ubuntu-24.04, linux-x86_64)	Run actions/checkout@v4	2026-10-08T11:44:28.9729621Z   persist-credentials: true
native (ubuntu-24.04, linux-x86_64)	Run actions/checkout@v4	2026-10-08T11:44:28.9730109Z   clean: true
native (ubuntu-24.04, linux-x86_64)	Run actions/checkout@v4	2026-10-08T11:44:28.9730567Z   sparse-checkout-cone-mode: true
native (ubuntu-24.04, linux-x86_64)	Run actions/checkout@v4	2026-10-08T11:44:28.9731087Z   fetch-depth: 1
native (ubuntu-24.04, linux-x86_64)	Run actions/checkout@v4	2026-10-08T11:44:28.9731520Z   fetch-tags: false
native (ubuntu-24.04, linux-x86_64)	Run actions/checkout@v4	2026-10-08T11:44:28.9731963Z   show-progress: true
native (ubuntu-24.04, linux-x86_64)	Run actions/checkout@v4	2026-10-08T11:44:28.9732408Z   lfs: false
native (ubuntu-24.04, linux-x86_64)	Run actions/checkout@v4	2026-10-08T11:44:28.9732824Z   submodules: false
native (ubuntu-24.04, linux-x86_64)	Run actions/checkout@v4	2026-10-08T11:44:28.9733399Z   set-safe-directory: true
native (ubuntu-24.04, linux-x86_64)	Run actions/checkout@v4	2026-10-08T11:44:28.9733972Z   allow-unsafe-pr-checkout: false
native (ubuntu-24.04, linux-x86_64)	Run actions/checkout@v4	2026-10-08T11:44:28.9734707Z ##[endgroup]
native (ubuntu-24.04, linux-x86_64)	Run actions/checkout@v4	2026-10-08T11:44:29.0740016Z Syncing repository: full-aigc-skills/printcraft-skills
native (ubuntu-24.04, linux-x86_64)	Run actions/checkout@v4	2026-10-08T11:44:29.0742731Z ##[group]Getting Git version info
native (ubuntu-24.04, linux-x86_64)	Run actions/checkout@v4	2026-10-08T11:44:29.0744253Z Working directory is '/home/runner/work/printcraft-skills/printcraft-skills'
native (ubuntu-24.04, linux-x86_64)	Run actions/checkout@v4	2026-10-08T11:44:29.0746161Z [command]/usr/bin/git version
native (ubuntu-24.04, linux-x86_64)	Run actions/checkout@v4	2026-10-08T11:44:29.0806757Z git version 2.55.0
native (ubuntu-24.04, linux-x86_64)	Run actions/checkout@v4	2026-10-08T11:44:29.0827247Z ##[endgroup]
native (ubuntu-24.04, linux-x86_64)	Run actions/checkout@v4	2026-10-08T11:44:29.0843679Z Temporarily overriding HOME='/home/runner/work/_temp/7df5d91e-e91e-4335-b7ae-eec0113c8baf' before making global git config changes
native (ubuntu-24.04, linux-x86_64)	Run actions/checkout@v4	2026-10-08T11:44:29.0846005Z Adding repository directory to the temporary git global config as a safe directory
native (ubuntu-24.04, linux-x86_64)	Run actions/checkout@v4	2026-10-08T11:44:29.0847909Z [command]/usr/bin/git config --global --add safe.directory /home/runner/work/printcraft-skills/printcraft-skills
native (ubuntu-24.04, linux-x86_64)	Run actions/checkout@v4	2026-10-08T11:44:29.0901483Z Deleting the contents of '/home/runner/work/printcraft-skills/printcraft-skills'
native (ubuntu-24.04, linux-x86_64)	Run actions/checkout@v4	2026-10-08T11:44:29.0906553Z ##[group]Initializing the repository
native (ubuntu-24.04, linux-x86_64)	Run actions/checkout@v4	2026-10-08T11:44:29.0910599Z [command]/usr/bin/git init /home/runner/work/printcraft-skills/printcraft-skills
native (ubuntu-24.04, linux-x86_64)	Run actions/checkout@v4	2026-10-08T11:44:29.1003934Z hint: Using 'master' as the name for the initial branch. This default branch name
native (ubuntu-24.04, linux-x86_64)	Run actions/checkout@v4	2026-10-08T11:44:29.1008152Z hint: will change to "main" in Git 3.0. To configure the initial branch name
native (ubuntu-24.04, linux-x86_64)	Run actions/checkout@v4	2026-10-08T11:44:29.1009646Z hint: to use in all of your new repositories, which will suppress this warning,
native (ubuntu-24.04, linux-x86_64)	Run actions/checkout@v4	2026-10-08T11:44:29.1010814Z hint: call:
native (ubuntu-24.04, linux-x86_64)	Run actions/checkout@v4	2026-10-08T11:44:29.1011811Z hint:
native (ubuntu-24.04, linux-x86_64)	Run actions/checkout@v4	2026-10-08T11:44:29.1012600Z hint: 	git config --global init.defaultBranch <name>
native (ubuntu-24.04, linux-x86_64)	Run actions/checkout@v4	2026-10-08T11:44:29.1013698Z hint:
native (ubuntu-24.04, linux-x86_64)	Run actions/checkout@v4	2026-10-08T11:44:29.1014568Z hint: Names commonly chosen instead of 'master' are 'main', 'trunk' and
native (ubuntu-24.04, linux-x86_64)	Run actions/checkout@v4	2026-10-08T11:44:29.1016045Z hint: 'development'. The just-created branch can be renamed via this command:
native (ubuntu-24.04, linux-x86_64)	Run actions/checkout@v4	2026-10-08T11:44:29.1017215Z hint:
native (ubuntu-24.04, linux-x86_64)	Run actions/checkout@v4	2026-10-08T11:44:29.1017847Z hint: 	git branch -m <name>
native (ubuntu-24.04, linux-x86_64)	Run actions/checkout@v4	2026-10-08T11:44:29.1018619Z hint:
native (ubuntu-24.04, linux-x86_64)	Run actions/checkout@v4	2026-10-08T11:44:29.1019611Z hint: Disable this message with "git config set advice.defaultBranchName false"
native (ubuntu-24.04, linux-x86_64)	Run actions/checkout@v4	2026-10-08T11:44:29.1021113Z Initialized empty Git repository in /home/runner/work/printcraft-skills/printcraft-skills/.git/
native (ubuntu-24.04, linux-x86_64)	Run actions/checkout@v4	2026-10-08T11:44:29.1023018Z [command]/usr/bin/git remote add origin https://github.com/full-aigc-skills/printcraft-skills
native (ubuntu-24.04, linux-x86_64)	Run actions/checkout@v4	2026-10-08T11:44:29.1076227Z ##[endgroup]
native (ubuntu-24.04, linux-x86_64)	Run actions/checkout@v4	2026-10-08T11:44:29.1077443Z ##[group]Disabling automatic garbage collection
native (ubuntu-24.04, linux-x86_64)	Run actions/checkout@v4	2026-10-08T11:44:29.1079111Z [command]/usr/bin/git config --local gc.auto 0
native (ubuntu-24.04, linux-x86_64)	Run actions/checkout@v4	2026-10-08T11:44:29.1123323Z ##[endgroup]
native (ubuntu-24.04, linux-x86_64)	Run actions/checkout@v4	2026-10-08T11:44:29.1124604Z ##[group]Setting up auth
native (ubuntu-24.04, linux-x86_64)	Run actions/checkout@v4	2026-10-08T11:44:29.1132093Z [command]/usr/bin/git config --local --name-only --get-regexp core\.sshCommand
native (ubuntu-24.04, linux-x86_64)	Run actions/checkout@v4	2026-10-08T11:44:29.1177670Z [command]/usr/bin/git submodule foreach --recursive sh -c "git config --local --name-only --get-regexp 'core\.sshCommand' && git config --local --unset-all 'core.sshCommand' || :"
native (ubuntu-24.04, linux-x86_64)	Run actions/checkout@v4	2026-10-08T11:44:29.1538861Z [command]/usr/bin/git config --local --name-only --get-regexp http\.https\:\/\/github\.com\/\.extraheader
native (ubuntu-24.04, linux-x86_64)	Run actions/checkout@v4	2026-10-08T11:44:29.1582554Z [command]/usr/bin/git submodule foreach --recursive sh -c "git config --local --name-only --get-regexp 'http\.https\:\/\/github\.com\/\.extraheader' && git config --local --unset-all 'http.https://github.com/.extraheader' || :"
native (ubuntu-24.04, linux-x86_64)	Run actions/checkout@v4	2026-10-08T11:44:29.1859368Z [command]/usr/bin/git config --local --name-only --get-regexp ^includeIf\.gitdir:
native (ubuntu-24.04, linux-x86_64)	Run actions/checkout@v4	2026-10-08T11:44:29.1905102Z [command]/usr/bin/git submodule foreach --recursive git config --local --show-origin --name-only --get-regexp remote.origin.url
native (ubuntu-24.04, linux-x86_64)	Run actions/checkout@v4	2026-10-08T11:44:29.2164674Z [command]/usr/bin/git config --local http.https://github.com/.extraheader AUTHORIZATION: basic ***
native (ubuntu-24.04, linux-x86_64)	Run actions/checkout@v4	2026-10-08T11:44:29.2209177Z ##[endgroup]
native (ubuntu-24.04, linux-x86_64)	Run actions/checkout@v4	2026-10-08T11:44:29.2211317Z ##[group]Fetching the repository
native (ubuntu-24.04, linux-x86_64)	Run actions/checkout@v4	2026-10-08T11:44:29.2218358Z [command]/usr/bin/git -c protocol.version=2 fetch --no-tags --prune --no-recurse-submodules --depth=1 origin +bad64e181e1b6b4e8d60e10cdb7623b6d2710d74:refs/remotes/origin/main
native (ubuntu-24.04, linux-x86_64)	Run actions/checkout@v4	2026-10-08T11:44:29.9450381Z From https://github.com/full-aigc-skills/printcraft-skills
native (ubuntu-24.04, linux-x86_64)	Run actions/checkout@v4	2026-10-08T11:44:29.9453733Z  * [new ref]         bad64e181e1b6b4e8d60e10cdb7623b6d2710d74 -> origin/main
native (ubuntu-24.04, linux-x86_64)	Run actions/checkout@v4	2026-10-08T11:44:29.9459983Z ##[endgroup]
native (ubuntu-24.04, linux-x86_64)	Run actions/checkout@v4	2026-10-08T11:44:29.9461861Z ##[group]Determining the checkout info
native (ubuntu-24.04, linux-x86_64)	Run actions/checkout@v4	2026-10-08T11:44:29.9464006Z ##[endgroup]
native (ubuntu-24.04, linux-x86_64)	Run actions/checkout@v4	2026-10-08T11:44:29.9465083Z [command]/usr/bin/git sparse-checkout disable
native (ubuntu-24.04, linux-x86_64)	Run actions/checkout@v4	2026-10-08T11:44:29.9517756Z [command]/usr/bin/git config --local --unset-all extensions.worktreeConfig
native (ubuntu-24.04, linux-x86_64)	Run actions/checkout@v4	2026-10-08T11:44:29.9554017Z ##[group]Checking out the ref
native (ubuntu-24.04, linux-x86_64)	Run actions/checkout@v4	2026-10-08T11:44:29.9559201Z [command]/usr/bin/git checkout --progress --force -B main refs/remotes/origin/main
native (ubuntu-24.04, linux-x86_64)	Run actions/checkout@v4	2026-10-08T11:44:29.9842501Z Switched to a new branch 'main'
native (ubuntu-24.04, linux-x86_64)	Run actions/checkout@v4	2026-10-08T11:44:29.9846794Z branch 'main' set up to track 'origin/main'.
native (ubuntu-24.04, linux-x86_64)	Run actions/checkout@v4	2026-10-08T11:44:29.9855019Z ##[endgroup]
native (ubuntu-24.04, linux-x86_64)	Run actions/checkout@v4	2026-10-08T11:44:29.9900629Z [command]/usr/bin/git log -1 --format=%H
native (ubuntu-24.04, linux-x86_64)	Run actions/checkout@v4	2026-10-08T11:44:29.9932707Z bad64e181e1b6b4e8d60e10cdb7623b6d2710d74
native (ubuntu-24.04, linux-x86_64)	Run actions/setup-python@v5	﻿2026-10-08T11:44:30.0322521Z ##[group]Run actions/setup-python@v5
native (ubuntu-24.04, linux-x86_64)	Run actions/setup-python@v5	2026-10-08T11:44:30.0324187Z with:
native (ubuntu-24.04, linux-x86_64)	Run actions/setup-python@v5	2026-10-08T11:44:30.0325146Z   python-version: 3.13
native (ubuntu-24.04, linux-x86_64)	Run actions/setup-python@v5	2026-10-08T11:44:30.0326425Z   check-latest: false
native (ubuntu-24.04, linux-x86_64)	Run actions/setup-python@v5	2026-10-08T11:44:30.0336428Z   token: ***
native (ubuntu-24.04, linux-x86_64)	Run actions/setup-python@v5	2026-10-08T11:44:30.0337438Z   update-environment: true
native (ubuntu-24.04, linux-x86_64)	Run actions/setup-python@v5	2026-10-08T11:44:30.0338596Z   allow-prereleases: false
native (ubuntu-24.04, linux-x86_64)	Run actions/setup-python@v5	2026-10-08T11:44:30.0339721Z   freethreaded: false
native (ubuntu-24.04, linux-x86_64)	Run actions/setup-python@v5	2026-10-08T11:44:30.0340758Z ##[endgroup]
native (ubuntu-24.04, linux-x86_64)	Run actions/setup-python@v5	2026-10-08T11:44:30.1733544Z ##[group]Installed versions
native (ubuntu-24.04, linux-x86_64)	Run actions/setup-python@v5	2026-10-08T11:44:30.1814844Z (node:2378) [DEP0040] DeprecationWarning: The `punycode` module is deprecated. Please use a userland alternative instead.
native (ubuntu-24.04, linux-x86_64)	Run actions/setup-python@v5	2026-10-08T11:44:30.1816224Z (Use `node --trace-deprecation ...` to show where the warning was created)
native (ubuntu-24.04, linux-x86_64)	Run actions/setup-python@v5	2026-10-08T11:44:30.1816991Z Successfully set up CPython (3.13.15)
native (ubuntu-24.04, linux-x86_64)	Run actions/setup-python@v5	2026-10-08T11:44:30.1817874Z ##[endgroup]
native (ubuntu-24.04, linux-x86_64)	Execute official pinned binary on actual platform	﻿2026-10-08T11:44:30.2093279Z ##[group]Run python -I -B tests/platform_acceptance.py --platform linux-x86_64 --workdir native-evidence --with-english-models
native (ubuntu-24.04, linux-x86_64)	Execute official pinned binary on actual platform	2026-10-08T11:44:30.2095979Z ^[[36;1mpython -I -B tests/platform_acceptance.py --platform linux-x86_64 --workdir native-evidence --with-english-models^[[0m
native (ubuntu-24.04, linux-x86_64)	Execute official pinned binary on actual platform	2026-10-08T11:44:30.2355950Z shell: /usr/bin/bash -e {0}
native (ubuntu-24.04, linux-x86_64)	Execute official pinned binary on actual platform	2026-10-08T11:44:30.2356427Z env:
native (ubuntu-24.04, linux-x86_64)	Execute official pinned binary on actual platform	2026-10-08T11:44:30.2356788Z   pythonLocation: /opt/hostedtoolcache/Python/3.13.15/x64
native (ubuntu-24.04, linux-x86_64)	Execute official pinned binary on actual platform	2026-10-08T11:44:30.2357306Z   PKG_CONFIG_PATH: /opt/hostedtoolcache/Python/3.13.15/x64/lib/pkgconfig
native (ubuntu-24.04, linux-x86_64)	Execute official pinned binary on actual platform	2026-10-08T11:44:30.2357807Z   Python_ROOT_DIR: /opt/hostedtoolcache/Python/3.13.15/x64
native (ubuntu-24.04, linux-x86_64)	Execute official pinned binary on actual platform	2026-10-08T11:44:30.2358249Z   Python2_ROOT_DIR: /opt/hostedtoolcache/Python/3.13.15/x64
native (ubuntu-24.04, linux-x86_64)	Execute official pinned binary on actual platform	2026-10-08T11:44:30.2358692Z   Python3_ROOT_DIR: /opt/hostedtoolcache/Python/3.13.15/x64
native (ubuntu-24.04, linux-x86_64)	Execute official pinned binary on actual platform	2026-10-08T11:44:30.2359144Z   LD_LIBRARY_PATH: /opt/hostedtoolcache/Python/3.13.15/x64/lib
native (ubuntu-24.04, linux-x86_64)	Execute official pinned binary on actual platform	2026-10-08T11:44:30.2359530Z ##[endgroup]
native (ubuntu-24.04, linux-x86_64)	Execute official pinned binary on actual platform	2026-10-08T11:44:33.7013493Z {
native (ubuntu-24.04, linux-x86_64)	Execute official pinned binary on actual platform	2026-10-08T11:44:33.7014304Z   "contract": "printcraft.native-platform-evidence/1",
native (ubuntu-24.04, linux-x86_64)	Execute official pinned binary on actual platform	2026-10-08T11:44:33.7015098Z   "platform": "linux-x86_64",
native (ubuntu-24.04, linux-x86_64)	Execute official pinned binary on actual platform	2026-10-08T11:44:33.7015670Z   "sourceCommit": "bad64e181e1b6b4e8d60e10cdb7623b6d2710d74",
native (ubuntu-24.04, linux-x86_64)	Execute official pinned binary on actual platform	2026-10-08T11:44:33.7016348Z   "startedAt": "2026-10-08T11:44:30.379978+00:00",
native (ubuntu-24.04, linux-x86_64)	Execute official pinned binary on actual platform	2026-10-08T11:44:33.7016920Z   "sourceFiles": {
native (ubuntu-24.04, linux-x86_64)	Execute official pinned binary on actual platform	2026-10-08T11:44:33.7017723Z     "tests/platform_acceptance.py": "5bad75cb385c12c26c9c7c1a489d141d208258834e42bdda2c6282b026a36325",
native (ubuntu-24.04, linux-x86_64)	Execute official pinned binary on actual platform	2026-10-08T11:44:33.7019001Z     "tests/platform-artifacts.json": "8c03b465e51e8f53bb337ffef75eb67cba12d945c3c319ad70619bbe01929717",
native (ubuntu-24.04, linux-x86_64)	Execute official pinned binary on actual platform	2026-10-08T11:44:33.7020227Z     "tests/fixtures/make_pdf.py": "c41f12f867c5f81e359c3197373214c65e89fc2e58ff5643198afbffd4ac7993",
native (ubuntu-24.04, linux-x86_64)	Execute official pinned binary on actual platform	2026-10-08T11:44:33.7021387Z     "tests/ocr-models.json": "ee3d3f82d18485cf57f74bd551ba039c705ae3d9fb139e607e75822cf94a7fa8",
native (ubuntu-24.04, linux-x86_64)	Execute official pinned binary on actual platform	2026-10-08T11:44:33.7022521Z     "tests/fixtures/scan_pdf.py": "b04c9bf09d7e3645f915c58539778ea9b2b5c26bce03067c28ded640c1831605"
native (ubuntu-24.04, linux-x86_64)	Execute official pinned binary on actual platform	2026-10-08T11:44:33.7023508Z   },
native (ubuntu-24.04, linux-x86_64)	Execute official pinned binary on actual platform	2026-10-08T11:44:33.7023903Z   "host": {
native (ubuntu-24.04, linux-x86_64)	Execute official pinned binary on actual platform	2026-10-08T11:44:33.7024361Z     "system": "Linux",
native (ubuntu-24.04, linux-x86_64)	Execute official pinned binary on actual platform	2026-10-08T11:44:33.7024860Z     "machine": "x86_64",
native (ubuntu-24.04, linux-x86_64)	Execute official pinned binary on actual platform	2026-10-08T11:44:33.7025389Z     "release": "6.17.0-1022-azure",
native (ubuntu-24.04, linux-x86_64)	Execute official pinned binary on actual platform	2026-10-08T11:44:33.7025859Z     "python": "3.13.15"
native (ubuntu-24.04, linux-x86_64)	Execute official pinned binary on actual platform	2026-10-08T11:44:33.7026264Z   },
native (ubuntu-24.04, linux-x86_64)	Execute official pinned binary on actual platform	2026-10-08T11:44:33.7026596Z   "workflow": {
native (ubuntu-24.04, linux-x86_64)	Execute official pinned binary on actual platform	2026-10-08T11:44:33.7026861Z     "runId": "37772042337",
native (ubuntu-24.04, linux-x86_64)	Execute official pinned binary on actual platform	2026-10-08T11:44:33.7027192Z     "runAttempt": "1"
native (ubuntu-24.04, linux-x86_64)	Execute official pinned binary on actual platform	2026-10-08T11:44:33.7027465Z   },
native (ubuntu-24.04, linux-x86_64)	Execute official pinned binary on actual platform	2026-10-08T11:44:33.7027703Z   "runtime": {
native (ubuntu-24.04, linux-x86_64)	Execute official pinned binary on actual platform	2026-10-08T11:44:33.7028209Z     "system": "linux",
native (ubuntu-24.04, linux-x86_64)	Execute official pinned binary on actual platform	2026-10-08T11:44:33.7028512Z     "machine": "x86_64",
native (ubuntu-24.04, linux-x86_64)	Execute official pinned binary on actual platform	2026-10-08T11:44:33.7028847Z     "asset": "printcraft-0.2.1-linux-x86_64.tar.gz",
native (ubuntu-24.04, linux-x86_64)	Execute official pinned binary on actual platform	2026-10-08T11:44:33.7029536Z     "url": "https://github.com/storytold/pdfcraft/releases/download/v0.2.1/printcraft-0.2.1-linux-x86_64.tar.gz",
native (ubuntu-24.04, linux-x86_64)	Execute official pinned binary on actual platform	2026-10-08T11:44:33.7030330Z     "archiveSha256": "73b2977330d73716971237f68f89cba6ad52cbfb563ad0ab6d9ad18f44d45192",
native (ubuntu-24.04, linux-x86_64)	Execute official pinned binary on actual platform	2026-10-08T11:44:33.7030914Z     "member": "printcraft-0.2.1-linux-x86_64/bin/printcraft-cli",
native (ubuntu-24.04, linux-x86_64)	Execute official pinned binary on actual platform	2026-10-08T11:44:33.7031554Z     "binarySha256": "83fa013a814583d569fb2463bc6e1379f4aa0f9d293b034cf96308e8f77c54c4"
native (ubuntu-24.04, linux-x86_64)	Execute official pinned binary on actual platform	2026-10-08T11:44:33.7032091Z   },
native (ubuntu-24.04, linux-x86_64)	Execute official pinned binary on actual platform	2026-10-08T11:44:33.7032332Z   "results": {
native (ubuntu-24.04, linux-x86_64)	Execute official pinned binary on actual platform	2026-10-08T11:44:33.7032610Z     "reorder_save_reopen_render": {
native (ubuntu-24.04, linux-x86_64)	Execute official pinned binary on actual platform	2026-10-08T11:44:33.7033716Z       "status": "PASS",
native (ubuntu-24.04, linux-x86_64)	Execute official pinned binary on actual platform	2026-10-08T11:44:33.7034005Z       "details": {
native (ubuntu-24.04, linux-x86_64)	Execute official pinned binary on actual platform	2026-10-08T11:44:33.7034449Z         "outputSha256": "ea7a3cf777b4dacb1484901fd3b619f9b69a13d214ef61182c2079ddab854af2",
native (ubuntu-24.04, linux-x86_64)	Execute official pinned binary on actual platform	2026-10-08T11:44:33.7034936Z         "info": {
native (ubuntu-24.04, linux-x86_64)	Execute official pinned binary on actual platform	2026-10-08T11:44:33.7035207Z           "annotations": 0,
native (ubuntu-24.04, linux-x86_64)	Execute official pinned binary on actual platform	2026-10-08T11:44:33.7035507Z           "attachments": 0,
native (ubuntu-24.04, linux-x86_64)	Execute official pinned binary on actual platform	2026-10-08T11:44:33.7035790Z           "author": null,
native (ubuntu-24.04, linux-x86_64)	Execute official pinned binary on actual platform	2026-10-08T11:44:33.7036080Z           "bookmarks": 0,
native (ubuntu-24.04, linux-x86_64)	Execute official pinned binary on actual platform	2026-10-08T11:44:33.7036361Z           "creator": null,
native (ubuntu-24.04, linux-x86_64)	Execute official pinned binary on actual platform	2026-10-08T11:44:33.7036649Z           "encrypted": false,
native (ubuntu-24.04, linux-x86_64)	Execute official pinned binary on actual platform	2026-10-08T11:44:33.7036952Z           "fields": 0,
native (ubuntu-24.04, linux-x86_64)	Execute official pinned binary on actual platform	2026-10-08T11:44:33.7037442Z           "file": "/home/runner/work/printcraft-skills/printcraft-skills/native-evidence/reorder.pdf",
native (ubuntu-24.04, linux-x86_64)	Execute official pinned binary on actual platform	2026-10-08T11:44:33.7038169Z           "file_size": 918,
native (ubuntu-24.04, linux-x86_64)	Execute official pinned binary on actual platform	2026-10-08T11:44:33.7038472Z           "first_page_pt": [
native (ubuntu-24.04, linux-x86_64)	Execute official pinned binary on actual platform	2026-10-08T11:44:33.7038752Z             612.0,
native (ubuntu-24.04, linux-x86_64)	Execute official pinned binary on actual platform	2026-10-08T11:44:33.7039007Z             792.0
native (ubuntu-24.04, linux-x86_64)	Execute official pinned binary on actual platform	2026-10-08T11:44:33.7039263Z           ],
native (ubuntu-24.04, linux-x86_64)	Execute official pinned binary on actual platform	2026-10-08T11:44:33.7039529Z           "javascript": false,
native (ubuntu-24.04, linux-x86_64)	Execute official pinned binary on actual platform	2026-10-08T11:44:33.7039827Z           "layers": 0,
native (ubuntu-24.04, linux-x86_64)	Execute official pinned binary on actual platform	2026-10-08T11:44:33.7040092Z           "links": 0,
native (ubuntu-24.04, linux-x86_64)	Execute official pinned binary on actual platform	2026-10-08T11:44:33.7040364Z           "page_labels": [
native (ubuntu-24.04, linux-x86_64)	Execute official pinned binary on actual platform	2026-10-08T11:44:33.7040639Z             "1",
native (ubuntu-24.04, linux-x86_64)	Execute official pinned binary on actual platform	2026-10-08T11:44:33.7040890Z             "2",
native (ubuntu-24.04, linux-x86_64)	Execute official pinned binary on actual platform	2026-10-08T11:44:33.7041132Z             "3"
native (ubuntu-24.04, linux-x86_64)	Execute official pinned binary on actual platform	2026-10-08T11:44:33.7041380Z           ],
native (ubuntu-24.04, linux-x86_64)	Execute official pinned binary on actual platform	2026-10-08T11:44:33.7041644Z           "pages": 3,
native (ubuntu-24.04, linux-x86_64)	Execute official pinned binary on actual platform	2026-10-08T11:44:33.7041926Z           "pdf_version": "1.5",
native (ubuntu-24.04, linux-x86_64)	Execute official pinned binary on actual platform	2026-10-08T11:44:33.7042229Z           "producer": null,
native (ubuntu-24.04, linux-x86_64)	Execute official pinned binary on actual platform	2026-10-08T11:44:33.7042518Z           "tagged": false,
native (ubuntu-24.04, linux-x86_64)	Execute official pinned binary on actual platform	2026-10-08T11:44:33.7042805Z           "title": null,
native (ubuntu-24.04, linux-x86_64)	Execute official pinned binary on actual platform	2026-10-08T11:44:33.7043285Z           "warnings": [],
native (ubuntu-24.04, linux-x86_64)	Execute official pinned binary on actual platform	2026-10-08T11:44:33.7043607Z           "xfa": null
native (ubuntu-24.04, linux-x86_64)	Execute official pinned binary on actual platform	2026-10-08T11:44:33.7043887Z         },
native (ubuntu-24.04, linux-x86_64)	Execute official pinned binary on actual platform	2026-10-08T11:44:33.7044174Z         "texts": [
native (ubuntu-24.04, linux-x86_64)	Execute official pinned binary on actual platform	2026-10-08T11:44:33.7044444Z           "PAGE-GAMMA",
native (ubuntu-24.04, linux-x86_64)	Execute official pinned binary on actual platform	2026-10-08T11:44:33.7044721Z           "PAGE-ALPHA",
native (ubuntu-24.04, linux-x86_64)	Execute official pinned binary on actual platform	2026-10-08T11:44:33.7045001Z           "PAGE-BETA"
native (ubuntu-24.04, linux-x86_64)	Execute official pinned binary on actual platform	2026-10-08T11:44:33.7045261Z         ]
native (ubuntu-24.04, linux-x86_64)	Execute official pinned binary on actual platform	2026-10-08T11:44:33.7045494Z       }
native (ubuntu-24.04, linux-x86_64)	Execute official pinned binary on actual platform	2026-10-08T11:44:33.7045727Z     },
native (ubuntu-24.04, linux-x86_64)	Execute official pinned binary on actual platform	2026-10-08T11:44:33.7045988Z     "rotate_save_reopen_render": {
native (ubuntu-24.04, linux-x86_64)	Execute official pinned binary on actual platform	2026-10-08T11:44:33.7046307Z       "status": "PASS",
native (ubuntu-24.04, linux-x86_64)	Execute official pinned binary on actual platform	2026-10-08T11:44:33.7046579Z       "details": {
native (ubuntu-24.04, linux-x86_64)	Execute official pinned binary on actual platform	2026-10-08T11:44:33.7047024Z         "outputSha256": "97ebd69dbc2343d4d1acfa6c0cc0a86835ebfe1e6b2a2775ce8266608fda1a83",
native (ubuntu-24.04, linux-x86_64)	Execute official pinned binary on actual platform	2026-10-08T11:44:33.7047546Z         "info": {
native (ubuntu-24.04, linux-x86_64)	Execute official pinned binary on actual platform	2026-10-08T11:44:33.7047814Z           "annotations": 0,
native (ubuntu-24.04, linux-x86_64)	Execute official pinned binary on actual platform	2026-10-08T11:44:33.7048107Z           "attachments": 0,
native (ubuntu-24.04, linux-x86_64)	Execute official pinned binary on actual platform	2026-10-08T11:44:33.7048396Z           "author": null,
native (ubuntu-24.04, linux-x86_64)	Execute official pinned binary on actual platform	2026-10-08T11:44:33.7048691Z           "bookmarks": 0,
native (ubuntu-24.04, linux-x86_64)	Execute official pinned binary on actual platform	2026-10-08T11:44:33.7048985Z           "creator": null,
native (ubuntu-24.04, linux-x86_64)	Execute official pinned binary on actual platform	2026-10-08T11:44:33.7049273Z           "encrypted": false,
native (ubuntu-24.04, linux-x86_64)	Execute official pinned binary on actual platform	2026-10-08T11:44:33.7049562Z           "fields": 0,
native (ubuntu-24.04, linux-x86_64)	Execute official pinned binary on actual platform	2026-10-08T11:44:33.7050025Z           "file": "/home/runner/work/printcraft-skills/printcraft-skills/native-evidence/rotate.pdf",
native (ubuntu-24.04, linux-x86_64)	Execute official pinned binary on actual platform	2026-10-08T11:44:33.7050587Z           "file_size": 927,
native (ubuntu-24.04, linux-x86_64)	Execute official pinned binary on actual platform	2026-10-08T11:44:33.7050874Z           "first_page_pt": [
native (ubuntu-24.04, linux-x86_64)	Execute official pinned binary on actual platform	2026-10-08T11:44:33.7051156Z             792.0,
native (ubuntu-24.04, linux-x86_64)	Execute official pinned binary on actual platform	2026-10-08T11:44:33.7051410Z             612.0
native (ubuntu-24.04, linux-x86_64)	Execute official pinned binary on actual platform	2026-10-08T11:44:33.7051661Z           ],
native (ubuntu-24.04, linux-x86_64)	Execute official pinned binary on actual platform	2026-10-08T11:44:33.7051924Z           "javascript": false,
native (ubuntu-24.04, linux-x86_64)	Execute official pinned binary on actual platform	2026-10-08T11:44:33.7052212Z           "layers": 0,
native (ubuntu-24.04, linux-x86_64)	Execute official pinned binary on actual platform	2026-10-08T11:44:33.7052471Z           "links": 0,
native (ubuntu-24.04, linux-x86_64)	Execute official pinned binary on actual platform	2026-10-08T11:44:33.7052744Z           "page_labels": [
native (ubuntu-24.04, linux-x86_64)	Execute official pinned binary on actual platform	2026-10-08T11:44:33.7053014Z             "1",
native (ubuntu-24.04, linux-x86_64)	Execute official pinned binary on actual platform	2026-10-08T11:44:33.7053457Z             "2",
native (ubuntu-24.04, linux-x86_64)	Execute official pinned binary on actual platform	2026-10-08T11:44:33.7053711Z             "3"
native (ubuntu-24.04, linux-x86_64)	Execute official pinned binary on actual platform	2026-10-08T11:44:33.7053959Z           ],
native (ubuntu-24.04, linux-x86_64)	Execute official pinned binary on actual platform	2026-10-08T11:44:33.7054203Z           "pages": 3,
native (ubuntu-24.04, linux-x86_64)	Execute official pinned binary on actual platform	2026-10-08T11:44:33.7054477Z           "pdf_version": "1.5",
native (ubuntu-24.04, linux-x86_64)	Execute official pinned binary on actual platform	2026-10-08T11:44:33.7054805Z           "producer": null,
native (ubuntu-24.04, linux-x86_64)	Execute official pinned binary on actual platform	2026-10-08T11:44:33.7055090Z           "tagged": false,
native (ubuntu-24.04, linux-x86_64)	Execute official pinned binary on actual platform	2026-10-08T11:44:33.7055369Z           "title": null,
native (ubuntu-24.04, linux-x86_64)	Execute official pinned binary on actual platform	2026-10-08T11:44:33.7055647Z           "warnings": [],
native (ubuntu-24.04, linux-x86_64)	Execute official pinned binary on actual platform	2026-10-08T11:44:33.7055917Z           "xfa": null
native (ubuntu-24.04, linux-x86_64)	Execute official pinned binary on actual platform	2026-10-08T11:44:33.7056347Z         },
native (ubuntu-24.04, linux-x86_64)	Execute official pinned binary on actual platform	2026-10-08T11:44:33.7056589Z         "texts": [
native (ubuntu-24.04, linux-x86_64)	Execute official pinned binary on actual platform	2026-10-08T11:44:33.7056857Z           "PAGE-ALPHA",
native (ubuntu-24.04, linux-x86_64)	Execute official pinned binary on actual platform	2026-10-08T11:44:33.7057134Z           "PAGE-BETA",
native (ubuntu-24.04, linux-x86_64)	Execute official pinned binary on actual platform	2026-10-08T11:44:33.7057400Z           "PAGE-GAMMA"
native (ubuntu-24.04, linux-x86_64)	Execute official pinned binary on actual platform	2026-10-08T11:44:33.7057650Z         ]
native (ubuntu-24.04, linux-x86_64)	Execute official pinned binary on actual platform	2026-10-08T11:44:33.7057884Z       }
native (ubuntu-24.04, linux-x86_64)	Execute official pinned binary on actual platform	2026-10-08T11:44:33.7058118Z     },
native (ubuntu-24.04, linux-x86_64)	Execute official pinned binary on actual platform	2026-10-08T11:44:33.7058375Z     "crop_save_reopen_render": {
native (ubuntu-24.04, linux-x86_64)	Execute official pinned binary on actual platform	2026-10-08T11:44:33.7058678Z       "status": "PASS",
native (ubuntu-24.04, linux-x86_64)	Execute official pinned binary on actual platform	2026-10-08T11:44:33.7058954Z       "details": {
native (ubuntu-24.04, linux-x86_64)	Execute official pinned binary on actual platform	2026-10-08T11:44:33.7059377Z         "outputSha256": "eae56621a8b93ea3d84ae86d15943c77a22f46715d14d8281d76b5d41083a06a",
native (ubuntu-24.04, linux-x86_64)	Execute official pinned binary on actual platform	2026-10-08T11:44:33.7059841Z         "info": {
native (ubuntu-24.04, linux-x86_64)	Execute official pinned binary on actual platform	2026-10-08T11:44:33.7060101Z           "annotations": 0,
native (ubuntu-24.04, linux-x86_64)	Execute official pinned binary on actual platform	2026-10-08T11:44:33.7060525Z           "attachments": 0,
native (ubuntu-24.04, linux-x86_64)	Execute official pinned binary on actual platform	2026-10-08T11:44:33.7060805Z           "author": null,
native (ubuntu-24.04, linux-x86_64)	Execute official pinned binary on actual platform	2026-10-08T11:44:33.7061085Z           "bookmarks": 0,
native (ubuntu-24.04, linux-x86_64)	Execute official pinned binary on actual platform	2026-10-08T11:44:33.7061356Z           "creator": null,
native (ubuntu-24.04, linux-x86_64)	Execute official pinned binary on actual platform	2026-10-08T11:44:33.7061642Z           "encrypted": false,
native (ubuntu-24.04, linux-x86_64)	Execute official pinned binary on actual platform	2026-10-08T11:44:33.7061932Z           "fields": 0,
native (ubuntu-24.04, linux-x86_64)	Execute official pinned binary on actual platform	2026-10-08T11:44:33.7062386Z           "file": "/home/runner/work/printcraft-skills/printcraft-skills/native-evidence/crop.pdf",
native (ubuntu-24.04, linux-x86_64)	Execute official pinned binary on actual platform	2026-10-08T11:44:33.7062885Z           "file_size": 935,
native (ubuntu-24.04, linux-x86_64)	Execute official pinned binary on actual platform	2026-10-08T11:44:33.7063303Z           "first_page_pt": [
native (ubuntu-24.04, linux-x86_64)	Execute official pinned binary on actual platform	2026-10-08T11:44:33.7063596Z             592.0,
native (ubuntu-24.04, linux-x86_64)	Execute official pinned binary on actual platform	2026-10-08T11:44:33.7063849Z             772.0
native (ubuntu-24.04, linux-x86_64)	Execute official pinned binary on actual platform	2026-10-08T11:44:33.7064094Z           ],
native (ubuntu-24.04, linux-x86_64)	Execute official pinned binary on actual platform	2026-10-08T11:44:33.7064356Z           "javascript": false,
native (ubuntu-24.04, linux-x86_64)	Execute official pinned binary on actual platform	2026-10-08T11:44:33.7064645Z           "layers": 0,
native (ubuntu-24.04, linux-x86_64)	Execute official pinned binary on actual platform	2026-10-08T11:44:33.7064907Z           "links": 0,
native (ubuntu-24.04, linux-x86_64)	Execute official pinned binary on actual platform	2026-10-08T11:44:33.7065177Z           "page_labels": [
native (ubuntu-24.04, linux-x86_64)	Execute official pinned binary on actual platform	2026-10-08T11:44:33.7065443Z             "1",
native (ubuntu-24.04, linux-x86_64)	Execute official pinned binary on actual platform	2026-10-08T11:44:33.7065692Z             "2",
native (ubuntu-24.04, linux-x86_64)	Execute official pinned binary on actual platform	2026-10-08T11:44:33.7065941Z             "3"
native (ubuntu-24.04, linux-x86_64)	Execute official pinned binary on actual platform	2026-10-08T11:44:33.7066184Z           ],
native (ubuntu-24.04, linux-x86_64)	Execute official pinned binary on actual platform	2026-10-08T11:44:33.7066429Z           "pages": 3,
native (ubuntu-24.04, linux-x86_64)	Execute official pinned binary on actual platform	2026-10-08T11:44:33.7066701Z           "pdf_version": "1.5",
native (ubuntu-24.04, linux-x86_64)	Execute official pinned binary on actual platform	2026-10-08T11:44:33.7067005Z           "producer": null,
native (ubuntu-24.04, linux-x86_64)	Execute official pinned binary on actual platform	2026-10-08T11:44:33.7067285Z           "tagged": false,
native (ubuntu-24.04, linux-x86_64)	Execute official pinned binary on actual platform	2026-10-08T11:44:33.7067570Z           "title": null,
native (ubuntu-24.04, linux-x86_64)	Execute official pinned binary on actual platform	2026-10-08T11:44:33.7067851Z           "warnings": [],
native (ubuntu-24.04, linux-x86_64)	Execute official pinned binary on actual platform	2026-10-08T11:44:33.7068125Z           "xfa": null
native (ubuntu-24.04, linux-x86_64)	Execute official pinned binary on actual platform	2026-10-08T11:44:33.7068380Z         },
native (ubuntu-24.04, linux-x86_64)	Execute official pinned binary on actual platform	2026-10-08T11:44:33.7068621Z         "texts": [
native (ubuntu-24.04, linux-x86_64)	Execute official pinned binary on actual platform	2026-10-08T11:44:33.7068888Z           "PAGE-ALPHA",
native (ubuntu-24.04, linux-x86_64)	Execute official pinned binary on actual platform	2026-10-08T11:44:33.7069171Z           "PAGE-BETA",
native (ubuntu-24.04, linux-x86_64)	Execute official pinned binary on actual platform	2026-10-08T11:44:33.7069447Z           "PAGE-GAMMA"
native (ubuntu-24.04, linux-x86_64)	Execute official pinned binary on actual platform	2026-10-08T11:44:33.7069700Z         ]
native (ubuntu-24.04, linux-x86_64)	Execute official pinned binary on actual platform	2026-10-08T11:44:33.7069943Z       }
native (ubuntu-24.04, linux-x86_64)	Execute official pinned binary on actual platform	2026-10-08T11:44:33.7070177Z     },
native (ubuntu-24.04, linux-x86_64)	Execute official pinned binary on actual platform	2026-10-08T11:44:33.7070436Z     "form_save_reopen": {
native (ubuntu-24.04, linux-x86_64)	Execute official pinned binary on actual platform	2026-10-08T11:44:33.7070727Z       "status": "PASS",
native (ubuntu-24.04, linux-x86_64)	Execute official pinned binary on actual platform	2026-10-08T11:44:33.7070996Z       "details": {
native (ubuntu-24.04, linux-x86_64)	Execute official pinned binary on actual platform	2026-10-08T11:44:33.7071258Z         "fields": {
native (ubuntu-24.04, linux-x86_64)	Execute official pinned binary on actual platform	2026-10-08T11:44:33.7071528Z           "count": 1,
native (ubuntu-24.04, linux-x86_64)	Execute official pinned binary on actual platform	2026-10-08T11:44:33.7071790Z           "fields": [
native (ubuntu-24.04, linux-x86_64)	Execute official pinned binary on actual platform	2026-10-08T11:44:33.7072046Z             {
native (ubuntu-24.04, linux-x86_64)	Execute official pinned binary on actual platform	2026-10-08T11:44:33.7072321Z               "multiline": false,
native (ubuntu-24.04, linux-x86_64)	Execute official pinned binary on actual platform	2026-10-08T11:44:33.7072639Z               "name": "sample",
native (ubuntu-24.04, linux-x86_64)	Execute official pinned binary on actual platform	2026-10-08T11:44:33.7072960Z               "page": 1,
native (ubuntu-24.04, linux-x86_64)	Execute official pinned binary on actual platform	2026-10-08T11:44:33.7073366Z               "read_only": false,
native (ubuntu-24.04, linux-x86_64)	Execute official pinned binary on actual platform	2026-10-08T11:44:33.7073667Z               "rect": [
native (ubuntu-24.04, linux-x86_64)	Execute official pinned binary on actual platform	2026-10-08T11:44:33.7073943Z                 72.0,
native (ubuntu-24.04, linux-x86_64)	Execute official pinned binary on actual platform	2026-10-08T11:44:33.7074206Z                 120.0,
native (ubuntu-24.04, linux-x86_64)	Execute official pinned binary on actual platform	2026-10-08T11:44:33.7074473Z                 200.0,
native (ubuntu-24.04, linux-x86_64)	Execute official pinned binary on actual platform	2026-10-08T11:44:33.7074734Z                 150.0
native (ubuntu-24.04, linux-x86_64)	Execute official pinned binary on actual platform	2026-10-08T11:44:33.7074988Z               ],
native (ubuntu-24.04, linux-x86_64)	Execute official pinned binary on actual platform	2026-10-08T11:44:33.7075254Z               "required": false,
native (ubuntu-24.04, linux-x86_64)	Execute official pinned binary on actual platform	2026-10-08T11:44:33.7075559Z               "type": "text",
native (ubuntu-24.04, linux-x86_64)	Execute official pinned binary on actual platform	2026-10-08T11:44:33.7075867Z               "value": "verified form"
native (ubuntu-24.04, linux-x86_64)	Execute official pinned binary on actual platform	2026-10-08T11:44:33.7076184Z             }
native (ubuntu-24.04, linux-x86_64)	Execute official pinned binary on actual platform	2026-10-08T11:44:33.7076430Z           ]
native (ubuntu-24.04, linux-x86_64)	Execute official pinned binary on actual platform	2026-10-08T11:44:33.7076669Z         },
native (ubuntu-24.04, linux-x86_64)	Execute official pinned binary on actual platform	2026-10-08T11:44:33.7077120Z         "outputSha256": "c5721e1aa27ebcfb44e0b9b0a4e475a6529c1c02e29c46d153fb82fff9fa0f50"
native (ubuntu-24.04, linux-x86_64)	Execute official pinned binary on actual platform	2026-10-08T11:44:33.7077591Z       }
native (ubuntu-24.04, linux-x86_64)	Execute official pinned binary on actual platform	2026-10-08T11:44:33.7077826Z     },
native (ubuntu-24.04, linux-x86_64)	Execute official pinned binary on actual platform	2026-10-08T11:44:33.7078095Z     "redact_text_objects_render": {
native (ubuntu-24.04, linux-x86_64)	Execute official pinned binary on actual platform	2026-10-08T11:44:33.7078420Z       "status": "PASS",
native (ubuntu-24.04, linux-x86_64)	Execute official pinned binary on actual platform	2026-10-08T11:44:33.7078836Z       "details": {
native (ubuntu-24.04, linux-x86_64)	Execute official pinned binary on actual platform	2026-10-08T11:44:33.7079295Z         "outputSha256": "26b1b1df77578d859d50d0cde76279ff2ee098d394c118f49310f7aaf82d82dc",
native (ubuntu-24.04, linux-x86_64)	Execute official pinned binary on actual platform	2026-10-08T11:44:33.7079806Z         "textAndObjectBytesAbsent": true,
native (ubuntu-24.04, linux-x86_64)	Execute official pinned binary on actual platform	2026-10-08T11:44:33.7080165Z         "visualReview": "NOT_RUN"
native (ubuntu-24.04, linux-x86_64)	Execute official pinned binary on actual platform	2026-10-08T11:44:33.7080456Z       }
native (ubuntu-24.04, linux-x86_64)	Execute official pinned binary on actual platform	2026-10-08T11:44:33.7080685Z     },
native (ubuntu-24.04, linux-x86_64)	Execute official pinned binary on actual platform	2026-10-08T11:44:33.7080962Z     "english_ocr_scan_save_reopen": {
native (ubuntu-24.04, linux-x86_64)	Execute official pinned binary on actual platform	2026-10-08T11:44:33.7081298Z       "status": "PASS",
native (ubuntu-24.04, linux-x86_64)	Execute official pinned binary on actual platform	2026-10-08T11:44:33.7081573Z       "details": {
native (ubuntu-24.04, linux-x86_64)	Execute official pinned binary on actual platform	2026-10-08T11:44:33.7082011Z         "inputSha256": "c244d838826a97532fa94f6c865ab46c8ae7d91713106ecabe8eb4844d33dddb",
native (ubuntu-24.04, linux-x86_64)	Execute official pinned binary on actual platform	2026-10-08T11:44:33.7082689Z         "outputSha256": "cb75beab4db8b73017196e398e1768152a9cb635ba9f2b5644ed1fe02ffc3f97",
native (ubuntu-24.04, linux-x86_64)	Execute official pinned binary on actual platform	2026-10-08T11:44:33.7083473Z         "nativeResults": [
native (ubuntu-24.04, linux-x86_64)	Execute official pinned binary on actual platform	2026-10-08T11:44:33.7083757Z           {
native (ubuntu-24.04, linux-x86_64)	Execute official pinned binary on actual platform	2026-10-08T11:44:33.7084011Z             "dirty": false,
native (ubuntu-24.04, linux-x86_64)	Execute official pinned binary on actual platform	2026-10-08T11:44:33.7084297Z             "doc": 1,
native (ubuntu-24.04, linux-x86_64)	Execute official pinned binary on actual platform	2026-10-08T11:44:33.7084587Z             "editable": true,
native (ubuntu-24.04, linux-x86_64)	Execute official pinned binary on actual platform	2026-10-08T11:44:33.7084904Z             "encrypted": false,
native (ubuntu-24.04, linux-x86_64)	Execute official pinned binary on actual platform	2026-10-08T11:44:33.7085222Z             "name": "scan-english.pdf",
native (ubuntu-24.04, linux-x86_64)	Execute official pinned binary on actual platform	2026-10-08T11:44:33.7085549Z             "pages": 1,
native (ubuntu-24.04, linux-x86_64)	Execute official pinned binary on actual platform	2026-10-08T11:44:33.7086083Z             "path": "/home/runner/work/printcraft-skills/printcraft-skills/native-evidence/scan-english.pdf",
native (ubuntu-24.04, linux-x86_64)	Execute official pinned binary on actual platform	2026-10-08T11:44:33.7086641Z             "read_only_reason": null,
native (ubuntu-24.04, linux-x86_64)	Execute official pinned binary on actual platform	2026-10-08T11:44:33.7086974Z             "redo": null,
native (ubuntu-24.04, linux-x86_64)	Execute official pinned binary on actual platform	2026-10-08T11:44:33.7087260Z             "undo": null
native (ubuntu-24.04, linux-x86_64)	Execute official pinned binary on actual platform	2026-10-08T11:44:33.7087529Z           },
native (ubuntu-24.04, linux-x86_64)	Execute official pinned binary on actual platform	2026-10-08T11:44:33.7087771Z           {
native (ubuntu-24.04, linux-x86_64)	Execute official pinned binary on actual platform	2026-10-08T11:44:33.7088021Z             "pages": [
native (ubuntu-24.04, linux-x86_64)	Execute official pinned binary on actual platform	2026-10-08T11:44:33.7088284Z               {
native (ubuntu-24.04, linux-x86_64)	Execute official pinned binary on actual platform	2026-10-08T11:44:33.7088554Z                 "page": 1,
native (ubuntu-24.04, linux-x86_64)	Execute official pinned binary on actual platform	2026-10-08T11:44:33.7088901Z                 "text": "PAGE-GAMMA",
native (ubuntu-24.04, linux-x86_64)	Execute official pinned binary on actual platform	2026-10-08T11:44:33.7089222Z                 "words": 1
native (ubuntu-24.04, linux-x86_64)	Execute official pinned binary on actual platform	2026-10-08T11:44:33.7089488Z               }
native (ubuntu-24.04, linux-x86_64)	Execute official pinned binary on actual platform	2026-10-08T11:44:33.7089738Z             ],
native (ubuntu-24.04, linux-x86_64)	Execute official pinned binary on actual platform	2026-10-08T11:44:33.7089995Z             "words": 1
native (ubuntu-24.04, linux-x86_64)	Execute official pinned binary on actual platform	2026-10-08T11:44:33.7090264Z           },
native (ubuntu-24.04, linux-x86_64)	Execute official pinned binary on actual platform	2026-10-08T11:44:33.7090500Z           {
native (ubuntu-24.04, linux-x86_64)	Execute official pinned binary on actual platform	2026-10-08T11:44:33.7090753Z             "bytes": 7838,
native (ubuntu-24.04, linux-x86_64)	Execute official pinned binary on actual platform	2026-10-08T11:44:33.7091035Z             "document": {
native (ubuntu-24.04, linux-x86_64)	Execute official pinned binary on actual platform	2026-10-08T11:44:33.7091320Z               "dirty": false,
native (ubuntu-24.04, linux-x86_64)	Execute official pinned binary on actual platform	2026-10-08T11:44:33.7091608Z               "doc": 1,
native (ubuntu-24.04, linux-x86_64)	Execute official pinned binary on actual platform	2026-10-08T11:44:33.7091895Z               "editable": true,
native (ubuntu-24.04, linux-x86_64)	Execute official pinned binary on actual platform	2026-10-08T11:44:33.7092198Z               "encrypted": false,
native (ubuntu-24.04, linux-x86_64)	Execute official pinned binary on actual platform	2026-10-08T11:44:33.7092524Z               "name": "ocr-english.pdf",
native (ubuntu-24.04, linux-x86_64)	Execute official pinned binary on actual platform	2026-10-08T11:44:33.7092846Z               "pages": 1,
native (ubuntu-24.04, linux-x86_64)	Execute official pinned binary on actual platform	2026-10-08T11:44:33.7093504Z               "path": "/home/runner/work/printcraft-skills/printcraft-skills/native-evidence/ocr-english.pdf",
native (ubuntu-24.04, linux-x86_64)	Execute official pinned binary on actual platform	2026-10-08T11:44:33.7094062Z               "read_only_reason": null,
native (ubuntu-24.04, linux-x86_64)	Execute official pinned binary on actual platform	2026-10-08T11:44:33.7094389Z               "redo": null,
native (ubuntu-24.04, linux-x86_64)	Execute official pinned binary on actual platform	2026-10-08T11:44:33.7094696Z               "undo": "Recognize text"
native (ubuntu-24.04, linux-x86_64)	Execute official pinned binary on actual platform	2026-10-08T11:44:33.7094996Z             },
native (ubuntu-24.04, linux-x86_64)	Execute official pinned binary on actual platform	2026-10-08T11:44:33.7095264Z             "incremental": false,
native (ubuntu-24.04, linux-x86_64)	Execute official pinned binary on actual platform	2026-10-08T11:44:33.7095820Z             "path": "/home/runner/work/printcraft-skills/printcraft-skills/native-evidence/ocr-english.pdf"
native (ubuntu-24.04, linux-x86_64)	Execute official pinned binary on actual platform	2026-10-08T11:44:33.7096328Z           }
native (ubuntu-24.04, linux-x86_64)	Execute official pinned binary on actual platform	2026-10-08T11:44:33.7096566Z         ],
native (ubuntu-24.04, linux-x86_64)	Execute official pinned binary on actual platform	2026-10-08T11:44:33.7096843Z         "reopenedText": "PAGE-GAMMA\n",
native (ubuntu-24.04, linux-x86_64)	Execute official pinned binary on actual platform	2026-10-08T11:44:33.7097176Z         "sourceUnchanged": true
native (ubuntu-24.04, linux-x86_64)	Execute official pinned binary on actual platform	2026-10-08T11:44:33.7097455Z       }
native (ubuntu-24.04, linux-x86_64)	Execute official pinned binary on actual platform	2026-10-08T11:44:33.7097686Z     }
native (ubuntu-24.04, linux-x86_64)	Execute official pinned binary on actual platform	2026-10-08T11:44:33.7097915Z   },
native (ubuntu-24.04, linux-x86_64)	Execute official pinned binary on actual platform	2026-10-08T11:44:33.7098238Z   "scope": "DIRECT_NATIVE_ONLY_SKILL_INSTALLER_NOT_TESTED",
native (ubuntu-24.04, linux-x86_64)	Execute official pinned binary on actual platform	2026-10-08T11:44:33.7098658Z   "chineseRecognition": "NOT_RUN_THIS_HARNESS",
native (ubuntu-24.04, linux-x86_64)	Execute official pinned binary on actual platform	2026-10-08T11:44:33.7099023Z   "visualReview": "NOT_RUN",
native (ubuntu-24.04, linux-x86_64)	Execute official pinned binary on actual platform	2026-10-08T11:44:33.7099349Z   "status": "PASS_SCOPED_NATIVE",
native (ubuntu-24.04, linux-x86_64)	Execute official pinned binary on actual platform	2026-10-08T11:44:33.7099876Z   "runtimeArchiveSha256": "73b2977330d73716971237f68f89cba6ad52cbfb563ad0ab6d9ad18f44d45192",
native (ubuntu-24.04, linux-x86_64)	Execute official pinned binary on actual platform	2026-10-08T11:44:33.7100571Z   "runtimeBinarySha256": "83fa013a814583d569fb2463bc6e1379f4aa0f9d293b034cf96308e8f77c54c4",
native (ubuntu-24.04, linux-x86_64)	Execute official pinned binary on actual platform	2026-10-08T11:44:33.7101687Z   "versionOutput": "printcraft-cli 0.2.1\nDiscord: https://discord.gg/artcraft  (help and feedback)\nWeb:     https://getartcraft.com/apps/printcraft\nSource:  https://github.com/storytold/printcraft\n",
native (ubuntu-24.04, linux-x86_64)	Execute official pinned binary on actual platform	2026-10-08T11:44:33.7102916Z   "catalogSha256": "8ddb81c0382bacbdebf8ffdf242ec795135abc0a7723eebbe3b14123de64bea1",
native (ubuntu-24.04, linux-x86_64)	Execute official pinned binary on actual platform	2026-10-08T11:44:33.7103520Z   "catalogToolCount": 123,
native (ubuntu-24.04, linux-x86_64)	Execute official pinned binary on actual platform	2026-10-08T11:44:33.7103824Z   "ocrLanguageSchema": [
native (ubuntu-24.04, linux-x86_64)	Execute official pinned binary on actual platform	2026-10-08T11:44:33.7104113Z     "en"
native (ubuntu-24.04, linux-x86_64)	Execute official pinned binary on actual platform	2026-10-08T11:44:33.7104353Z   ],
native (ubuntu-24.04, linux-x86_64)	Execute official pinned binary on actual platform	2026-10-08T11:44:33.7104769Z   "inputSha256": "9d035b63e05cfeb06b0985db1582f14185f99931a51eda69718764e91fdc0a0a",
native (ubuntu-24.04, linux-x86_64)	Execute official pinned binary on actual platform	2026-10-08T11:44:33.7105237Z   "ocrStatus": {
native (ubuntu-24.04, linux-x86_64)	Execute official pinned binary on actual platform	2026-10-08T11:44:33.7105509Z     "available": false,
native (ubuntu-24.04, linux-x86_64)	Execute official pinned binary on actual platform	2026-10-08T11:44:33.7105789Z     "languages": [
native (ubuntu-24.04, linux-x86_64)	Execute official pinned binary on actual platform	2026-10-08T11:44:33.7106167Z       {
native (ubuntu-24.04, linux-x86_64)	Execute official pinned binary on actual platform	2026-10-08T11:44:33.7106416Z         "code": "en",
native (ubuntu-24.04, linux-x86_64)	Execute official pinned binary on actual platform	2026-10-08T11:44:33.7106698Z         "name": "English"
native (ubuntu-24.04, linux-x86_64)	Execute official pinned binary on actual platform	2026-10-08T11:44:33.7106964Z       }
native (ubuntu-24.04, linux-x86_64)	Execute official pinned binary on actual platform	2026-10-08T11:44:33.7107198Z     ],
native (ubuntu-24.04, linux-x86_64)	Execute official pinned binary on actual platform	2026-10-08T11:44:33.7107448Z     "search_dirs": [
native (ubuntu-24.04, linux-x86_64)	Execute official pinned binary on actual platform	2026-10-08T11:44:33.7107910Z       "/home/runner/work/printcraft-skills/printcraft-skills/native-evidence/models",
native (ubuntu-24.04, linux-x86_64)	Execute official pinned binary on actual platform	2026-10-08T11:44:33.7108599Z       "/home/runner/work/printcraft-skills/printcraft-skills/native-evidence/../Resources/models",
native (ubuntu-24.04, linux-x86_64)	Execute official pinned binary on actual platform	2026-10-08T11:44:33.7109251Z       "/home/runner/work/printcraft/printcraft/crates/ocr/../../assets/models"
native (ubuntu-24.04, linux-x86_64)	Execute official pinned binary on actual platform	2026-10-08T11:44:33.7109675Z     ]
native (ubuntu-24.04, linux-x86_64)	Execute official pinned binary on actual platform	2026-10-08T11:44:33.7109904Z   },
native (ubuntu-24.04, linux-x86_64)	Execute official pinned binary on actual platform	2026-10-08T11:44:33.7110142Z   "ocrModels": {
native (ubuntu-24.04, linux-x86_64)	Execute official pinned binary on actual platform	2026-10-08T11:44:33.7110572Z     "source": "https://github.com/storytold/pdfcraft/blob/v0.2.1/ATTRIBUTION.toml",
native (ubuntu-24.04, linux-x86_64)	Execute official pinned binary on actual platform	2026-10-08T11:44:33.7111041Z     "nativeVersion": "0.2.1",
native (ubuntu-24.04, linux-x86_64)	Execute official pinned binary on actual platform	2026-10-08T11:44:33.7111327Z     "models": [
native (ubuntu-24.04, linux-x86_64)	Execute official pinned binary on actual platform	2026-10-08T11:44:33.7111580Z       {
native (ubuntu-24.04, linux-x86_64)	Execute official pinned binary on actual platform	2026-10-08T11:44:33.7111847Z         "file": "text-detection.rten",
native (ubuntu-24.04, linux-x86_64)	Execute official pinned binary on actual platform	2026-10-08T11:44:33.7112355Z         "url": "https://ocrs-models.s3-accelerate.amazonaws.com/text-detection.rten",
native (ubuntu-24.04, linux-x86_64)	Execute official pinned binary on actual platform	2026-10-08T11:44:33.7112863Z         "title": "Ocrs text detection model",
native (ubuntu-24.04, linux-x86_64)	Execute official pinned binary on actual platform	2026-10-08T11:44:33.7113476Z         "author": "Robert Knight (ocrs-models; trained on HierText, CC-BY-SA-4.0)",
native (ubuntu-24.04, linux-x86_64)	Execute official pinned binary on actual platform	2026-10-08T11:44:33.7114375Z         "source": "https://github.com/robertknight/ocrs-models (the models ocrs downloads; model card: https://huggingface.co/robertknight/ocrs, cc-by-sa-4.0)",
native (ubuntu-24.04, linux-x86_64)	Execute official pinned binary on actual platform	2026-10-08T11:44:33.7115088Z         "licence": "CC-BY-SA-4.0",
native (ubuntu-24.04, linux-x86_64)	Execute official pinned binary on actual platform	2026-10-08T11:44:33.7115556Z         "licence_url": "https://creativecommons.org/licenses/by-sa/4.0/legalcode.txt",
native (ubuntu-24.04, linux-x86_64)	Execute official pinned binary on actual platform	2026-10-08T11:44:33.7116207Z         "licence_sha256": "28a9529c7d0bb4dc51f4bf5c116a3d16ef247a052f7591466768ddf563fd1cf5",
native (ubuntu-24.04, linux-x86_64)	Execute official pinned binary on actual platform	2026-10-08T11:44:33.7116699Z         "kind": "model",
native (ubuntu-24.04, linux-x86_64)	Execute official pinned binary on actual platform	2026-10-08T11:44:33.7117098Z         "usage": "Scan & OCR: finds words on page images (cargo xtask models)",
native (ubuntu-24.04, linux-x86_64)	Execute official pinned binary on actual platform	2026-10-08T11:44:33.7117667Z         "sha256": "f15cfb56bd02c4bf478a20343986504a1f01e1665c2b3a0ad66340f054b1b5ca"
native (ubuntu-24.04, linux-x86_64)	Execute official pinned binary on actual platform	2026-10-08T11:44:33.7118113Z       },
native (ubuntu-24.04, linux-x86_64)	Execute official pinned binary on actual platform	2026-10-08T11:44:33.7118356Z       {
native (ubuntu-24.04, linux-x86_64)	Execute official pinned binary on actual platform	2026-10-08T11:44:33.7118622Z         "file": "text-recognition.rten",
native (ubuntu-24.04, linux-x86_64)	Execute official pinned binary on actual platform	2026-10-08T11:44:33.7119120Z         "url": "https://ocrs-models.s3-accelerate.amazonaws.com/text-recognition.rten",
native (ubuntu-24.04, linux-x86_64)	Execute official pinned binary on actual platform	2026-10-08T11:44:33.7119626Z         "title": "Ocrs text recognition model",
native (ubuntu-24.04, linux-x86_64)	Execute official pinned binary on actual platform	2026-10-08T11:44:33.7120097Z         "author": "Robert Knight (ocrs-models; trained on HierText, CC-BY-SA-4.0)",
native (ubuntu-24.04, linux-x86_64)	Execute official pinned binary on actual platform	2026-10-08T11:44:33.7120955Z         "source": "https://github.com/robertknight/ocrs-models (the models ocrs downloads; model card: https://huggingface.co/robertknight/ocrs, cc-by-sa-4.0)",
native (ubuntu-24.04, linux-x86_64)	Execute official pinned binary on actual platform	2026-10-08T11:44:33.7121653Z         "licence": "CC-BY-SA-4.0",
native (ubuntu-24.04, linux-x86_64)	Execute official pinned binary on actual platform	2026-10-08T11:44:33.7122176Z         "licence_url": "https://creativecommons.org/licenses/by-sa/4.0/legalcode.txt",
native (ubuntu-24.04, linux-x86_64)	Execute official pinned binary on actual platform	2026-10-08T11:44:33.7122837Z         "licence_sha256": "28a9529c7d0bb4dc51f4bf5c116a3d16ef247a052f7591466768ddf563fd1cf5",
native (ubuntu-24.04, linux-x86_64)	Execute official pinned binary on actual platform	2026-10-08T11:44:33.7123437Z         "kind": "model",
native (ubuntu-24.04, linux-x86_64)	Execute official pinned binary on actual platform	2026-10-08T11:44:33.7123828Z         "usage": "Scan & OCR: reads the words it finds (cargo xtask models)",
native (ubuntu-24.04, linux-x86_64)	Execute official pinned binary on actual platform	2026-10-08T11:44:33.7124392Z         "sha256": "e484866d4cce403175bd8d00b128feb08ab42e208de30e42cd9889d8f1735a6e"
native (ubuntu-24.04, linux-x86_64)	Execute official pinned binary on actual platform	2026-10-08T11:44:33.7124976Z       }
native (ubuntu-24.04, linux-x86_64)	Execute official pinned binary on actual platform	2026-10-08T11:44:33.7125209Z     ]
native (ubuntu-24.04, linux-x86_64)	Execute official pinned binary on actual platform	2026-10-08T11:44:33.7125441Z   },
native (ubuntu-24.04, linux-x86_64)	Execute official pinned binary on actual platform	2026-10-08T11:44:33.7125694Z   "ocrStatusWithModels": {
native (ubuntu-24.04, linux-x86_64)	Execute official pinned binary on actual platform	2026-10-08T11:44:33.7125999Z     "available": true,
native (ubuntu-24.04, linux-x86_64)	Execute official pinned binary on actual platform	2026-10-08T11:44:33.7126280Z     "languages": [
native (ubuntu-24.04, linux-x86_64)	Execute official pinned binary on actual platform	2026-10-08T11:44:33.7126534Z       {
native (ubuntu-24.04, linux-x86_64)	Execute official pinned binary on actual platform	2026-10-08T11:44:33.7126779Z         "code": "en",
native (ubuntu-24.04, linux-x86_64)	Execute official pinned binary on actual platform	2026-10-08T11:44:33.7127054Z         "name": "English"
native (ubuntu-24.04, linux-x86_64)	Execute official pinned binary on actual platform	2026-10-08T11:44:33.7127321Z       }
native (ubuntu-24.04, linux-x86_64)	Execute official pinned binary on actual platform	2026-10-08T11:44:33.7127551Z     ],
native (ubuntu-24.04, linux-x86_64)	Execute official pinned binary on actual platform	2026-10-08T11:44:33.7127800Z     "search_dirs": [
native (ubuntu-24.04, linux-x86_64)	Execute official pinned binary on actual platform	2026-10-08T11:44:33.7128242Z       "/home/runner/work/printcraft-skills/printcraft-skills/native-evidence/models",
native (ubuntu-24.04, linux-x86_64)	Execute official pinned binary on actual platform	2026-10-08T11:44:33.7128908Z       "/home/runner/work/printcraft-skills/printcraft-skills/native-evidence/../Resources/models",
native (ubuntu-24.04, linux-x86_64)	Execute official pinned binary on actual platform	2026-10-08T11:44:33.7129718Z       "/home/runner/work/printcraft/printcraft/crates/ocr/../../assets/models"
native (ubuntu-24.04, linux-x86_64)	Execute official pinned binary on actual platform	2026-10-08T11:44:33.7130153Z     ]
native (ubuntu-24.04, linux-x86_64)	Execute official pinned binary on actual platform	2026-10-08T11:44:33.7130384Z   },
native (ubuntu-24.04, linux-x86_64)	Execute official pinned binary on actual platform	2026-10-08T11:44:33.7130640Z   "sourceUnchanged": true,
native (ubuntu-24.04, linux-x86_64)	Execute official pinned binary on actual platform	2026-10-08T11:44:33.7130935Z   "artifacts": {
native (ubuntu-24.04, linux-x86_64)	Execute official pinned binary on actual platform	2026-10-08T11:44:33.7131396Z     "001-call.json": "5bea3fedd7eeae64a3b72ad99bdfe8f8e3175bf270715ef247a4f00265debfc3",
native (ubuntu-24.04, linux-x86_64)	Execute official pinned binary on actual platform	2026-10-08T11:44:33.7132055Z     "001-stderr.log": "e3b0c44298fc1c149afbf4c8996fb92427ae41e4649b934ca495991b7852b855",
native (ubuntu-24.04, linux-x86_64)	Execute official pinned binary on actual platform	2026-10-08T11:44:33.7132691Z     "001-stdout.log": "260187c52b001191acc62e300b68203b492022e0c2b78b74db7f63ed6cf0eb9b",
native (ubuntu-24.04, linux-x86_64)	Execute official pinned binary on actual platform	2026-10-08T11:44:33.7133435Z     "002-call.json": "e44a6d5b24dfbbf9a357a5722714b0608e6d0902ed29e7080757cd1e45e8cc3b",
native (ubuntu-24.04, linux-x86_64)	Execute official pinned binary on actual platform	2026-10-08T11:44:33.7134074Z     "002-stderr.log": "e3b0c44298fc1c149afbf4c8996fb92427ae41e4649b934ca495991b7852b855",
native (ubuntu-24.04, linux-x86_64)	Execute official pinned binary on actual platform	2026-10-08T11:44:33.7134708Z     "002-stdout.log": "8ddb81c0382bacbdebf8ffdf242ec795135abc0a7723eebbe3b14123de64bea1",
native (ubuntu-24.04, linux-x86_64)	Execute official pinned binary on actual platform	2026-10-08T11:44:33.7135352Z     "003-call.json": "f22a8b916e1cf4a0cb7a4ed91003eb6ca5f7fe95081f15f28287b92a73f3117b",
native (ubuntu-24.04, linux-x86_64)	Execute official pinned binary on actual platform	2026-10-08T11:44:33.7135968Z     "003-stderr.log": "e3b0c44298fc1c149afbf4c8996fb92427ae41e4649b934ca495991b7852b855",
native (ubuntu-24.04, linux-x86_64)	Execute official pinned binary on actual platform	2026-10-08T11:44:33.7136566Z     "003-stdout.log": "3f920767520f0143c86016d9f520b66a4bdd4732b334fc690d611173b9f4e4ce",
native (ubuntu-24.04, linux-x86_64)	Execute official pinned binary on actual platform	2026-10-08T11:44:33.7137181Z     "004-call.json": "d88cf207091fa7b6e12402e3cf427f426c41101109e4c5ad1b5ea45596856eca",
native (ubuntu-24.04, linux-x86_64)	Execute official pinned binary on actual platform	2026-10-08T11:44:33.7137787Z     "004-stderr.log": "e3b0c44298fc1c149afbf4c8996fb92427ae41e4649b934ca495991b7852b855",
native (ubuntu-24.04, linux-x86_64)	Execute official pinned binary on actual platform	2026-10-08T11:44:33.7138395Z     "004-stdout.log": "810915fe6ec3230e87e23d42939bdf62f176bb431faf5085aaa1422318931aae",
native (ubuntu-24.04, linux-x86_64)	Execute official pinned binary on actual platform	2026-10-08T11:44:33.7138998Z     "005-call.json": "3c9453a60dfa96869fd67ae1e840352424e43e6e660914ad0c7d7b2469c6566c",
native (ubuntu-24.04, linux-x86_64)	Execute official pinned binary on actual platform	2026-10-08T11:44:33.7139600Z     "005-stderr.log": "e3b0c44298fc1c149afbf4c8996fb92427ae41e4649b934ca495991b7852b855",
native (ubuntu-24.04, linux-x86_64)	Execute official pinned binary on actual platform	2026-10-08T11:44:33.7140212Z     "005-stdout.log": "05a0254bf621f2c5607ace0e81c83d283b2c27685a1169e3ee97d808b0b72886",
native (ubuntu-24.04, linux-x86_64)	Execute official pinned binary on actual platform	2026-10-08T11:44:33.7140859Z     "006-call.json": "4182017ae48128fed543d99250b5c68c82d8f56126f933aaef2839ff2ead7228",
native (ubuntu-24.04, linux-x86_64)	Execute official pinned binary on actual platform	2026-10-08T11:44:33.7141460Z     "006-stderr.log": "e3b0c44298fc1c149afbf4c8996fb92427ae41e4649b934ca495991b7852b855",
native (ubuntu-24.04, linux-x86_64)	Execute official pinned binary on actual platform	2026-10-08T11:44:33.7142086Z     "006-stdout.log": "1a04a191ace245e98cc7421a421c6dc44d0237a6d3e2d591272e8eb36e84dd0b",
native (ubuntu-24.04, linux-x86_64)	Execute official pinned binary on actual platform	2026-10-08T11:44:33.7142691Z     "007-call.json": "7c7a9629f2a16cf7becc69425b680f8cc34374884f937f1f40b2499f47c0c679",
native (ubuntu-24.04, linux-x86_64)	Execute official pinned binary on actual platform	2026-10-08T11:44:33.7143384Z     "007-stderr.log": "e3b0c44298fc1c149afbf4c8996fb92427ae41e4649b934ca495991b7852b855",
native (ubuntu-24.04, linux-x86_64)	Execute official pinned binary on actual platform	2026-10-08T11:44:33.7144003Z     "007-stdout.log": "86696a16aacf0f57f3bb129451d6fc4beeb518901609ed93dab29339eec83057",
native (ubuntu-24.04, linux-x86_64)	Execute official pinned binary on actual platform	2026-10-08T11:44:33.7144625Z     "008-call.json": "803f2ba8a3251ddd1acbc07ff785c132deb9e34fff383075511fe6f8896dfa06",
native (ubuntu-24.04, linux-x86_64)	Execute official pinned binary on actual platform	2026-10-08T11:44:33.7145234Z     "008-stderr.log": "663ad9fe33812d072154f0800b9639bc0b896f44bfaa41d4733c452a5b0a5014",
native (ubuntu-24.04, linux-x86_64)	Execute official pinned binary on actual platform	2026-10-08T11:44:33.7145839Z     "008-stdout.log": "e3b0c44298fc1c149afbf4c8996fb92427ae41e4649b934ca495991b7852b855",
native (ubuntu-24.04, linux-x86_64)	Execute official pinned binary on actual platform	2026-10-08T11:44:33.7146468Z     "009-call.json": "c0f642ea5ba900b29cd0c7438cc26f0b88ba31006c4e50962023cf0377a7d352",
native (ubuntu-24.04, linux-x86_64)	Execute official pinned binary on actual platform	2026-10-08T11:44:33.7147075Z     "009-stderr.log": "e3b0c44298fc1c149afbf4c8996fb92427ae41e4649b934ca495991b7852b855",
native (ubuntu-24.04, linux-x86_64)	Execute official pinned binary on actual platform	2026-10-08T11:44:33.7147857Z     "009-stdout.log": "c364c32d7266f3134eec11d3a5b4dc4a400ebbc181e46cde904a8b9076a38fc2",
native (ubuntu-24.04, linux-x86_64)	Execute official pinned binary on actual platform	2026-10-08T11:44:33.7148469Z     "010-call.json": "d6673701c7258128e0426b8f8655f37f9aff353117fc43581fbb1fb2fe91c2ef",
native (ubuntu-24.04, linux-x86_64)	Execute official pinned binary on actual platform	2026-10-08T11:44:33.7149070Z     "010-stderr.log": "e3b0c44298fc1c149afbf4c8996fb92427ae41e4649b934ca495991b7852b855",
native (ubuntu-24.04, linux-x86_64)	Execute official pinned binary on actual platform	2026-10-08T11:44:33.7149680Z     "010-stdout.log": "f5d804267fce5d840106ed8237a2bcb34e5fad7052eb6052d6ce9cc11d360516",
native (ubuntu-24.04, linux-x86_64)	Execute official pinned binary on actual platform	2026-10-08T11:44:33.7150299Z     "011-call.json": "fa905cea4d8dc34679d46e65fdcbaa9d61cbd948ddea5ac317365548b3f4c545",
native (ubuntu-24.04, linux-x86_64)	Execute official pinned binary on actual platform	2026-10-08T11:44:33.7150923Z     "011-stderr.log": "e3b0c44298fc1c149afbf4c8996fb92427ae41e4649b934ca495991b7852b855",
native (ubuntu-24.04, linux-x86_64)	Execute official pinned binary on actual platform	2026-10-08T11:44:33.7151702Z     "011-stdout.log": "1a04a191ace245e98cc7421a421c6dc44d0237a6d3e2d591272e8eb36e84dd0b",
native (ubuntu-24.04, linux-x86_64)	Execute official pinned binary on actual platform	2026-10-08T11:44:33.7152315Z     "012-call.json": "6ac105b0b564af533b69e908a9c3140c01814c2892ba2d2e238796e5cf5c5300",
native (ubuntu-24.04, linux-x86_64)	Execute official pinned binary on actual platform	2026-10-08T11:44:33.7152915Z     "012-stderr.log": "e3b0c44298fc1c149afbf4c8996fb92427ae41e4649b934ca495991b7852b855",
native (ubuntu-24.04, linux-x86_64)	Execute official pinned binary on actual platform	2026-10-08T11:44:33.7153639Z     "012-stdout.log": "86696a16aacf0f57f3bb129451d6fc4beeb518901609ed93dab29339eec83057",
native (ubuntu-24.04, linux-x86_64)	Execute official pinned binary on actual platform	2026-10-08T11:44:33.7154300Z     "013-call.json": "ef1b0cc8d1831b7f256a5b5de1c5aa5b4fc86255cc7c960aab8f4cc72aafd5af",
native (ubuntu-24.04, linux-x86_64)	Execute official pinned binary on actual platform	2026-10-08T11:44:33.7154936Z     "013-stderr.log": "e3b0c44298fc1c149afbf4c8996fb92427ae41e4649b934ca495991b7852b855",
native (ubuntu-24.04, linux-x86_64)	Execute official pinned binary on actual platform	2026-10-08T11:44:33.7155563Z     "013-stdout.log": "05a0254bf621f2c5607ace0e81c83d283b2c27685a1169e3ee97d808b0b72886",
native (ubuntu-24.04, linux-x86_64)	Execute official pinned binary on actual platform	2026-10-08T11:44:33.7156169Z     "014-call.json": "6d417b7c528880786d72598ede19cee6c44dc6a9da02fe02189a023c7ee780ef",
native (ubuntu-24.04, linux-x86_64)	Execute official pinned binary on actual platform	2026-10-08T11:44:33.7156781Z     "014-stderr.log": "d7427b7c4bbfd5399e05a7ae3caf4d4d6767c96c7c2e0036e62b45551a14d229",
native (ubuntu-24.04, linux-x86_64)	Execute official pinned binary on actual platform	2026-10-08T11:44:33.7157401Z     "014-stdout.log": "e3b0c44298fc1c149afbf4c8996fb92427ae41e4649b934ca495991b7852b855",
native (ubuntu-24.04, linux-x86_64)	Execute official pinned binary on actual platform	2026-10-08T11:44:33.7158107Z     "015-call.json": "328113ca7e9514866f612080bb2d56edc161b7916b408de7717b4bbc1ab79dcb",
native (ubuntu-24.04, linux-x86_64)	Execute official pinned binary on actual platform	2026-10-08T11:44:33.7159092Z     "015-stderr.log": "e3b0c44298fc1c149afbf4c8996fb92427ae41e4649b934ca495991b7852b855",
native (ubuntu-24.04, linux-x86_64)	Execute official pinned binary on actual platform	2026-10-08T11:44:33.7160086Z     "015-stdout.log": "9f354d543f662a66ae475b3e0e8c513a1415b1a2304b9658945aa7ed9f46a3d7",
native (ubuntu-24.04, linux-x86_64)	Execute official pinned binary on actual platform	2026-10-08T11:44:33.7161027Z     "016-call.json": "b8ac41f68951cc4173dc13500ce26ae2a460c3b00bc735617bc54f5a86587b7e",
native (ubuntu-24.04, linux-x86_64)	Execute official pinned binary on actual platform	2026-10-08T11:44:33.7161670Z     "016-stderr.log": "e3b0c44298fc1c149afbf4c8996fb92427ae41e4649b934ca495991b7852b855",
native (ubuntu-24.04, linux-x86_64)	Execute official pinned binary on actual platform	2026-10-08T11:44:33.7162296Z     "016-stdout.log": "e316cb487510166bae8a302df6f3375925e15ece4ad62fcb95612ead2f157ca5",
native (ubuntu-24.04, linux-x86_64)	Execute official pinned binary on actual platform	2026-10-08T11:44:33.7162917Z     "017-call.json": "477e9b17ab21ae105a0fad4e5271dd91b5ff0331253fec4831dc8ce168268a17",
native (ubuntu-24.04, linux-x86_64)	Execute official pinned binary on actual platform	2026-10-08T11:44:33.7163665Z     "017-stderr.log": "e3b0c44298fc1c149afbf4c8996fb92427ae41e4649b934ca495991b7852b855",
native (ubuntu-24.04, linux-x86_64)	Execute official pinned binary on actual platform	2026-10-08T11:44:33.7164285Z     "017-stdout.log": "1a04a191ace245e98cc7421a421c6dc44d0237a6d3e2d591272e8eb36e84dd0b",
native (ubuntu-24.04, linux-x86_64)	Execute official pinned binary on actual platform	2026-10-08T11:44:33.7164896Z     "018-call.json": "6d7edfcf7c4a303369b7bf91f35ee55787b0de87a1e237ff304cb80b30266e8b",
native (ubuntu-24.04, linux-x86_64)	Execute official pinned binary on actual platform	2026-10-08T11:44:33.7165527Z     "018-stderr.log": "e3b0c44298fc1c149afbf4c8996fb92427ae41e4649b934ca495991b7852b855",
native (ubuntu-24.04, linux-x86_64)	Execute official pinned binary on actual platform	2026-10-08T11:44:33.7166150Z     "018-stdout.log": "86696a16aacf0f57f3bb129451d6fc4beeb518901609ed93dab29339eec83057",
native (ubuntu-24.04, linux-x86_64)	Execute official pinned binary on actual platform	2026-10-08T11:44:33.7166760Z     "019-call.json": "b5e2681fe9ad181e915fb96b11dd93c498eb41776312f6147121e4d87a92557e",
native (ubuntu-24.04, linux-x86_64)	Execute official pinned binary on actual platform	2026-10-08T11:44:33.7167364Z     "019-stderr.log": "e3b0c44298fc1c149afbf4c8996fb92427ae41e4649b934ca495991b7852b855",
native (ubuntu-24.04, linux-x86_64)	Execute official pinned binary on actual platform	2026-10-08T11:44:33.7167982Z     "019-stdout.log": "05a0254bf621f2c5607ace0e81c83d283b2c27685a1169e3ee97d808b0b72886",
native (ubuntu-24.04, linux-x86_64)	Execute official pinned binary on actual platform	2026-10-08T11:44:33.7168610Z     "020-call.json": "0cb1ec35f7ec9cfbbdc80e6647bcff0f794a17f75353109c34e224dd3a7f2d41",
native (ubuntu-24.04, linux-x86_64)	Execute official pinned binary on actual platform	2026-10-08T11:44:33.7169242Z     "020-stderr.log": "f3e7094f1e88f237c4824b8abc70883bc1fff948814c03f29059da1735c74873",
native (ubuntu-24.04, linux-x86_64)	Execute official pinned binary on actual platform	2026-10-08T11:44:33.7169851Z     "020-stdout.log": "e3b0c44298fc1c149afbf4c8996fb92427ae41e4649b934ca495991b7852b855",
native (ubuntu-24.04, linux-x86_64)	Execute official pinned binary on actual platform	2026-10-08T11:44:33.7170462Z     "021-call.json": "9d213b21ed05f04a22e594d68e77595cb25f67b44210762f42de1d7038236123",
native (ubuntu-24.04, linux-x86_64)	Execute official pinned binary on actual platform	2026-10-08T11:44:33.7171308Z     "021-stderr.log": "e3b0c44298fc1c149afbf4c8996fb92427ae41e4649b934ca495991b7852b855",
native (ubuntu-24.04, linux-x86_64)	Execute official pinned binary on actual platform	2026-10-08T11:44:33.7171921Z     "021-stdout.log": "88ae02944a0265579702d62dec4f42892189eb57eb95b1f6c7809becb664fd05",
native (ubuntu-24.04, linux-x86_64)	Execute official pinned binary on actual platform	2026-10-08T11:44:33.7172528Z     "022-call.json": "35db8c12908a90c3b4f6eca3d5317e5f3040872b765a64c46b60b45a71f328ce",
native (ubuntu-24.04, linux-x86_64)	Execute official pinned binary on actual platform	2026-10-08T11:44:33.7173252Z     "022-stderr.log": "e3b0c44298fc1c149afbf4c8996fb92427ae41e4649b934ca495991b7852b855",
native (ubuntu-24.04, linux-x86_64)	Execute official pinned binary on actual platform	2026-10-08T11:44:33.7173868Z     "022-stdout.log": "ef228c26029d28df1e14fd6db9fa637eaf45858f926f269a390a029725be1ea8",
native (ubuntu-24.04, linux-x86_64)	Execute official pinned binary on actual platform	2026-10-08T11:44:33.7174478Z     "023-call.json": "f01161ff4c3274080e6f608f87246170a428936ee66b6947a8853d91176212e1",
native (ubuntu-24.04, linux-x86_64)	Execute official pinned binary on actual platform	2026-10-08T11:44:33.7175216Z     "023-stderr.log": "e3b0c44298fc1c149afbf4c8996fb92427ae41e4649b934ca495991b7852b855",
native (ubuntu-24.04, linux-x86_64)	Execute official pinned binary on actual platform	2026-10-08T11:44:33.7175844Z     "023-stdout.log": "7d5ddacda7ca8a0eaa9c0518aa8b55830ece0bc70bfed8015d06491e2b06df3e",
native (ubuntu-24.04, linux-x86_64)	Execute official pinned binary on actual platform	2026-10-08T11:44:33.7176469Z     "024-call.json": "6257c17c69d79b9c50d38b78191e2a194778687030559ba8425c0aa3f05bdde0",
native (ubuntu-24.04, linux-x86_64)	Execute official pinned binary on actual platform	2026-10-08T11:44:33.7177076Z     "024-stderr.log": "e3b0c44298fc1c149afbf4c8996fb92427ae41e4649b934ca495991b7852b855",
native (ubuntu-24.04, linux-x86_64)	Execute official pinned binary on actual platform	2026-10-08T11:44:33.7177690Z     "024-stdout.log": "33343d8e3983017124cdc4cddc1e91d1f4a53f393adaa8d0155ed1f27ce1186e",
native (ubuntu-24.04, linux-x86_64)	Execute official pinned binary on actual platform	2026-10-08T11:44:33.7178289Z     "025-call.json": "557e95d0a23e850a2733f4d44102b07887709267a031f7ef5890edb322cfa83c",
native (ubuntu-24.04, linux-x86_64)	Execute official pinned binary on actual platform	2026-10-08T11:44:33.7178890Z     "025-stderr.log": "663ad9fe33812d072154f0800b9639bc0b896f44bfaa41d4733c452a5b0a5014",
native (ubuntu-24.04, linux-x86_64)	Execute official pinned binary on actual platform	2026-10-08T11:44:33.7179489Z     "025-stdout.log": "e3b0c44298fc1c149afbf4c8996fb92427ae41e4649b934ca495991b7852b855",
native (ubuntu-24.04, linux-x86_64)	Execute official pinned binary on actual platform	2026-10-08T11:44:33.7180118Z     "026-call.json": "ca1aea0f476a00cde22d73057515c94e205a1c82fad6899bb083ecb547e331cd",
native (ubuntu-24.04, linux-x86_64)	Execute official pinned binary on actual platform	2026-10-08T11:44:33.7180720Z     "026-stderr.log": "e3b0c44298fc1c149afbf4c8996fb92427ae41e4649b934ca495991b7852b855",
native (ubuntu-24.04, linux-x86_64)	Execute official pinned binary on actual platform	2026-10-08T11:44:33.7181330Z     "026-stdout.log": "c429e56e96dbd6ee1b7bd0abaca0b489d226b3aeccf14394017524ce74241082",
native (ubuntu-24.04, linux-x86_64)	Execute official pinned binary on actual platform	2026-10-08T11:44:33.7181952Z     "027-call.json": "e6e106b096c3dc12743f2f906c92781aca6677b7f9714a5b00e48d9f290e952f",
native (ubuntu-24.04, linux-x86_64)	Execute official pinned binary on actual platform	2026-10-08T11:44:33.7182560Z     "027-stderr.log": "e3b0c44298fc1c149afbf4c8996fb92427ae41e4649b934ca495991b7852b855",
native (ubuntu-24.04, linux-x86_64)	Execute official pinned binary on actual platform	2026-10-08T11:44:33.7183261Z     "027-stdout.log": "9e862b9dd8fbd4d8b90c5ba7c445378b524860cb577259632e5fe662d3a75277",
native (ubuntu-24.04, linux-x86_64)	Execute official pinned binary on actual platform	2026-10-08T11:44:33.7183870Z     "028-call.json": "b9aca428fdb51d76bf58937545be6046b8b02d4bbb8593e067c6d57b1f620a79",
native (ubuntu-24.04, linux-x86_64)	Execute official pinned binary on actual platform	2026-10-08T11:44:33.7184482Z     "028-stderr.log": "e3b0c44298fc1c149afbf4c8996fb92427ae41e4649b934ca495991b7852b855",
native (ubuntu-24.04, linux-x86_64)	Execute official pinned binary on actual platform	2026-10-08T11:44:33.7185088Z     "028-stdout.log": "01ba4719c80b6fe911b091a7c05124b64eeece964e09c058ef8f9805daca546b",
native (ubuntu-24.04, linux-x86_64)	Execute official pinned binary on actual platform	2026-10-08T11:44:33.7185689Z     "029-call.json": "81685174e8c72bb9d1915f708f81faf19d9d40f12cc59d6eee718717104b32cc",
native (ubuntu-24.04, linux-x86_64)	Execute official pinned binary on actual platform	2026-10-08T11:44:33.7186283Z     "029-stderr.log": "e3b0c44298fc1c149afbf4c8996fb92427ae41e4649b934ca495991b7852b855",
native (ubuntu-24.04, linux-x86_64)	Execute official pinned binary on actual platform	2026-10-08T11:44:33.7186897Z     "029-stdout.log": "95a440e71b414cde4c023ce9a1d3d7c3f3220c7010d303d1dcbd5446ed168b0f",
native (ubuntu-24.04, linux-x86_64)	Execute official pinned binary on actual platform	2026-10-08T11:44:33.7187496Z     "030-call.json": "9ce9c435f21d2140889a023f5a38bc56c5353f56ef1ec47a4b97297198bbf9c6",
native (ubuntu-24.04, linux-x86_64)	Execute official pinned binary on actual platform	2026-10-08T11:44:33.7188087Z     "030-stderr.log": "e3b0c44298fc1c149afbf4c8996fb92427ae41e4649b934ca495991b7852b855",
native (ubuntu-24.04, linux-x86_64)	Execute official pinned binary on actual platform	2026-10-08T11:44:33.7188693Z     "030-stdout.log": "05a0254bf621f2c5607ace0e81c83d283b2c27685a1169e3ee97d808b0b72886",
native (ubuntu-24.04, linux-x86_64)	Execute official pinned binary on actual platform	2026-10-08T11:44:33.7189325Z     "031-call.json": "6d26e399371677845cb7af260cc6c9cdf38c5f4a33db039684e5e762675bfca3",
native (ubuntu-24.04, linux-x86_64)	Execute official pinned binary on actual platform	2026-10-08T11:44:33.7189924Z     "031-stderr.log": "e3b0c44298fc1c149afbf4c8996fb92427ae41e4649b934ca495991b7852b855",
native (ubuntu-24.04, linux-x86_64)	Execute official pinned binary on actual platform	2026-10-08T11:44:33.7190528Z     "031-stdout.log": "0cf087262c2104be1be4084a7b48d95da456a2f2f96c5a6dbe9fcc60d5dd7f10",
native (ubuntu-24.04, linux-x86_64)	Execute official pinned binary on actual platform	2026-10-08T11:44:33.7191142Z     "032-call.json": "88664fe95d9689a97442cf0ece79f40eeafa77ffc9294ac9872d1828c51a8530",
native (ubuntu-24.04, linux-x86_64)	Execute official pinned binary on actual platform	2026-10-08T11:44:33.7191750Z     "032-stderr.log": "333ac5bedf7925947f46684ea6025e2151af2b5ba6189db41de728f18290c57a",
native (ubuntu-24.04, linux-x86_64)	Execute official pinned binary on actual platform	2026-10-08T11:44:33.7192487Z     "032-stdout.log": "e3b0c44298fc1c149afbf4c8996fb92427ae41e4649b934ca495991b7852b855",
native (ubuntu-24.04, linux-x86_64)	Execute official pinned binary on actual platform	2026-10-08T11:44:33.7193202Z     "crop.json": "767007e3b2dc0d95c41c3c17ee05670392c0d191a1ed7a8eaceddf54f4ff0762",
native (ubuntu-24.04, linux-x86_64)	Execute official pinned binary on actual platform	2026-10-08T11:44:33.7193811Z     "crop.pam": "800e5debd6af3433e00f8d0661b056aba194e6399b6f6115cbf4c76a1e3d5a33",
native (ubuntu-24.04, linux-x86_64)	Execute official pinned binary on actual platform	2026-10-08T11:44:33.7194407Z     "crop.pdf": "eae56621a8b93ea3d84ae86d15943c77a22f46715d14d8281d76b5d41083a06a",
native (ubuntu-24.04, linux-x86_64)	Execute official pinned binary on actual platform	2026-10-08T11:44:33.7195030Z     "form-reopen.json": "cb2e864ed2588f761a0f8c40fd7330416e0a78b3e3d1b0a0d8b2af9816893e41",
native (ubuntu-24.04, linux-x86_64)	Execute official pinned binary on actual platform	2026-10-08T11:44:33.7195655Z     "form.json": "240f354e3312db6589c3c5062569fe15143c1af038c44fbd0192eaf713772308",
native (ubuntu-24.04, linux-x86_64)	Execute official pinned binary on actual platform	2026-10-08T11:44:33.7196362Z     "form.pdf": "c5721e1aa27ebcfb44e0b9b0a4e475a6529c1c02e29c46d153fb82fff9fa0f50",
native (ubuntu-24.04, linux-x86_64)	Execute official pinned binary on actual platform	2026-10-08T11:44:33.7196982Z     "ocr-english.json": "811a4651133255d6430bbb1dadc0fd252f94bf7e24fbd0b2f436cf318198a642",
native (ubuntu-24.04, linux-x86_64)	Execute official pinned binary on actual platform	2026-10-08T11:44:33.7197631Z     "ocr-english.pam": "6db18d931d460ff50a4536ca589428ff9e7aadeb2f534bde9f96ae5521ea8f21",
native (ubuntu-24.04, linux-x86_64)	Execute official pinned binary on actual platform	2026-10-08T11:44:33.7198294Z     "ocr-english.pdf": "cb75beab4db8b73017196e398e1768152a9cb635ba9f2b5644ed1fe02ffc3f97",
native (ubuntu-24.04, linux-x86_64)	Execute official pinned binary on actual platform	2026-10-08T11:44:33.7198964Z     "ocr-model-status.json": "c1f6c98640836a6117fb41b8ad1492fadd5e3678fc977b2d526e059d51eda106",
native (ubuntu-24.04, linux-x86_64)	Execute official pinned binary on actual platform	2026-10-08T11:44:33.7199618Z     "ocr-status.json": "c1f6c98640836a6117fb41b8ad1492fadd5e3678fc977b2d526e059d51eda106",
native (ubuntu-24.04, linux-x86_64)	Execute official pinned binary on actual platform	2026-10-08T11:44:33.7200228Z     "redact.json": "7ac59572872adbef02973e52b52b299f8531df963bc980ba66e75f2d68bb4ff9",
native (ubuntu-24.04, linux-x86_64)	Execute official pinned binary on actual platform	2026-10-08T11:44:33.7200838Z     "redacted.pam": "91986fe8ceef5be0c48e7fd3613c9d3d8985018c621e5932e99d71191a20c7c9",
native (ubuntu-24.04, linux-x86_64)	Execute official pinned binary on actual platform	2026-10-08T11:44:33.7201449Z     "redacted.pdf": "26b1b1df77578d859d50d0cde76279ff2ee098d394c118f49310f7aaf82d82dc",
native (ubuntu-24.04, linux-x86_64)	Execute official pinned binary on actual platform	2026-10-08T11:44:33.7202050Z     "reorder.json": "b685a129250f75f973326da78277130c7417b52c39e6f249809bdfc6724342a8",
native (ubuntu-24.04, linux-x86_64)	Execute official pinned binary on actual platform	2026-10-08T11:44:33.7202645Z     "reorder.pam": "6db18d931d460ff50a4536ca589428ff9e7aadeb2f534bde9f96ae5521ea8f21",
native (ubuntu-24.04, linux-x86_64)	Execute official pinned binary on actual platform	2026-10-08T11:44:33.7203387Z     "reorder.pdf": "ea7a3cf777b4dacb1484901fd3b619f9b69a13d214ef61182c2079ddab854af2",
native (ubuntu-24.04, linux-x86_64)	Execute official pinned binary on actual platform	2026-10-08T11:44:33.7203983Z     "rotate.json": "e5777834e3f716133c7278d8812767e66eb7ebabd780b55f6fd61c0cbbac81f3",
native (ubuntu-24.04, linux-x86_64)	Execute official pinned binary on actual platform	2026-10-08T11:44:33.7204571Z     "rotate.pam": "6c8181dcc97ff857c58fb82b0409fbc8841793cb9fb0b348df5919555968d91e",
native (ubuntu-24.04, linux-x86_64)	Execute official pinned binary on actual platform	2026-10-08T11:44:33.7205162Z     "rotate.pdf": "97ebd69dbc2343d4d1acfa6c0cc0a86835ebfe1e6b2a2775ce8266608fda1a83",
native (ubuntu-24.04, linux-x86_64)	Execute official pinned binary on actual platform	2026-10-08T11:44:33.7205789Z     "scan-english.pdf": "c244d838826a97532fa94f6c865ab46c8ae7d91713106ecabe8eb4844d33dddb",
native (ubuntu-24.04, linux-x86_64)	Execute official pinned binary on actual platform	2026-10-08T11:44:33.7206396Z     "source.pdf": "9d035b63e05cfeb06b0985db1582f14185f99931a51eda69718764e91fdc0a0a",
native (ubuntu-24.04, linux-x86_64)	Execute official pinned binary on actual platform	2026-10-08T11:44:33.7207003Z     "tools.json": "8ddb81c0382bacbdebf8ffdf242ec795135abc0a7723eebbe3b14123de64bea1"
native (ubuntu-24.04, linux-x86_64)	Execute official pinned binary on actual platform	2026-10-08T11:44:33.7207460Z   },
native (ubuntu-24.04, linux-x86_64)	Execute official pinned binary on actual platform	2026-10-08T11:44:33.7207748Z   "finishedAt": "2026-10-08T11:44:33.700420+00:00"
native (ubuntu-24.04, linux-x86_64)	Execute official pinned binary on actual platform	2026-10-08T11:44:33.7208080Z }
native (ubuntu-24.04, linux-x86_64)	Preserve native observations even on failure	﻿2026-10-08T11:44:33.7290642Z ##[group]Run actions/upload-artifact@v4
native (ubuntu-24.04, linux-x86_64)	Preserve native observations even on failure	2026-10-08T11:44:33.7291023Z with:
native (ubuntu-24.04, linux-x86_64)	Preserve native observations even on failure	2026-10-08T11:44:33.7291302Z   name: native-linux-x86_64-37772042337
native (ubuntu-24.04, linux-x86_64)	Preserve native observations even on failure	2026-10-08T11:44:33.7291812Z   path: native-evidence/*.json
native (ubuntu-24.04, linux-x86_64)	Preserve native observations even on failure	native-evidence/*.log
native (ubuntu-24.04, linux-x86_64)	Preserve native observations even on failure	native-evidence/*.pdf
native (ubuntu-24.04, linux-x86_64)	Preserve native observations even on failure	native-evidence/*.pam
native (ubuntu-24.04, linux-x86_64)	Preserve native observations even on failure	
native (ubuntu-24.04, linux-x86_64)	Preserve native observations even on failure	2026-10-08T11:44:33.7292334Z   if-no-files-found: error
native (ubuntu-24.04, linux-x86_64)	Preserve native observations even on failure	2026-10-08T11:44:33.7292643Z   compression-level: 6
native (ubuntu-24.04, linux-x86_64)	Preserve native observations even on failure	2026-10-08T11:44:33.7292914Z   overwrite: false
native (ubuntu-24.04, linux-x86_64)	Preserve native observations even on failure	2026-10-08T11:44:33.7293344Z   include-hidden-files: false
native (ubuntu-24.04, linux-x86_64)	Preserve native observations even on failure	2026-10-08T11:44:33.7293641Z env:
native (ubuntu-24.04, linux-x86_64)	Preserve native observations even on failure	2026-10-08T11:44:33.7293952Z   pythonLocation: /opt/hostedtoolcache/Python/3.13.15/x64
native (ubuntu-24.04, linux-x86_64)	Preserve native observations even on failure	2026-10-08T11:44:33.7294434Z   PKG_CONFIG_PATH: /opt/hostedtoolcache/Python/3.13.15/x64/lib/pkgconfig
native (ubuntu-24.04, linux-x86_64)	Preserve native observations even on failure	2026-10-08T11:44:33.7294908Z   Python_ROOT_DIR: /opt/hostedtoolcache/Python/3.13.15/x64
native (ubuntu-24.04, linux-x86_64)	Preserve native observations even on failure	2026-10-08T11:44:33.7295367Z   Python2_ROOT_DIR: /opt/hostedtoolcache/Python/3.13.15/x64
native (ubuntu-24.04, linux-x86_64)	Preserve native observations even on failure	2026-10-08T11:44:33.7295796Z   Python3_ROOT_DIR: /opt/hostedtoolcache/Python/3.13.15/x64
native (ubuntu-24.04, linux-x86_64)	Preserve native observations even on failure	2026-10-08T11:44:33.7296224Z   LD_LIBRARY_PATH: /opt/hostedtoolcache/Python/3.13.15/x64/lib
native (ubuntu-24.04, linux-x86_64)	Preserve native observations even on failure	2026-10-08T11:44:33.7296808Z ##[endgroup]
native (ubuntu-24.04, linux-x86_64)	Preserve native observations even on failure	2026-10-08T11:44:33.8966622Z (node:2548) [DEP0040] DeprecationWarning: The `punycode` module is deprecated. Please use a userland alternative instead.
native (ubuntu-24.04, linux-x86_64)	Preserve native observations even on failure	2026-10-08T11:44:33.8967545Z (Use `node --trace-deprecation ...` to show where the warning was created)
native (ubuntu-24.04, linux-x86_64)	Preserve native observations even on failure	2026-10-08T11:44:33.9419738Z With the provided path, there will be 120 files uploaded
native (ubuntu-24.04, linux-x86_64)	Preserve native observations even on failure	2026-10-08T11:44:33.9420675Z Artifact name is valid!
native (ubuntu-24.04, linux-x86_64)	Preserve native observations even on failure	2026-10-08T11:44:33.9421085Z Root directory input is valid!
native (ubuntu-24.04, linux-x86_64)	Preserve native observations even on failure	2026-10-08T11:44:34.2420950Z Beginning upload of artifact content to blob storage
native (ubuntu-24.04, linux-x86_64)	Preserve native observations even on failure	2026-10-08T11:44:34.4605778Z (node:2548) [DEP0169] DeprecationWarning: `url.parse()` behavior is not standardized and prone to errors that have security implications. Use the WHATWG URL API instead. CVEs are not issued for `url.parse()` vulnerabilities.
native (ubuntu-24.04, linux-x86_64)	Preserve native observations even on failure	2026-10-08T11:44:34.7816165Z Uploaded bytes 113640
native (ubuntu-24.04, linux-x86_64)	Preserve native observations even on failure	2026-10-08T11:44:34.8377053Z Finished uploading artifact content to blob storage!
native (ubuntu-24.04, linux-x86_64)	Preserve native observations even on failure	2026-10-08T11:44:34.8378122Z SHA256 digest of uploaded artifact zip is 09e3cf2f70af0774733ccb7b095037e3eadcaf0a314ae41e22a72a7f25a2f7a5
native (ubuntu-24.04, linux-x86_64)	Preserve native observations even on failure	2026-10-08T11:44:34.8379851Z Finalizing artifact upload
native (ubuntu-24.04, linux-x86_64)	Preserve native observations even on failure	2026-10-08T11:44:35.0647688Z Artifact native-linux-x86_64-37772042337.zip successfully finalized. Artifact ID 11547418023
native (ubuntu-24.04, linux-x86_64)	Preserve native observations even on failure	2026-10-08T11:44:35.0648556Z Artifact native-linux-x86_64-37772042337 has been successfully uploaded! Final size is 113640 bytes. Artifact ID is 11547418023
native (ubuntu-24.04, linux-x86_64)	Preserve native observations even on failure	2026-10-08T11:44:35.0654469Z Artifact download URL: https://github.com/full-aigc-skills/printcraft-skills/actions/runs/37772042337/artifacts/11547418023
native (ubuntu-24.04, linux-x86_64)	Post Run actions/setup-python@v5	﻿2026-10-08T11:44:35.0844611Z Post job cleanup.
native (ubuntu-24.04, linux-x86_64)	Post Run actions/setup-python@v5	2026-10-08T11:44:35.2052471Z (node:2560) [DEP0040] DeprecationWarning: The `punycode` module is deprecated. Please use a userland alternative instead.
native (ubuntu-24.04, linux-x86_64)	Post Run actions/setup-python@v5	2026-10-08T11:44:35.2053537Z (Use `node --trace-deprecation ...` to show where the warning was created)
native (ubuntu-24.04, linux-x86_64)	Post Run actions/checkout@v4	﻿2026-10-08T11:44:35.2252280Z Post job cleanup.
native (ubuntu-24.04, linux-x86_64)	Post Run actions/checkout@v4	2026-10-08T11:44:35.3148426Z [command]/usr/bin/git version
native (ubuntu-24.04, linux-x86_64)	Post Run actions/checkout@v4	2026-10-08T11:44:35.3191923Z git version 2.55.0
native (ubuntu-24.04, linux-x86_64)	Post Run actions/checkout@v4	2026-10-08T11:44:35.3244630Z Temporarily overriding HOME='/home/runner/work/_temp/a9a1c66e-250a-4dd4-9165-33b8e6db5239' before making global git config changes
native (ubuntu-24.04, linux-x86_64)	Post Run actions/checkout@v4	2026-10-08T11:44:35.3245881Z Adding repository directory to the temporary git global config as a safe directory
native (ubuntu-24.04, linux-x86_64)	Post Run actions/checkout@v4	2026-10-08T11:44:35.3274261Z [command]/usr/bin/git config --global --add safe.directory /home/runner/work/printcraft-skills/printcraft-skills
native (ubuntu-24.04, linux-x86_64)	Post Run actions/checkout@v4	2026-10-08T11:44:35.3280889Z [command]/usr/bin/git config --local --name-only --get-regexp core\.sshCommand
native (ubuntu-24.04, linux-x86_64)	Post Run actions/checkout@v4	2026-10-08T11:44:35.3319542Z [command]/usr/bin/git submodule foreach --recursive sh -c "git config --local --name-only --get-regexp 'core\.sshCommand' && git config --local --unset-all 'core.sshCommand' || :"
native (ubuntu-24.04, linux-x86_64)	Post Run actions/checkout@v4	2026-10-08T11:44:35.3588185Z [command]/usr/bin/git config --local --name-only --get-regexp http\.https\:\/\/github\.com\/\.extraheader
native (ubuntu-24.04, linux-x86_64)	Post Run actions/checkout@v4	2026-10-08T11:44:35.3617273Z http.https://github.com/.extraheader
native (ubuntu-24.04, linux-x86_64)	Post Run actions/checkout@v4	2026-10-08T11:44:35.3634214Z [command]/usr/bin/git config --local --unset-all http.https://github.com/.extraheader
native (ubuntu-24.04, linux-x86_64)	Post Run actions/checkout@v4	2026-10-08T11:44:35.3700183Z [command]/usr/bin/git submodule foreach --recursive sh -c "git config --local --name-only --get-regexp 'http\.https\:\/\/github\.com\/\.extraheader' && git config --local --unset-all 'http.https://github.com/.extraheader' || :"
native (ubuntu-24.04, linux-x86_64)	Post Run actions/checkout@v4	2026-10-08T11:44:35.4056995Z [command]/usr/bin/git config --local --name-only --get-regexp ^includeIf\.gitdir:
native (ubuntu-24.04, linux-x86_64)	Post Run actions/checkout@v4	2026-10-08T11:44:35.4118469Z [command]/usr/bin/git submodule foreach --recursive git config --local --show-origin --name-only --get-regexp remote.origin.url
native (ubuntu-24.04, linux-x86_64)	Complete job	﻿2026-10-08T11:44:35.4581449Z Cleaning up orphan processes
native (ubuntu-24.04, linux-x86_64)	Complete job	2026-10-08T11:44:35.4859892Z ##[warning]Node.js 20 is deprecated. The following actions target Node.js 20 but are being forced to run on Node.js 24: actions/checkout@v4, actions/setup-python@v5, actions/upload-artifact@v4. For more information see: https://github.blog/changelog/2025-09-19-deprecation-of-node-20-on-github-actions-runners/
native (macos-15, darwin-arm64)	Set up job	﻿2026-10-08T11:44:34.0397200Z Current runner version: '2.337.0'
native (macos-15, darwin-arm64)	Set up job	2026-10-08T11:44:34.0483630Z ##[group]Runner Image Provisioner
native (macos-15, darwin-arm64)	Set up job	2026-10-08T11:44:34.0485360Z Hosted Compute Agent
native (macos-15, darwin-arm64)	Set up job	2026-10-08T11:44:34.0486560Z Version: 20260828.587
native (macos-15, darwin-arm64)	Set up job	2026-10-08T11:44:34.0490570Z Commit: abac92662cab4cc7352de4f9f9d2e2419aad9c29
native (macos-15, darwin-arm64)	Set up job	2026-10-08T11:44:34.0492020Z Build Date: 2026-08-28T16:44:25Z
native (macos-15, darwin-arm64)	Set up job	2026-10-08T11:44:34.0493550Z Worker ID: {5ee62cfd-342e-4f21-9a55-95014128c84e}
native (macos-15, darwin-arm64)	Set up job	2026-10-08T11:44:34.0495110Z Azure Region: westus
native (macos-15, darwin-arm64)	Set up job	2026-10-08T11:44:34.0496200Z ##[endgroup]
native (macos-15, darwin-arm64)	Set up job	2026-10-08T11:44:34.0503050Z ##[group]Operating System
native (macos-15, darwin-arm64)	Set up job	2026-10-08T11:44:34.0504350Z macOS
native (macos-15, darwin-arm64)	Set up job	2026-10-08T11:44:34.0505510Z 15.7.9
native (macos-15, darwin-arm64)	Set up job	2026-10-08T11:44:34.0506650Z 24G830
native (macos-15, darwin-arm64)	Set up job	2026-10-08T11:44:34.0507730Z ##[endgroup]
native (macos-15, darwin-arm64)	Set up job	2026-10-08T11:44:34.0508710Z ##[group]Runner Image
native (macos-15, darwin-arm64)	Set up job	2026-10-08T11:44:34.0509780Z Image: macos-15-arm64
native (macos-15, darwin-arm64)	Set up job	2026-10-08T11:44:34.0525050Z Version: 20260907.0337.1
native (macos-15, darwin-arm64)	Set up job	2026-10-08T11:44:34.0526030Z Included Software: https://github.com/actions/runner-images/blob/macos-15-arm64/20260907.0337/images/macos/macos-15-arm64-Readme.md
native (macos-15, darwin-arm64)	Set up job	2026-10-08T11:44:34.0527310Z Image Release: https://github.com/actions/runner-images/releases/tag/macos-15-arm64%2F20260907.0337
native (macos-15, darwin-arm64)	Set up job	2026-10-08T11:44:34.0527980Z ##[endgroup]
native (macos-15, darwin-arm64)	Set up job	2026-10-08T11:44:34.0528800Z ##[group]GITHUB_TOKEN Permissions
native (macos-15, darwin-arm64)	Set up job	2026-10-08T11:44:34.0533680Z Contents: read
native (macos-15, darwin-arm64)	Set up job	2026-10-08T11:44:34.0537970Z Metadata: read
native (macos-15, darwin-arm64)	Set up job	2026-10-08T11:44:34.0538600Z ##[endgroup]
native (macos-15, darwin-arm64)	Set up job	2026-10-08T11:44:34.0545400Z Secret source: Actions
native (macos-15, darwin-arm64)	Set up job	2026-10-08T11:44:34.0547420Z Cache mode: write
native (macos-15, darwin-arm64)	Set up job	2026-10-08T11:44:34.0548690Z Prepare workflow directory
native (macos-15, darwin-arm64)	Set up job	2026-10-08T11:44:34.1273590Z Prepare all required actions
native (macos-15, darwin-arm64)	Set up job	2026-10-08T11:44:34.1345880Z Getting action download info
native (macos-15, darwin-arm64)	Set up job	2026-10-08T11:44:34.6176110Z Download action repository 'actions/checkout@v4' (SHA:11d5960a326750d5838078e36cf38b85af677262)
native (macos-15, darwin-arm64)	Set up job	2026-10-08T11:44:34.9792330Z Download action repository 'actions/setup-python@v5' (SHA:a26af69be951a213d495a4c3e4e4022e16d87065)
native (macos-15, darwin-arm64)	Set up job	2026-10-08T11:44:35.0904410Z Download action repository 'actions/upload-artifact@v4' (SHA:ea165f8d65b6e75b540449e92b4886f43607fa02)
native (macos-15, darwin-arm64)	Set up job	2026-10-08T11:44:35.3478510Z Complete job name: native (macos-15, darwin-arm64)
native (macos-15, darwin-arm64)	Run actions/checkout@v4	﻿2026-10-08T11:44:35.4219160Z ##[group]Run actions/checkout@v4
native (macos-15, darwin-arm64)	Run actions/checkout@v4	2026-10-08T11:44:35.4219990Z with:
native (macos-15, darwin-arm64)	Run actions/checkout@v4	2026-10-08T11:44:35.4220410Z   repository: full-aigc-skills/printcraft-skills
native (macos-15, darwin-arm64)	Run actions/checkout@v4	2026-10-08T11:44:35.4223350Z   token: ***
native (macos-15, darwin-arm64)	Run actions/checkout@v4	2026-10-08T11:44:35.4223680Z   ssh-strict: true
native (macos-15, darwin-arm64)	Run actions/checkout@v4	2026-10-08T11:44:35.4224030Z   ssh-user: git
native (macos-15, darwin-arm64)	Run actions/checkout@v4	2026-10-08T11:44:35.4224380Z   persist-credentials: true
native (macos-15, darwin-arm64)	Run actions/checkout@v4	2026-10-08T11:44:35.4224750Z   clean: true
native (macos-15, darwin-arm64)	Run actions/checkout@v4	2026-10-08T11:44:35.4225090Z   sparse-checkout-cone-mode: true
native (macos-15, darwin-arm64)	Run actions/checkout@v4	2026-10-08T11:44:35.4225490Z   fetch-depth: 1
native (macos-15, darwin-arm64)	Run actions/checkout@v4	2026-10-08T11:44:35.4225810Z   fetch-tags: false
native (macos-15, darwin-arm64)	Run actions/checkout@v4	2026-10-08T11:44:35.4226160Z   show-progress: true
native (macos-15, darwin-arm64)	Run actions/checkout@v4	2026-10-08T11:44:35.4226520Z   lfs: false
native (macos-15, darwin-arm64)	Run actions/checkout@v4	2026-10-08T11:44:35.4226850Z   submodules: false
native (macos-15, darwin-arm64)	Run actions/checkout@v4	2026-10-08T11:44:35.4227210Z   set-safe-directory: true
native (macos-15, darwin-arm64)	Run actions/checkout@v4	2026-10-08T11:44:35.4227620Z   allow-unsafe-pr-checkout: false
native (macos-15, darwin-arm64)	Run actions/checkout@v4	2026-10-08T11:44:35.4228230Z ##[endgroup]
native (macos-15, darwin-arm64)	Run actions/checkout@v4	2026-10-08T11:44:35.8527490Z Syncing repository: full-aigc-skills/printcraft-skills
native (macos-15, darwin-arm64)	Run actions/checkout@v4	2026-10-08T11:44:35.8530320Z ##[group]Getting Git version info
native (macos-15, darwin-arm64)	Run actions/checkout@v4	2026-10-08T11:44:35.8531210Z Working directory is '/Users/runner/work/printcraft-skills/printcraft-skills'
native (macos-15, darwin-arm64)	Run actions/checkout@v4	2026-10-08T11:44:35.8532440Z [command]/opt/homebrew/bin/git version
native (macos-15, darwin-arm64)	Run actions/checkout@v4	2026-10-08T11:44:35.9086550Z git version 2.55.0
native (macos-15, darwin-arm64)	Run actions/checkout@v4	2026-10-08T11:44:35.9105390Z ##[endgroup]
native (macos-15, darwin-arm64)	Run actions/checkout@v4	2026-10-08T11:44:35.9111760Z Copying '/Users/runner/.gitconfig' to '/Users/runner/work/_temp/46ab8d08-19d1-4e2d-9917-ffd2d0cd16aa/.gitconfig'
native (macos-15, darwin-arm64)	Run actions/checkout@v4	2026-10-08T11:44:35.9133230Z Temporarily overriding HOME='/Users/runner/work/_temp/46ab8d08-19d1-4e2d-9917-ffd2d0cd16aa' before making global git config changes
native (macos-15, darwin-arm64)	Run actions/checkout@v4	2026-10-08T11:44:35.9138670Z Adding repository directory to the temporary git global config as a safe directory
native (macos-15, darwin-arm64)	Run actions/checkout@v4	2026-10-08T11:44:35.9142220Z [command]/opt/homebrew/bin/git config --global --add safe.directory /Users/runner/work/printcraft-skills/printcraft-skills
native (macos-15, darwin-arm64)	Run actions/checkout@v4	2026-10-08T11:44:35.9389210Z Deleting the contents of '/Users/runner/work/printcraft-skills/printcraft-skills'
native (macos-15, darwin-arm64)	Run actions/checkout@v4	2026-10-08T11:44:35.9395840Z ##[group]Initializing the repository
native (macos-15, darwin-arm64)	Run actions/checkout@v4	2026-10-08T11:44:35.9398110Z [command]/opt/homebrew/bin/git init /Users/runner/work/printcraft-skills/printcraft-skills
native (macos-15, darwin-arm64)	Run actions/checkout@v4	2026-10-08T11:44:35.9624050Z hint: Using 'master' as the name for the initial branch. This default branch name
native (macos-15, darwin-arm64)	Run actions/checkout@v4	2026-10-08T11:44:35.9647510Z hint: will change to "main" in Git 3.0. To configure the initial branch name
native (macos-15, darwin-arm64)	Run actions/checkout@v4	2026-10-08T11:44:35.9648810Z hint: to use in all of your new repositories, which will suppress this warning,
native (macos-15, darwin-arm64)	Run actions/checkout@v4	2026-10-08T11:44:35.9651260Z hint: call:
native (macos-15, darwin-arm64)	Run actions/checkout@v4	2026-10-08T11:44:35.9656990Z hint:
native (macos-15, darwin-arm64)	Run actions/checkout@v4	2026-10-08T11:44:35.9658990Z hint: 	git config --global init.defaultBranch <name>
native (macos-15, darwin-arm64)	Run actions/checkout@v4	2026-10-08T11:44:35.9660890Z hint:
native (macos-15, darwin-arm64)	Run actions/checkout@v4	2026-10-08T11:44:35.9662620Z hint: Names commonly chosen instead of 'master' are 'main', 'trunk' and
native (macos-15, darwin-arm64)	Run actions/checkout@v4	2026-10-08T11:44:35.9665290Z hint: 'development'. The just-created branch can be renamed via this command:
native (macos-15, darwin-arm64)	Run actions/checkout@v4	2026-10-08T11:44:35.9669680Z hint:
native (macos-15, darwin-arm64)	Run actions/checkout@v4	2026-10-08T11:44:35.9671170Z hint: 	git branch -m <name>
native (macos-15, darwin-arm64)	Run actions/checkout@v4	2026-10-08T11:44:35.9672700Z hint:
native (macos-15, darwin-arm64)	Run actions/checkout@v4	2026-10-08T11:44:35.9674630Z hint: Disable this message with "git config set advice.defaultBranchName false"
native (macos-15, darwin-arm64)	Run actions/checkout@v4	2026-10-08T11:44:35.9678150Z Initialized empty Git repository in /Users/runner/work/printcraft-skills/printcraft-skills/.git/
native (macos-15, darwin-arm64)	Run actions/checkout@v4	2026-10-08T11:44:35.9683890Z [command]/opt/homebrew/bin/git remote add origin https://github.com/full-aigc-skills/printcraft-skills
native (macos-15, darwin-arm64)	Run actions/checkout@v4	2026-10-08T11:44:35.9757750Z ##[endgroup]
native (macos-15, darwin-arm64)	Run actions/checkout@v4	2026-10-08T11:44:35.9760180Z ##[group]Disabling automatic garbage collection
native (macos-15, darwin-arm64)	Run actions/checkout@v4	2026-10-08T11:44:35.9769060Z [command]/opt/homebrew/bin/git config --local gc.auto 0
native (macos-15, darwin-arm64)	Run actions/checkout@v4	2026-10-08T11:44:35.9832990Z ##[endgroup]
native (macos-15, darwin-arm64)	Run actions/checkout@v4	2026-10-08T11:44:35.9835390Z ##[group]Setting up auth
native (macos-15, darwin-arm64)	Run actions/checkout@v4	2026-10-08T11:44:35.9846710Z [command]/opt/homebrew/bin/git config --local --name-only --get-regexp core\.sshCommand
native (macos-15, darwin-arm64)	Run actions/checkout@v4	2026-10-08T11:44:35.9960670Z [command]/opt/homebrew/bin/git submodule foreach --recursive sh -c "git config --local --name-only --get-regexp 'core\.sshCommand' && git config --local --unset-all 'core.sshCommand' || :"
native (macos-15, darwin-arm64)	Run actions/checkout@v4	2026-10-08T11:44:36.1462170Z [command]/opt/homebrew/bin/git config --local --name-only --get-regexp http\.https\:\/\/github\.com\/\.extraheader
native (macos-15, darwin-arm64)	Run actions/checkout@v4	2026-10-08T11:44:36.1555030Z [command]/opt/homebrew/bin/git submodule foreach --recursive sh -c "git config --local --name-only --get-regexp 'http\.https\:\/\/github\.com\/\.extraheader' && git config --local --unset-all 'http.https://github.com/.extraheader' || :"
native (macos-15, darwin-arm64)	Run actions/checkout@v4	2026-10-08T11:44:36.3264300Z [command]/opt/homebrew/bin/git config --local --name-only --get-regexp ^includeIf\.gitdir:
native (macos-15, darwin-arm64)	Run actions/checkout@v4	2026-10-08T11:44:36.3574830Z [command]/opt/homebrew/bin/git submodule foreach --recursive git config --local --show-origin --name-only --get-regexp remote.origin.url
native (macos-15, darwin-arm64)	Run actions/checkout@v4	2026-10-08T11:44:36.5192710Z [command]/opt/homebrew/bin/git config --local http.https://github.com/.extraheader AUTHORIZATION: basic ***
native (macos-15, darwin-arm64)	Run actions/checkout@v4	2026-10-08T11:44:36.5218220Z ##[endgroup]
native (macos-15, darwin-arm64)	Run actions/checkout@v4	2026-10-08T11:44:36.5219350Z ##[group]Fetching the repository
native (macos-15, darwin-arm64)	Run actions/checkout@v4	2026-10-08T11:44:36.5221210Z [command]/opt/homebrew/bin/git -c protocol.version=2 fetch --no-tags --prune --no-recurse-submodules --depth=1 origin +bad64e181e1b6b4e8d60e10cdb7623b6d2710d74:refs/remotes/origin/main
native (macos-15, darwin-arm64)	Run actions/checkout@v4	2026-10-08T11:44:37.1245470Z From https://github.com/full-aigc-skills/printcraft-skills
native (macos-15, darwin-arm64)	Run actions/checkout@v4	2026-10-08T11:44:37.1250100Z  * [new ref]         bad64e181e1b6b4e8d60e10cdb7623b6d2710d74 -> origin/main
native (macos-15, darwin-arm64)	Run actions/checkout@v4	2026-10-08T11:44:37.1270390Z ##[endgroup]
native (macos-15, darwin-arm64)	Run actions/checkout@v4	2026-10-08T11:44:37.1273300Z ##[group]Determining the checkout info
native (macos-15, darwin-arm64)	Run actions/checkout@v4	2026-10-08T11:44:37.1276330Z ##[endgroup]
native (macos-15, darwin-arm64)	Run actions/checkout@v4	2026-10-08T11:44:37.1278430Z [command]/opt/homebrew/bin/git sparse-checkout disable
native (macos-15, darwin-arm64)	Run actions/checkout@v4	2026-10-08T11:44:37.1354440Z [command]/opt/homebrew/bin/git config --local --unset-all extensions.worktreeConfig
native (macos-15, darwin-arm64)	Run actions/checkout@v4	2026-10-08T11:44:37.1433330Z ##[group]Checking out the ref
native (macos-15, darwin-arm64)	Run actions/checkout@v4	2026-10-08T11:44:37.1441260Z [command]/opt/homebrew/bin/git checkout --progress --force -B main refs/remotes/origin/main
native (macos-15, darwin-arm64)	Run actions/checkout@v4	2026-10-08T11:44:37.2115590Z Switched to a new branch 'main'
native (macos-15, darwin-arm64)	Run actions/checkout@v4	2026-10-08T11:44:37.2131230Z branch 'main' set up to track 'origin/main'.
native (macos-15, darwin-arm64)	Run actions/checkout@v4	2026-10-08T11:44:37.2140740Z ##[endgroup]
native (macos-15, darwin-arm64)	Run actions/checkout@v4	2026-10-08T11:44:37.2261170Z [command]/opt/homebrew/bin/git log -1 --format=%H
native (macos-15, darwin-arm64)	Run actions/checkout@v4	2026-10-08T11:44:37.2340400Z bad64e181e1b6b4e8d60e10cdb7623b6d2710d74
native (macos-15, darwin-arm64)	Run actions/setup-python@v5	﻿2026-10-08T11:44:37.2757080Z ##[group]Run actions/setup-python@v5
native (macos-15, darwin-arm64)	Run actions/setup-python@v5	2026-10-08T11:44:37.2758000Z with:
native (macos-15, darwin-arm64)	Run actions/setup-python@v5	2026-10-08T11:44:37.2758760Z   python-version: 3.13
native (macos-15, darwin-arm64)	Run actions/setup-python@v5	2026-10-08T11:44:37.2759610Z   check-latest: false
native (macos-15, darwin-arm64)	Run actions/setup-python@v5	2026-10-08T11:44:37.2766640Z   token: ***
native (macos-15, darwin-arm64)	Run actions/setup-python@v5	2026-10-08T11:44:37.2767400Z   update-environment: true
native (macos-15, darwin-arm64)	Run actions/setup-python@v5	2026-10-08T11:44:37.2768250Z   allow-prereleases: false
native (macos-15, darwin-arm64)	Run actions/setup-python@v5	2026-10-08T11:44:37.2769060Z   freethreaded: false
native (macos-15, darwin-arm64)	Run actions/setup-python@v5	2026-10-08T11:44:37.2769770Z ##[endgroup]
native (macos-15, darwin-arm64)	Run actions/setup-python@v5	2026-10-08T11:44:37.4408960Z ##[group]Installed versions
native (macos-15, darwin-arm64)	Run actions/setup-python@v5	2026-10-08T11:44:37.4486850Z (node:1169) [DEP0040] DeprecationWarning: The `punycode` module is deprecated. Please use a userland alternative instead.
native (macos-15, darwin-arm64)	Run actions/setup-python@v5	2026-10-08T11:44:37.4488870Z Successfully set up CPython (3.13.15)
native (macos-15, darwin-arm64)	Run actions/setup-python@v5	2026-10-08T11:44:37.4502350Z (Use `node --trace-deprecation ...` to show where the warning was created)
native (macos-15, darwin-arm64)	Run actions/setup-python@v5	2026-10-08T11:44:37.4504770Z ##[endgroup]
native (macos-15, darwin-arm64)	Execute official pinned binary on actual platform	﻿2026-10-08T11:44:37.4748690Z ##[group]Run python -I -B tests/platform_acceptance.py --platform darwin-arm64 --workdir native-evidence --with-english-models
native (macos-15, darwin-arm64)	Execute official pinned binary on actual platform	2026-10-08T11:44:37.4755150Z ^[[36;1mpython -I -B tests/platform_acceptance.py --platform darwin-arm64 --workdir native-evidence --with-english-models^[[0m
native (macos-15, darwin-arm64)	Execute official pinned binary on actual platform	2026-10-08T11:44:37.4831880Z shell: /bin/bash -e {0}
native (macos-15, darwin-arm64)	Execute official pinned binary on actual platform	2026-10-08T11:44:37.4832650Z env:
native (macos-15, darwin-arm64)	Execute official pinned binary on actual platform	2026-10-08T11:44:37.4833540Z   pythonLocation: /Users/runner/hostedtoolcache/Python/3.13.15/arm64
native (macos-15, darwin-arm64)	Execute official pinned binary on actual platform	2026-10-08T11:44:37.4835000Z   PKG_CONFIG_PATH: /Users/runner/hostedtoolcache/Python/3.13.15/arm64/lib/pkgconfig
native (macos-15, darwin-arm64)	Execute official pinned binary on actual platform	2026-10-08T11:44:37.4836440Z   Python_ROOT_DIR: /Users/runner/hostedtoolcache/Python/3.13.15/arm64
native (macos-15, darwin-arm64)	Execute official pinned binary on actual platform	2026-10-08T11:44:37.4837740Z   Python2_ROOT_DIR: /Users/runner/hostedtoolcache/Python/3.13.15/arm64
native (macos-15, darwin-arm64)	Execute official pinned binary on actual platform	2026-10-08T11:44:37.4839030Z   Python3_ROOT_DIR: /Users/runner/hostedtoolcache/Python/3.13.15/arm64
native (macos-15, darwin-arm64)	Execute official pinned binary on actual platform	2026-10-08T11:44:37.4840110Z ##[endgroup]
native (macos-15, darwin-arm64)	Execute official pinned binary on actual platform	2026-10-08T11:44:41.5807040Z {
native (macos-15, darwin-arm64)	Execute official pinned binary on actual platform	2026-10-08T11:44:41.5811660Z   "contract": "printcraft.native-platform-evidence/1",
native (macos-15, darwin-arm64)	Execute official pinned binary on actual platform	2026-10-08T11:44:41.5823470Z   "platform": "darwin-arm64",
native (macos-15, darwin-arm64)	Execute official pinned binary on actual platform	2026-10-08T11:44:41.5825560Z   "sourceCommit": "bad64e181e1b6b4e8d60e10cdb7623b6d2710d74",
native (macos-15, darwin-arm64)	Execute official pinned binary on actual platform	2026-10-08T11:44:41.5826780Z   "startedAt": "2026-10-08T11:44:38.232883+00:00",
native (macos-15, darwin-arm64)	Execute official pinned binary on actual platform	2026-10-08T11:44:41.5828090Z   "sourceFiles": {
native (macos-15, darwin-arm64)	Execute official pinned binary on actual platform	2026-10-08T11:44:41.5871490Z     "tests/platform_acceptance.py": "5bad75cb385c12c26c9c7c1a489d141d208258834e42bdda2c6282b026a36325",
native (macos-15, darwin-arm64)	Execute official pinned binary on actual platform	2026-10-08T11:44:41.5888710Z     "tests/platform-artifacts.json": "8c03b465e51e8f53bb337ffef75eb67cba12d945c3c319ad70619bbe01929717",
native (macos-15, darwin-arm64)	Execute official pinned binary on actual platform	2026-10-08T11:44:41.5889970Z     "tests/fixtures/make_pdf.py": "c41f12f867c5f81e359c3197373214c65e89fc2e58ff5643198afbffd4ac7993",
native (macos-15, darwin-arm64)	Execute official pinned binary on actual platform	2026-10-08T11:44:41.5890760Z     "tests/ocr-models.json": "ee3d3f82d18485cf57f74bd551ba039c705ae3d9fb139e607e75822cf94a7fa8",
native (macos-15, darwin-arm64)	Execute official pinned binary on actual platform	2026-10-08T11:44:41.5891540Z     "tests/fixtures/scan_pdf.py": "b04c9bf09d7e3645f915c58539778ea9b2b5c26bce03067c28ded640c1831605"
native (macos-15, darwin-arm64)	Execute official pinned binary on actual platform	2026-10-08T11:44:41.5894100Z   },
native (macos-15, darwin-arm64)	Execute official pinned binary on actual platform	2026-10-08T11:44:41.5895210Z   "host": {
native (macos-15, darwin-arm64)	Execute official pinned binary on actual platform	2026-10-08T11:44:41.5895680Z     "system": "Darwin",
native (macos-15, darwin-arm64)	Execute official pinned binary on actual platform	2026-10-08T11:44:41.5896190Z     "machine": "arm64",
native (macos-15, darwin-arm64)	Execute official pinned binary on actual platform	2026-10-08T11:44:41.5927120Z     "release": "24.6.0",
native (macos-15, darwin-arm64)	Execute official pinned binary on actual platform	2026-10-08T11:44:41.5928880Z     "python": "3.13.15"
native (macos-15, darwin-arm64)	Execute official pinned binary on actual platform	2026-10-08T11:44:41.5929300Z   },
native (macos-15, darwin-arm64)	Execute official pinned binary on actual platform	2026-10-08T11:44:41.5935940Z   "workflow": {
native (macos-15, darwin-arm64)	Execute official pinned binary on actual platform	2026-10-08T11:44:41.5955340Z     "runId": "37772042337",
native (macos-15, darwin-arm64)	Execute official pinned binary on actual platform	2026-10-08T11:44:41.5973820Z     "runAttempt": "1"
native (macos-15, darwin-arm64)	Execute official pinned binary on actual platform	2026-10-08T11:44:41.5986500Z   },
native (macos-15, darwin-arm64)	Execute official pinned binary on actual platform	2026-10-08T11:44:41.5987640Z   "runtime": {
native (macos-15, darwin-arm64)	Execute official pinned binary on actual platform	2026-10-08T11:44:41.6010050Z     "system": "darwin",
native (macos-15, darwin-arm64)	Execute official pinned binary on actual platform	2026-10-08T11:44:41.6011280Z     "machine": "arm64",
native (macos-15, darwin-arm64)	Execute official pinned binary on actual platform	2026-10-08T11:44:41.6012940Z     "asset": "printcraft-cli-0.2.1-macos-universal.zip",
native (macos-15, darwin-arm64)	Execute official pinned binary on actual platform	2026-10-08T11:44:41.6014700Z     "url": "https://github.com/storytold/pdfcraft/releases/download/v0.2.1/printcraft-cli-0.2.1-macos-universal.zip",
native (macos-15, darwin-arm64)	Execute official pinned binary on actual platform	2026-10-08T11:44:41.6016400Z     "archiveSha256": "bda65829033916c5de5a7ddc0763437f8db2e8792ee43c8dc2676434acb3d495",
native (macos-15, darwin-arm64)	Execute official pinned binary on actual platform	2026-10-08T11:44:41.6017710Z     "member": "printcraft-cli-0.2.1-macos-universal/printcraft-cli",
native (macos-15, darwin-arm64)	Execute official pinned binary on actual platform	2026-10-08T11:44:41.6023570Z     "binarySha256": "b7783b596870ed5a326f29456d4647382d2e1e4d7b7ffe75ded192cd15b86995"
native (macos-15, darwin-arm64)	Execute official pinned binary on actual platform	2026-10-08T11:44:41.6024700Z   },
native (macos-15, darwin-arm64)	Execute official pinned binary on actual platform	2026-10-08T11:44:41.6025260Z   "results": {
native (macos-15, darwin-arm64)	Execute official pinned binary on actual platform	2026-10-08T11:44:41.6025780Z     "reorder_save_reopen_render": {
native (macos-15, darwin-arm64)	Execute official pinned binary on actual platform	2026-10-08T11:44:41.6026480Z       "status": "PASS",
native (macos-15, darwin-arm64)	Execute official pinned binary on actual platform	2026-10-08T11:44:41.6027270Z       "details": {
native (macos-15, darwin-arm64)	Execute official pinned binary on actual platform	2026-10-08T11:44:41.6028260Z         "outputSha256": "0706ca96bf4632e3cab0ffb9045ab9e1421f3803cc5402388ab9a71ab0538c7a",
native (macos-15, darwin-arm64)	Execute official pinned binary on actual platform	2026-10-08T11:44:41.6029400Z         "info": {
native (macos-15, darwin-arm64)	Execute official pinned binary on actual platform	2026-10-08T11:44:41.6029920Z           "annotations": 0,
native (macos-15, darwin-arm64)	Execute official pinned binary on actual platform	2026-10-08T11:44:41.6030770Z           "attachments": 0,
native (macos-15, darwin-arm64)	Execute official pinned binary on actual platform	2026-10-08T11:44:41.6031670Z           "author": null,
native (macos-15, darwin-arm64)	Execute official pinned binary on actual platform	2026-10-08T11:44:41.6032380Z           "bookmarks": 0,
native (macos-15, darwin-arm64)	Execute official pinned binary on actual platform	2026-10-08T11:44:41.6033040Z           "creator": null,
native (macos-15, darwin-arm64)	Execute official pinned binary on actual platform	2026-10-08T11:44:41.6033570Z           "encrypted": false,
native (macos-15, darwin-arm64)	Execute official pinned binary on actual platform	2026-10-08T11:44:41.6034110Z           "fields": 0,
native (macos-15, darwin-arm64)	Execute official pinned binary on actual platform	2026-10-08T11:44:41.6035080Z           "file": "/Users/runner/work/printcraft-skills/printcraft-skills/native-evidence/reorder.pdf",
native (macos-15, darwin-arm64)	Execute official pinned binary on actual platform	2026-10-08T11:44:41.6037870Z           "file_size": 918,
native (macos-15, darwin-arm64)	Execute official pinned binary on actual platform	2026-10-08T11:44:41.6038410Z           "first_page_pt": [
native (macos-15, darwin-arm64)	Execute official pinned binary on actual platform	2026-10-08T11:44:41.6038950Z             612.0,
native (macos-15, darwin-arm64)	Execute official pinned binary on actual platform	2026-10-08T11:44:41.6039480Z             792.0
native (macos-15, darwin-arm64)	Execute official pinned binary on actual platform	2026-10-08T11:44:41.6039920Z           ],
native (macos-15, darwin-arm64)	Execute official pinned binary on actual platform	2026-10-08T11:44:41.6040400Z           "javascript": false,
native (macos-15, darwin-arm64)	Execute official pinned binary on actual platform	2026-10-08T11:44:41.6040910Z           "layers": 0,
native (macos-15, darwin-arm64)	Execute official pinned binary on actual platform	2026-10-08T11:44:41.6041530Z           "links": 0,
native (macos-15, darwin-arm64)	Execute official pinned binary on actual platform	2026-10-08T11:44:41.6042080Z           "page_labels": [
native (macos-15, darwin-arm64)	Execute official pinned binary on actual platform	2026-10-08T11:44:41.6042650Z             "1",
native (macos-15, darwin-arm64)	Execute official pinned binary on actual platform	2026-10-08T11:44:41.6043130Z             "2",
native (macos-15, darwin-arm64)	Execute official pinned binary on actual platform	2026-10-08T11:44:41.6043690Z             "3"
native (macos-15, darwin-arm64)	Execute official pinned binary on actual platform	2026-10-08T11:44:41.6044120Z           ],
native (macos-15, darwin-arm64)	Execute official pinned binary on actual platform	2026-10-08T11:44:41.6044670Z           "pages": 3,
native (macos-15, darwin-arm64)	Execute official pinned binary on actual platform	2026-10-08T11:44:41.6045170Z           "pdf_version": "1.5",
native (macos-15, darwin-arm64)	Execute official pinned binary on actual platform	2026-10-08T11:44:41.6045730Z           "producer": null,
native (macos-15, darwin-arm64)	Execute official pinned binary on actual platform	2026-10-08T11:44:41.6046240Z           "tagged": false,
native (macos-15, darwin-arm64)	Execute official pinned binary on actual platform	2026-10-08T11:44:41.6046850Z           "title": null,
native (macos-15, darwin-arm64)	Execute official pinned binary on actual platform	2026-10-08T11:44:41.6047430Z           "warnings": [],
native (macos-15, darwin-arm64)	Execute official pinned binary on actual platform	2026-10-08T11:44:41.6048000Z           "xfa": null
native (macos-15, darwin-arm64)	Execute official pinned binary on actual platform	2026-10-08T11:44:41.6048470Z         },
native (macos-15, darwin-arm64)	Execute official pinned binary on actual platform	2026-10-08T11:44:41.6048910Z         "texts": [
native (macos-15, darwin-arm64)	Execute official pinned binary on actual platform	2026-10-08T11:44:41.6049510Z           "PAGE-GAMMA",
native (macos-15, darwin-arm64)	Execute official pinned binary on actual platform	2026-10-08T11:44:41.6050010Z           "PAGE-ALPHA",
native (macos-15, darwin-arm64)	Execute official pinned binary on actual platform	2026-10-08T11:44:41.6050720Z           "PAGE-BETA"
native (macos-15, darwin-arm64)	Execute official pinned binary on actual platform	2026-10-08T11:44:41.6051310Z         ]
native (macos-15, darwin-arm64)	Execute official pinned binary on actual platform	2026-10-08T11:44:41.6051770Z       }
native (macos-15, darwin-arm64)	Execute official pinned binary on actual platform	2026-10-08T11:44:41.6052160Z     },
native (macos-15, darwin-arm64)	Execute official pinned binary on actual platform	2026-10-08T11:44:41.6052640Z     "rotate_save_reopen_render": {
native (macos-15, darwin-arm64)	Execute official pinned binary on actual platform	2026-10-08T11:44:41.6053320Z       "status": "PASS",
native (macos-15, darwin-arm64)	Execute official pinned binary on actual platform	2026-10-08T11:44:41.6053860Z       "details": {
native (macos-15, darwin-arm64)	Execute official pinned binary on actual platform	2026-10-08T11:44:41.6054830Z         "outputSha256": "cd0d834701dbafbee8248140a853b32d4ee3e8a179f286d604dda89659a7018f",
native (macos-15, darwin-arm64)	Execute official pinned binary on actual platform	2026-10-08T11:44:41.6055840Z         "info": {
native (macos-15, darwin-arm64)	Execute official pinned binary on actual platform	2026-10-08T11:44:41.6056320Z           "annotations": 0,
native (macos-15, darwin-arm64)	Execute official pinned binary on actual platform	2026-10-08T11:44:41.6056850Z           "attachments": 0,
native (macos-15, darwin-arm64)	Execute official pinned binary on actual platform	2026-10-08T11:44:41.6057550Z           "author": null,
native (macos-15, darwin-arm64)	Execute official pinned binary on actual platform	2026-10-08T11:44:41.6058420Z           "bookmarks": 0,
native (macos-15, darwin-arm64)	Execute official pinned binary on actual platform	2026-10-08T11:44:41.6058710Z           "creator": null,
native (macos-15, darwin-arm64)	Execute official pinned binary on actual platform	2026-10-08T11:44:41.6058990Z           "encrypted": false,
native (macos-15, darwin-arm64)	Execute official pinned binary on actual platform	2026-10-08T11:44:41.6059290Z           "fields": 0,
native (macos-15, darwin-arm64)	Execute official pinned binary on actual platform	2026-10-08T11:44:41.6059660Z           "file": "/Users/runner/work/printcraft-skills/printcraft-skills/native-evidence/rotate.pdf",
native (macos-15, darwin-arm64)	Execute official pinned binary on actual platform	2026-10-08T11:44:41.6060050Z           "file_size": 927,
native (macos-15, darwin-arm64)	Execute official pinned binary on actual platform	2026-10-08T11:44:41.6060280Z           "first_page_pt": [
native (macos-15, darwin-arm64)	Execute official pinned binary on actual platform	2026-10-08T11:44:41.6060460Z             792.0,
native (macos-15, darwin-arm64)	Execute official pinned binary on actual platform	2026-10-08T11:44:41.6060680Z             612.0
native (macos-15, darwin-arm64)	Execute official pinned binary on actual platform	2026-10-08T11:44:41.6060870Z           ],
native (macos-15, darwin-arm64)	Execute official pinned binary on actual platform	2026-10-08T11:44:41.6061040Z           "javascript": false,
native (macos-15, darwin-arm64)	Execute official pinned binary on actual platform	2026-10-08T11:44:41.6061300Z           "layers": 0,
native (macos-15, darwin-arm64)	Execute official pinned binary on actual platform	2026-10-08T11:44:41.6061570Z           "links": 0,
native (macos-15, darwin-arm64)	Execute official pinned binary on actual platform	2026-10-08T11:44:41.6061810Z           "page_labels": [
native (macos-15, darwin-arm64)	Execute official pinned binary on actual platform	2026-10-08T11:44:41.6062000Z             "1",
native (macos-15, darwin-arm64)	Execute official pinned binary on actual platform	2026-10-08T11:44:41.6062230Z             "2",
native (macos-15, darwin-arm64)	Execute official pinned binary on actual platform	2026-10-08T11:44:41.6062510Z             "3"
native (macos-15, darwin-arm64)	Execute official pinned binary on actual platform	2026-10-08T11:44:41.6062770Z           ],
native (macos-15, darwin-arm64)	Execute official pinned binary on actual platform	2026-10-08T11:44:41.6063030Z           "pages": 3,
native (macos-15, darwin-arm64)	Execute official pinned binary on actual platform	2026-10-08T11:44:41.6063320Z           "pdf_version": "1.5",
native (macos-15, darwin-arm64)	Execute official pinned binary on actual platform	2026-10-08T11:44:41.6064240Z           "producer": null,
native (macos-15, darwin-arm64)	Execute official pinned binary on actual platform	2026-10-08T11:44:41.6064510Z           "tagged": false,
native (macos-15, darwin-arm64)	Execute official pinned binary on actual platform	2026-10-08T11:44:41.6064870Z           "title": null,
native (macos-15, darwin-arm64)	Execute official pinned binary on actual platform	2026-10-08T11:44:41.6065140Z           "warnings": [],
native (macos-15, darwin-arm64)	Execute official pinned binary on actual platform	2026-10-08T11:44:41.6065330Z           "xfa": null
native (macos-15, darwin-arm64)	Execute official pinned binary on actual platform	2026-10-08T11:44:41.6065510Z         },
native (macos-15, darwin-arm64)	Execute official pinned binary on actual platform	2026-10-08T11:44:41.6065730Z         "texts": [
native (macos-15, darwin-arm64)	Execute official pinned binary on actual platform	2026-10-08T11:44:41.6066050Z           "PAGE-ALPHA",
native (macos-15, darwin-arm64)	Execute official pinned binary on actual platform	2026-10-08T11:44:41.6066300Z           "PAGE-BETA",
native (macos-15, darwin-arm64)	Execute official pinned binary on actual platform	2026-10-08T11:44:41.6066500Z           "PAGE-GAMMA"
native (macos-15, darwin-arm64)	Execute official pinned binary on actual platform	2026-10-08T11:44:41.6066730Z         ]
native (macos-15, darwin-arm64)	Execute official pinned binary on actual platform	2026-10-08T11:44:41.6067020Z       }
native (macos-15, darwin-arm64)	Execute official pinned binary on actual platform	2026-10-08T11:44:41.6067370Z     },
native (macos-15, darwin-arm64)	Execute official pinned binary on actual platform	2026-10-08T11:44:41.6067680Z     "crop_save_reopen_render": {
native (macos-15, darwin-arm64)	Execute official pinned binary on actual platform	2026-10-08T11:44:41.6067900Z       "status": "PASS",
native (macos-15, darwin-arm64)	Execute official pinned binary on actual platform	2026-10-08T11:44:41.6068070Z       "details": {
native (macos-15, darwin-arm64)	Execute official pinned binary on actual platform	2026-10-08T11:44:41.6068380Z         "outputSha256": "9476242a23946682a2783d0ac252863d7ea213c1f92b64125847b8170fff4f9b",
native (macos-15, darwin-arm64)	Execute official pinned binary on actual platform	2026-10-08T11:44:41.6068840Z         "info": {
native (macos-15, darwin-arm64)	Execute official pinned binary on actual platform	2026-10-08T11:44:41.6069040Z           "annotations": 0,
native (macos-15, darwin-arm64)	Execute official pinned binary on actual platform	2026-10-08T11:44:41.6082090Z           "attachments": 0,
native (macos-15, darwin-arm64)	Execute official pinned binary on actual platform	2026-10-08T11:44:41.6082860Z           "author": null,
native (macos-15, darwin-arm64)	Execute official pinned binary on actual platform	2026-10-08T11:44:41.6083050Z           "bookmarks": 0,
native (macos-15, darwin-arm64)	Execute official pinned binary on actual platform	2026-10-08T11:44:41.6083260Z           "creator": null,
native (macos-15, darwin-arm64)	Execute official pinned binary on actual platform	2026-10-08T11:44:41.6083470Z           "encrypted": false,
native (macos-15, darwin-arm64)	Execute official pinned binary on actual platform	2026-10-08T11:44:41.6083660Z           "fields": 0,
native (macos-15, darwin-arm64)	Execute official pinned binary on actual platform	2026-10-08T11:44:41.6084000Z           "file": "/Users/runner/work/printcraft-skills/printcraft-skills/native-evidence/crop.pdf",
native (macos-15, darwin-arm64)	Execute official pinned binary on actual platform	2026-10-08T11:44:41.6084380Z           "file_size": 935,
native (macos-15, darwin-arm64)	Execute official pinned binary on actual platform	2026-10-08T11:44:41.6084560Z           "first_page_pt": [
native (macos-15, darwin-arm64)	Execute official pinned binary on actual platform	2026-10-08T11:44:41.6084740Z             592.0,
native (macos-15, darwin-arm64)	Execute official pinned binary on actual platform	2026-10-08T11:44:41.6084890Z             772.0
native (macos-15, darwin-arm64)	Execute official pinned binary on actual platform	2026-10-08T11:44:41.6085040Z           ],
native (macos-15, darwin-arm64)	Execute official pinned binary on actual platform	2026-10-08T11:44:41.6085250Z           "javascript": false,
native (macos-15, darwin-arm64)	Execute official pinned binary on actual platform	2026-10-08T11:44:41.6085510Z           "layers": 0,
native (macos-15, darwin-arm64)	Execute official pinned binary on actual platform	2026-10-08T11:44:41.6085680Z           "links": 0,
native (macos-15, darwin-arm64)	Execute official pinned binary on actual platform	2026-10-08T11:44:41.6085870Z           "page_labels": [
native (macos-15, darwin-arm64)	Execute official pinned binary on actual platform	2026-10-08T11:44:41.6086030Z             "1",
native (macos-15, darwin-arm64)	Execute official pinned binary on actual platform	2026-10-08T11:44:41.6086180Z             "2",
native (macos-15, darwin-arm64)	Execute official pinned binary on actual platform	2026-10-08T11:44:41.6086350Z             "3"
native (macos-15, darwin-arm64)	Execute official pinned binary on actual platform	2026-10-08T11:44:41.6086510Z           ],
native (macos-15, darwin-arm64)	Execute official pinned binary on actual platform	2026-10-08T11:44:41.6086660Z           "pages": 3,
native (macos-15, darwin-arm64)	Execute official pinned binary on actual platform	2026-10-08T11:44:41.6086840Z           "pdf_version": "1.5",
native (macos-15, darwin-arm64)	Execute official pinned binary on actual platform	2026-10-08T11:44:41.6087110Z           "producer": null,
native (macos-15, darwin-arm64)	Execute official pinned binary on actual platform	2026-10-08T11:44:41.6087350Z           "tagged": false,
native (macos-15, darwin-arm64)	Execute official pinned binary on actual platform	2026-10-08T11:44:41.6087560Z           "title": null,
native (macos-15, darwin-arm64)	Execute official pinned binary on actual platform	2026-10-08T11:44:41.6087750Z           "warnings": [],
native (macos-15, darwin-arm64)	Execute official pinned binary on actual platform	2026-10-08T11:44:41.6088020Z           "xfa": null
native (macos-15, darwin-arm64)	Execute official pinned binary on actual platform	2026-10-08T11:44:41.6088190Z         },
native (macos-15, darwin-arm64)	Execute official pinned binary on actual platform	2026-10-08T11:44:41.6088360Z         "texts": [
native (macos-15, darwin-arm64)	Execute official pinned binary on actual platform	2026-10-08T11:44:41.6088530Z           "PAGE-ALPHA",
native (macos-15, darwin-arm64)	Execute official pinned binary on actual platform	2026-10-08T11:44:41.6088790Z           "PAGE-BETA",
native (macos-15, darwin-arm64)	Execute official pinned binary on actual platform	2026-10-08T11:44:41.6088990Z           "PAGE-GAMMA"
native (macos-15, darwin-arm64)	Execute official pinned binary on actual platform	2026-10-08T11:44:41.6089160Z         ]
native (macos-15, darwin-arm64)	Execute official pinned binary on actual platform	2026-10-08T11:44:41.6089290Z       }
native (macos-15, darwin-arm64)	Execute official pinned binary on actual platform	2026-10-08T11:44:41.6089430Z     },
native (macos-15, darwin-arm64)	Execute official pinned binary on actual platform	2026-10-08T11:44:41.6089600Z     "form_save_reopen": {
native (macos-15, darwin-arm64)	Execute official pinned binary on actual platform	2026-10-08T11:44:41.6089780Z       "status": "PASS",
native (macos-15, darwin-arm64)	Execute official pinned binary on actual platform	2026-10-08T11:44:41.6089940Z       "details": {
native (macos-15, darwin-arm64)	Execute official pinned binary on actual platform	2026-10-08T11:44:41.6090080Z         "fields": {
native (macos-15, darwin-arm64)	Execute official pinned binary on actual platform	2026-10-08T11:44:41.6090300Z           "count": 1,
native (macos-15, darwin-arm64)	Execute official pinned binary on actual platform	2026-10-08T11:44:41.6090470Z           "fields": [
native (macos-15, darwin-arm64)	Execute official pinned binary on actual platform	2026-10-08T11:44:41.6090660Z             {
native (macos-15, darwin-arm64)	Execute official pinned binary on actual platform	2026-10-08T11:44:41.6090870Z               "multiline": false,
native (macos-15, darwin-arm64)	Execute official pinned binary on actual platform	2026-10-08T11:44:41.6091090Z               "name": "sample",
native (macos-15, darwin-arm64)	Execute official pinned binary on actual platform	2026-10-08T11:44:41.6091300Z               "page": 1,
native (macos-15, darwin-arm64)	Execute official pinned binary on actual platform	2026-10-08T11:44:41.6091480Z               "read_only": false,
native (macos-15, darwin-arm64)	Execute official pinned binary on actual platform	2026-10-08T11:44:41.6091690Z               "rect": [
native (macos-15, darwin-arm64)	Execute official pinned binary on actual platform	2026-10-08T11:44:41.6091860Z                 72.0,
native (macos-15, darwin-arm64)	Execute official pinned binary on actual platform	2026-10-08T11:44:41.6092040Z                 120.0,
native (macos-15, darwin-arm64)	Execute official pinned binary on actual platform	2026-10-08T11:44:41.6092270Z                 200.0,
native (macos-15, darwin-arm64)	Execute official pinned binary on actual platform	2026-10-08T11:44:41.6092470Z                 150.0
native (macos-15, darwin-arm64)	Execute official pinned binary on actual platform	2026-10-08T11:44:41.6092630Z               ],
native (macos-15, darwin-arm64)	Execute official pinned binary on actual platform	2026-10-08T11:44:41.6092790Z               "required": false,
native (macos-15, darwin-arm64)	Execute official pinned binary on actual platform	2026-10-08T11:44:41.6092990Z               "type": "text",
native (macos-15, darwin-arm64)	Execute official pinned binary on actual platform	2026-10-08T11:44:41.6093180Z               "value": "verified form"
native (macos-15, darwin-arm64)	Execute official pinned binary on actual platform	2026-10-08T11:44:41.6093390Z             }
native (macos-15, darwin-arm64)	Execute official pinned binary on actual platform	2026-10-08T11:44:41.6093530Z           ]
native (macos-15, darwin-arm64)	Execute official pinned binary on actual platform	2026-10-08T11:44:41.6093690Z         },
native (macos-15, darwin-arm64)	Execute official pinned binary on actual platform	2026-10-08T11:44:41.6094490Z         "outputSha256": "fae87247b9dfadcfb71d79c49f507f3c519624e47ff70dcd847b2fc1f526e2d4"
native (macos-15, darwin-arm64)	Execute official pinned binary on actual platform	2026-10-08T11:44:41.6094950Z       }
native (macos-15, darwin-arm64)	Execute official pinned binary on actual platform	2026-10-08T11:44:41.6095100Z     },
native (macos-15, darwin-arm64)	Execute official pinned binary on actual platform	2026-10-08T11:44:41.6095330Z     "redact_text_objects_render": {
native (macos-15, darwin-arm64)	Execute official pinned binary on actual platform	2026-10-08T11:44:41.6095560Z       "status": "PASS",
native (macos-15, darwin-arm64)	Execute official pinned binary on actual platform	2026-10-08T11:44:41.6095740Z       "details": {
native (macos-15, darwin-arm64)	Execute official pinned binary on actual platform	2026-10-08T11:44:41.6096060Z         "outputSha256": "401f0f8041b39fd479c77f96c4bbe6696b4881a8d5868087a6c6411401611bfb",
native (macos-15, darwin-arm64)	Execute official pinned binary on actual platform	2026-10-08T11:44:41.6096510Z         "textAndObjectBytesAbsent": true,
native (macos-15, darwin-arm64)	Execute official pinned binary on actual platform	2026-10-08T11:44:41.6096760Z         "visualReview": "NOT_RUN"
native (macos-15, darwin-arm64)	Execute official pinned binary on actual platform	2026-10-08T11:44:41.6096970Z       }
native (macos-15, darwin-arm64)	Execute official pinned binary on actual platform	2026-10-08T11:44:41.6097100Z     },
native (macos-15, darwin-arm64)	Execute official pinned binary on actual platform	2026-10-08T11:44:41.6097250Z     "english_ocr_scan_save_reopen": {
native (macos-15, darwin-arm64)	Execute official pinned binary on actual platform	2026-10-08T11:44:41.6097450Z       "status": "PASS",
native (macos-15, darwin-arm64)	Execute official pinned binary on actual platform	2026-10-08T11:44:41.6097620Z       "details": {
native (macos-15, darwin-arm64)	Execute official pinned binary on actual platform	2026-10-08T11:44:41.6097930Z         "inputSha256": "c244d838826a97532fa94f6c865ab46c8ae7d91713106ecabe8eb4844d33dddb",
native (macos-15, darwin-arm64)	Execute official pinned binary on actual platform	2026-10-08T11:44:41.6098420Z         "outputSha256": "9c41310e2ca625201da35f17b0e83408b5313208f569fcab3428473be33f6269",
native (macos-15, darwin-arm64)	Execute official pinned binary on actual platform	2026-10-08T11:44:41.6099250Z         "nativeResults": [
native (macos-15, darwin-arm64)	Execute official pinned binary on actual platform	2026-10-08T11:44:41.6099500Z           {
native (macos-15, darwin-arm64)	Execute official pinned binary on actual platform	2026-10-08T11:44:41.6099690Z             "dirty": false,
native (macos-15, darwin-arm64)	Execute official pinned binary on actual platform	2026-10-08T11:44:41.6099880Z             "doc": 1,
native (macos-15, darwin-arm64)	Execute official pinned binary on actual platform	2026-10-08T11:44:41.6100050Z             "editable": true,
native (macos-15, darwin-arm64)	Execute official pinned binary on actual platform	2026-10-08T11:44:41.6100250Z             "encrypted": false,
native (macos-15, darwin-arm64)	Execute official pinned binary on actual platform	2026-10-08T11:44:41.6100450Z             "name": "scan-english.pdf",
native (macos-15, darwin-arm64)	Execute official pinned binary on actual platform	2026-10-08T11:44:41.6100650Z             "pages": 1,
native (macos-15, darwin-arm64)	Execute official pinned binary on actual platform	2026-10-08T11:44:41.6101010Z             "path": "/Users/runner/work/printcraft-skills/printcraft-skills/native-evidence/scan-english.pdf",
native (macos-15, darwin-arm64)	Execute official pinned binary on actual platform	2026-10-08T11:44:41.6101420Z             "read_only_reason": null,
native (macos-15, darwin-arm64)	Execute official pinned binary on actual platform	2026-10-08T11:44:41.6101680Z             "redo": null,
native (macos-15, darwin-arm64)	Execute official pinned binary on actual platform	2026-10-08T11:44:41.6101890Z             "undo": null
native (macos-15, darwin-arm64)	Execute official pinned binary on actual platform	2026-10-08T11:44:41.6102050Z           },
native (macos-15, darwin-arm64)	Execute official pinned binary on actual platform	2026-10-08T11:44:41.6102210Z           {
native (macos-15, darwin-arm64)	Execute official pinned binary on actual platform	2026-10-08T11:44:41.6102350Z             "pages": [
native (macos-15, darwin-arm64)	Execute official pinned binary on actual platform	2026-10-08T11:44:41.6102520Z               {
native (macos-15, darwin-arm64)	Execute official pinned binary on actual platform	2026-10-08T11:44:41.6102670Z                 "page": 1,
native (macos-15, darwin-arm64)	Execute official pinned binary on actual platform	2026-10-08T11:44:41.6102860Z                 "text": "PAGE-GAMMA",
native (macos-15, darwin-arm64)	Execute official pinned binary on actual platform	2026-10-08T11:44:41.6103060Z                 "words": 1
native (macos-15, darwin-arm64)	Execute official pinned binary on actual platform	2026-10-08T11:44:41.6103220Z               }
native (macos-15, darwin-arm64)	Execute official pinned binary on actual platform	2026-10-08T11:44:41.6103360Z             ],
native (macos-15, darwin-arm64)	Execute official pinned binary on actual platform	2026-10-08T11:44:41.6103500Z             "words": 1
native (macos-15, darwin-arm64)	Execute official pinned binary on actual platform	2026-10-08T11:44:41.6103660Z           },
native (macos-15, darwin-arm64)	Execute official pinned binary on actual platform	2026-10-08T11:44:41.6103790Z           {
native (macos-15, darwin-arm64)	Execute official pinned binary on actual platform	2026-10-08T11:44:41.6103930Z             "bytes": 7838,
native (macos-15, darwin-arm64)	Execute official pinned binary on actual platform	2026-10-08T11:44:41.6104100Z             "document": {
native (macos-15, darwin-arm64)	Execute official pinned binary on actual platform	2026-10-08T11:44:41.6104330Z               "dirty": false,
native (macos-15, darwin-arm64)	Execute official pinned binary on actual platform	2026-10-08T11:44:41.6104520Z               "doc": 1,
native (macos-15, darwin-arm64)	Execute official pinned binary on actual platform	2026-10-08T11:44:41.6104700Z               "editable": true,
native (macos-15, darwin-arm64)	Execute official pinned binary on actual platform	2026-10-08T11:44:41.6104940Z               "encrypted": false,
native (macos-15, darwin-arm64)	Execute official pinned binary on actual platform	2026-10-08T11:44:41.6105140Z               "name": "ocr-english.pdf",
native (macos-15, darwin-arm64)	Execute official pinned binary on actual platform	2026-10-08T11:44:41.6105380Z               "pages": 1,
native (macos-15, darwin-arm64)	Execute official pinned binary on actual platform	2026-10-08T11:44:41.6105740Z               "path": "/Users/runner/work/printcraft-skills/printcraft-skills/native-evidence/ocr-english.pdf",
native (macos-15, darwin-arm64)	Execute official pinned binary on actual platform	2026-10-08T11:44:41.6106140Z               "read_only_reason": null,
native (macos-15, darwin-arm64)	Execute official pinned binary on actual platform	2026-10-08T11:44:41.6106350Z               "redo": null,
native (macos-15, darwin-arm64)	Execute official pinned binary on actual platform	2026-10-08T11:44:41.6106580Z               "undo": "Recognize text"
native (macos-15, darwin-arm64)	Execute official pinned binary on actual platform	2026-10-08T11:44:41.6106790Z             },
native (macos-15, darwin-arm64)	Execute official pinned binary on actual platform	2026-10-08T11:44:41.6106950Z             "incremental": false,
native (macos-15, darwin-arm64)	Execute official pinned binary on actual platform	2026-10-08T11:44:41.6107320Z             "path": "/Users/runner/work/printcraft-skills/printcraft-skills/native-evidence/ocr-english.pdf"
native (macos-15, darwin-arm64)	Execute official pinned binary on actual platform	2026-10-08T11:44:41.6107700Z           }
native (macos-15, darwin-arm64)	Execute official pinned binary on actual platform	2026-10-08T11:44:41.6107830Z         ],
native (macos-15, darwin-arm64)	Execute official pinned binary on actual platform	2026-10-08T11:44:41.6107980Z         "reopenedText": "PAGE-GAMMA\n",
native (macos-15, darwin-arm64)	Execute official pinned binary on actual platform	2026-10-08T11:44:41.6108200Z         "sourceUnchanged": true
native (macos-15, darwin-arm64)	Execute official pinned binary on actual platform	2026-10-08T11:44:41.6108380Z       }
native (macos-15, darwin-arm64)	Execute official pinned binary on actual platform	2026-10-08T11:44:41.6108510Z     }
native (macos-15, darwin-arm64)	Execute official pinned binary on actual platform	2026-10-08T11:44:41.6108640Z   },
native (macos-15, darwin-arm64)	Execute official pinned binary on actual platform	2026-10-08T11:44:41.6108870Z   "scope": "DIRECT_NATIVE_ONLY_SKILL_INSTALLER_NOT_TESTED",
native (macos-15, darwin-arm64)	Execute official pinned binary on actual platform	2026-10-08T11:44:41.6109210Z   "chineseRecognition": "NOT_RUN_THIS_HARNESS",
native (macos-15, darwin-arm64)	Execute official pinned binary on actual platform	2026-10-08T11:44:41.6109450Z   "visualReview": "NOT_RUN",
native (macos-15, darwin-arm64)	Execute official pinned binary on actual platform	2026-10-08T11:44:41.6109650Z   "status": "PASS_SCOPED_NATIVE",
native (macos-15, darwin-arm64)	Execute official pinned binary on actual platform	2026-10-08T11:44:41.6110310Z   "runtimeArchiveSha256": "bda65829033916c5de5a7ddc0763437f8db2e8792ee43c8dc2676434acb3d495",
native (macos-15, darwin-arm64)	Execute official pinned binary on actual platform	2026-10-08T11:44:41.6110850Z   "runtimeBinarySha256": "b7783b596870ed5a326f29456d4647382d2e1e4d7b7ffe75ded192cd15b86995",
native (macos-15, darwin-arm64)	Execute official pinned binary on actual platform	2026-10-08T11:44:41.6111750Z   "versionOutput": "printcraft-cli 0.2.1\nDiscord: https://discord.gg/artcraft  (help and feedback)\nWeb:     https://getartcraft.com/apps/printcraft\nSource:  https://github.com/storytold/printcraft\n",
native (macos-15, darwin-arm64)	Execute official pinned binary on actual platform	2026-10-08T11:44:41.6112610Z   "catalogSha256": "8ddb81c0382bacbdebf8ffdf242ec795135abc0a7723eebbe3b14123de64bea1",
native (macos-15, darwin-arm64)	Execute official pinned binary on actual platform	2026-10-08T11:44:41.6112980Z   "catalogToolCount": 123,
native (macos-15, darwin-arm64)	Execute official pinned binary on actual platform	2026-10-08T11:44:41.6113180Z   "ocrLanguageSchema": [
native (macos-15, darwin-arm64)	Execute official pinned binary on actual platform	2026-10-08T11:44:41.6113360Z     "en"
native (macos-15, darwin-arm64)	Execute official pinned binary on actual platform	2026-10-08T11:44:41.6113490Z   ],
native (macos-15, darwin-arm64)	Execute official pinned binary on actual platform	2026-10-08T11:44:41.6113760Z   "inputSha256": "9d035b63e05cfeb06b0985db1582f14185f99931a51eda69718764e91fdc0a0a",
native (macos-15, darwin-arm64)	Execute official pinned binary on actual platform	2026-10-08T11:44:41.6114100Z   "ocrStatus": {
native (macos-15, darwin-arm64)	Execute official pinned binary on actual platform	2026-10-08T11:44:41.6114260Z     "available": false,
native (macos-15, darwin-arm64)	Execute official pinned binary on actual platform	2026-10-08T11:44:41.6114430Z     "languages": [
native (macos-15, darwin-arm64)	Execute official pinned binary on actual platform	2026-10-08T11:44:41.6114580Z       {
native (macos-15, darwin-arm64)	Execute official pinned binary on actual platform	2026-10-08T11:44:41.6114880Z         "code": "en",
native (macos-15, darwin-arm64)	Execute official pinned binary on actual platform	2026-10-08T11:44:41.6115050Z         "name": "English"
native (macos-15, darwin-arm64)	Execute official pinned binary on actual platform	2026-10-08T11:44:41.6115220Z       }
native (macos-15, darwin-arm64)	Execute official pinned binary on actual platform	2026-10-08T11:44:41.6115360Z     ],
native (macos-15, darwin-arm64)	Execute official pinned binary on actual platform	2026-10-08T11:44:41.6115500Z     "search_dirs": [
native (macos-15, darwin-arm64)	Execute official pinned binary on actual platform	2026-10-08T11:44:41.6115800Z       "/Users/runner/work/printcraft-skills/printcraft-skills/native-evidence/models",
native (macos-15, darwin-arm64)	Execute official pinned binary on actual platform	2026-10-08T11:44:41.6116340Z       "/Users/runner/work/printcraft-skills/printcraft-skills/native-evidence/../Resources/models",
native (macos-15, darwin-arm64)	Execute official pinned binary on actual platform	2026-10-08T11:44:41.6116840Z       "/Users/runner/work/printcraft/printcraft/crates/ocr/../../assets/models"
native (macos-15, darwin-arm64)	Execute official pinned binary on actual platform	2026-10-08T11:44:41.6117150Z     ]
native (macos-15, darwin-arm64)	Execute official pinned binary on actual platform	2026-10-08T11:44:41.6117280Z   },
native (macos-15, darwin-arm64)	Execute official pinned binary on actual platform	2026-10-08T11:44:41.6117420Z   "ocrModels": {
native (macos-15, darwin-arm64)	Execute official pinned binary on actual platform	2026-10-08T11:44:41.6117700Z     "source": "https://github.com/storytold/pdfcraft/blob/v0.2.1/ATTRIBUTION.toml",
native (macos-15, darwin-arm64)	Execute official pinned binary on actual platform	2026-10-08T11:44:41.6118040Z     "nativeVersion": "0.2.1",
native (macos-15, darwin-arm64)	Execute official pinned binary on actual platform	2026-10-08T11:44:41.6118230Z     "models": [
native (macos-15, darwin-arm64)	Execute official pinned binary on actual platform	2026-10-08T11:44:41.6118370Z       {
native (macos-15, darwin-arm64)	Execute official pinned binary on actual platform	2026-10-08T11:44:41.6118540Z         "file": "text-detection.rten",
native (macos-15, darwin-arm64)	Execute official pinned binary on actual platform	2026-10-08T11:44:41.6118910Z         "url": "https://ocrs-models.s3-accelerate.amazonaws.com/text-detection.rten",
native (macos-15, darwin-arm64)	Execute official pinned binary on actual platform	2026-10-08T11:44:41.6119280Z         "title": "Ocrs text detection model",
native (macos-15, darwin-arm64)	Execute official pinned binary on actual platform	2026-10-08T11:44:41.6119620Z         "author": "Robert Knight (ocrs-models; trained on HierText, CC-BY-SA-4.0)",
native (macos-15, darwin-arm64)	Execute official pinned binary on actual platform	2026-10-08T11:44:41.6120270Z         "source": "https://github.com/robertknight/ocrs-models (the models ocrs downloads; model card: https://huggingface.co/robertknight/ocrs, cc-by-sa-4.0)",
native (macos-15, darwin-arm64)	Execute official pinned binary on actual platform	2026-10-08T11:44:41.6120830Z         "licence": "CC-BY-SA-4.0",
native (macos-15, darwin-arm64)	Execute official pinned binary on actual platform	2026-10-08T11:44:41.6121240Z         "licence_url": "https://creativecommons.org/licenses/by-sa/4.0/legalcode.txt",
native (macos-15, darwin-arm64)	Execute official pinned binary on actual platform	2026-10-08T11:44:41.6121790Z         "licence_sha256": "28a9529c7d0bb4dc51f4bf5c116a3d16ef247a052f7591466768ddf563fd1cf5",
native (macos-15, darwin-arm64)	Execute official pinned binary on actual platform	2026-10-08T11:44:41.6122150Z         "kind": "model",
native (macos-15, darwin-arm64)	Execute official pinned binary on actual platform	2026-10-08T11:44:41.6122420Z         "usage": "Scan & OCR: finds words on page images (cargo xtask models)",
native (macos-15, darwin-arm64)	Execute official pinned binary on actual platform	2026-10-08T11:44:41.6122830Z         "sha256": "f15cfb56bd02c4bf478a20343986504a1f01e1665c2b3a0ad66340f054b1b5ca"
native (macos-15, darwin-arm64)	Execute official pinned binary on actual platform	2026-10-08T11:44:41.6123230Z       },
native (macos-15, darwin-arm64)	Execute official pinned binary on actual platform	2026-10-08T11:44:41.6123380Z       {
native (macos-15, darwin-arm64)	Execute official pinned binary on actual platform	2026-10-08T11:44:41.6123570Z         "file": "text-recognition.rten",
native (macos-15, darwin-arm64)	Execute official pinned binary on actual platform	2026-10-08T11:44:41.6123990Z         "url": "https://ocrs-models.s3-accelerate.amazonaws.com/text-recognition.rten",
native (macos-15, darwin-arm64)	Execute official pinned binary on actual platform	2026-10-08T11:44:41.6124360Z         "title": "Ocrs text recognition model",
native (macos-15, darwin-arm64)	Execute official pinned binary on actual platform	2026-10-08T11:44:41.6124690Z         "author": "Robert Knight (ocrs-models; trained on HierText, CC-BY-SA-4.0)",
native (macos-15, darwin-arm64)	Execute official pinned binary on actual platform	2026-10-08T11:44:41.6125340Z         "source": "https://github.com/robertknight/ocrs-models (the models ocrs downloads; model card: https://huggingface.co/robertknight/ocrs, cc-by-sa-4.0)",
native (macos-15, darwin-arm64)	Execute official pinned binary on actual platform	2026-10-08T11:44:41.6125870Z         "licence": "CC-BY-SA-4.0",
native (macos-15, darwin-arm64)	Execute official pinned binary on actual platform	2026-10-08T11:44:41.6126190Z         "licence_url": "https://creativecommons.org/licenses/by-sa/4.0/legalcode.txt",
native (macos-15, darwin-arm64)	Execute official pinned binary on actual platform	2026-10-08T11:44:41.6126690Z         "licence_sha256": "28a9529c7d0bb4dc51f4bf5c116a3d16ef247a052f7591466768ddf563fd1cf5",
native (macos-15, darwin-arm64)	Execute official pinned binary on actual platform	2026-10-08T11:44:41.6127330Z         "kind": "model",
native (macos-15, darwin-arm64)	Execute official pinned binary on actual platform	2026-10-08T11:44:41.6127600Z         "usage": "Scan & OCR: reads the words it finds (cargo xtask models)",
native (macos-15, darwin-arm64)	Execute official pinned binary on actual platform	2026-10-08T11:44:41.6128010Z         "sha256": "e484866d4cce403175bd8d00b128feb08ab42e208de30e42cd9889d8f1735a6e"
native (macos-15, darwin-arm64)	Execute official pinned binary on actual platform	2026-10-08T11:44:41.6128320Z       }
native (macos-15, darwin-arm64)	Execute official pinned binary on actual platform	2026-10-08T11:44:41.6128450Z     ]
native (macos-15, darwin-arm64)	Execute official pinned binary on actual platform	2026-10-08T11:44:41.6128570Z   },
native (macos-15, darwin-arm64)	Execute official pinned binary on actual platform	2026-10-08T11:44:41.6128720Z   "ocrStatusWithModels": {
native (macos-15, darwin-arm64)	Execute official pinned binary on actual platform	2026-10-08T11:44:41.6128900Z     "available": true,
native (macos-15, darwin-arm64)	Execute official pinned binary on actual platform	2026-10-08T11:44:41.6129060Z     "languages": [
native (macos-15, darwin-arm64)	Execute official pinned binary on actual platform	2026-10-08T11:44:41.6129200Z       {
native (macos-15, darwin-arm64)	Execute official pinned binary on actual platform	2026-10-08T11:44:41.6129330Z         "code": "en",
native (macos-15, darwin-arm64)	Execute official pinned binary on actual platform	2026-10-08T11:44:41.6129500Z         "name": "English"
native (macos-15, darwin-arm64)	Execute official pinned binary on actual platform	2026-10-08T11:44:41.6129660Z       }
native (macos-15, darwin-arm64)	Execute official pinned binary on actual platform	2026-10-08T11:44:41.6129790Z     ],
native (macos-15, darwin-arm64)	Execute official pinned binary on actual platform	2026-10-08T11:44:41.6129920Z     "search_dirs": [
native (macos-15, darwin-arm64)	Execute official pinned binary on actual platform	2026-10-08T11:44:41.6130210Z       "/Users/runner/work/printcraft-skills/printcraft-skills/native-evidence/models",
native (macos-15, darwin-arm64)	Execute official pinned binary on actual platform	2026-10-08T11:44:41.6130730Z       "/Users/runner/work/printcraft-skills/printcraft-skills/native-evidence/../Resources/models",
native (macos-15, darwin-arm64)	Execute official pinned binary on actual platform	2026-10-08T11:44:41.6131410Z       "/Users/runner/work/printcraft/printcraft/crates/ocr/../../assets/models"
native (macos-15, darwin-arm64)	Execute official pinned binary on actual platform	2026-10-08T11:44:41.6131710Z     ]
native (macos-15, darwin-arm64)	Execute official pinned binary on actual platform	2026-10-08T11:44:41.6131840Z   },
native (macos-15, darwin-arm64)	Execute official pinned binary on actual platform	2026-10-08T11:44:41.6131980Z   "sourceUnchanged": true,
native (macos-15, darwin-arm64)	Execute official pinned binary on actual platform	2026-10-08T11:44:41.6132160Z   "artifacts": {
native (macos-15, darwin-arm64)	Execute official pinned binary on actual platform	2026-10-08T11:44:41.6132450Z     "001-call.json": "5bea3fedd7eeae64a3b72ad99bdfe8f8e3175bf270715ef247a4f00265debfc3",
native (macos-15, darwin-arm64)	Execute official pinned binary on actual platform	2026-10-08T11:44:41.6132920Z     "001-stderr.log": "e3b0c44298fc1c149afbf4c8996fb92427ae41e4649b934ca495991b7852b855",
native (macos-15, darwin-arm64)	Execute official pinned binary on actual platform	2026-10-08T11:44:41.6133390Z     "001-stdout.log": "260187c52b001191acc62e300b68203b492022e0c2b78b74db7f63ed6cf0eb9b",
native (macos-15, darwin-arm64)	Execute official pinned binary on actual platform	2026-10-08T11:44:41.6133840Z     "002-call.json": "e44a6d5b24dfbbf9a357a5722714b0608e6d0902ed29e7080757cd1e45e8cc3b",
native (macos-15, darwin-arm64)	Execute official pinned binary on actual platform	2026-10-08T11:44:41.6134300Z     "002-stderr.log": "e3b0c44298fc1c149afbf4c8996fb92427ae41e4649b934ca495991b7852b855",
native (macos-15, darwin-arm64)	Execute official pinned binary on actual platform	2026-10-08T11:44:41.6134770Z     "002-stdout.log": "8ddb81c0382bacbdebf8ffdf242ec795135abc0a7723eebbe3b14123de64bea1",
native (macos-15, darwin-arm64)	Execute official pinned binary on actual platform	2026-10-08T11:44:41.6135240Z     "003-call.json": "584bf4c02e7caf23485889b918004758aec0311642a8ecb49f19fb9b1f89b71e",
native (macos-15, darwin-arm64)	Execute official pinned binary on actual platform	2026-10-08T11:44:41.6135700Z     "003-stderr.log": "e3b0c44298fc1c149afbf4c8996fb92427ae41e4649b934ca495991b7852b855",
native (macos-15, darwin-arm64)	Execute official pinned binary on actual platform	2026-10-08T11:44:41.6136170Z     "003-stdout.log": "e386028c4227510857e0d37f5997f34aad25ed99ef64243feee48fa2a4dbd5cf",
native (macos-15, darwin-arm64)	Execute official pinned binary on actual platform	2026-10-08T11:44:41.6136620Z     "004-call.json": "68a9f44486983eef1e98669c29b53c5207431b49af9d504de59d6c37d73b2c36",
native (macos-15, darwin-arm64)	Execute official pinned binary on actual platform	2026-10-08T11:44:41.6137080Z     "004-stderr.log": "e3b0c44298fc1c149afbf4c8996fb92427ae41e4649b934ca495991b7852b855",
native (macos-15, darwin-arm64)	Execute official pinned binary on actual platform	2026-10-08T11:44:41.6137540Z     "004-stdout.log": "06a0356a3929db45cc722b204446e32b8f5fe01e62a9813206ab32dd6a076b7b",
native (macos-15, darwin-arm64)	Execute official pinned binary on actual platform	2026-10-08T11:44:41.6138010Z     "005-call.json": "fb944fbaad4fb2c90bc6d3039c3d59bd7b4484fb63effa626a7c8d0b8a9eebca",
native (macos-15, darwin-arm64)	Execute official pinned binary on actual platform	2026-10-08T11:44:41.6138480Z     "005-stderr.log": "e3b0c44298fc1c149afbf4c8996fb92427ae41e4649b934ca495991b7852b855",
native (macos-15, darwin-arm64)	Execute official pinned binary on actual platform	2026-10-08T11:44:41.6138930Z     "005-stdout.log": "05a0254bf621f2c5607ace0e81c83d283b2c27685a1169e3ee97d808b0b72886",
native (macos-15, darwin-arm64)	Execute official pinned binary on actual platform	2026-10-08T11:44:41.6139400Z     "006-call.json": "8ec64d7877dc242e620b5686f24a6ef99a6d5c79c232e1145dada6e389962b97",
native (macos-15, darwin-arm64)	Execute official pinned binary on actual platform	2026-10-08T11:44:41.6139860Z     "006-stderr.log": "e3b0c44298fc1c149afbf4c8996fb92427ae41e4649b934ca495991b7852b855",
native (macos-15, darwin-arm64)	Execute official pinned binary on actual platform	2026-10-08T11:44:41.6140330Z     "006-stdout.log": "1a04a191ace245e98cc7421a421c6dc44d0237a6d3e2d591272e8eb36e84dd0b",
native (macos-15, darwin-arm64)	Execute official pinned binary on actual platform	2026-10-08T11:44:41.6140860Z     "007-call.json": "cff061bd9e55123bca0df3858e7b128c328f23ad6a0d86f4e4cc8e4aea0d9fb2",
native (macos-15, darwin-arm64)	Execute official pinned binary on actual platform	2026-10-08T11:44:41.6141360Z     "007-stderr.log": "e3b0c44298fc1c149afbf4c8996fb92427ae41e4649b934ca495991b7852b855",
native (macos-15, darwin-arm64)	Execute official pinned binary on actual platform	2026-10-08T11:44:41.6141820Z     "007-stdout.log": "86696a16aacf0f57f3bb129451d6fc4beeb518901609ed93dab29339eec83057",
native (macos-15, darwin-arm64)	Execute official pinned binary on actual platform	2026-10-08T11:44:41.6142290Z     "008-call.json": "4e7840c3a0f4e95db70e6837d0b5f10525e775b57b02eb3445d5b70e7ba47163",
native (macos-15, darwin-arm64)	Execute official pinned binary on actual platform	2026-10-08T11:44:41.6142840Z     "008-stderr.log": "0e74a5c63ba1831af12e95f960ae9b2850cf2fc085f1ae86052907d256468363",
native (macos-15, darwin-arm64)	Execute official pinned binary on actual platform	2026-10-08T11:44:41.6143300Z     "008-stdout.log": "e3b0c44298fc1c149afbf4c8996fb92427ae41e4649b934ca495991b7852b855",
native (macos-15, darwin-arm64)	Execute official pinned binary on actual platform	2026-10-08T11:44:41.6143880Z     "009-call.json": "21106011a84d3e805d348a33752771db72253fef469998e47e085a1263a7ce68",
native (macos-15, darwin-arm64)	Execute official pinned binary on actual platform	2026-10-08T11:44:41.6144340Z     "009-stderr.log": "e3b0c44298fc1c149afbf4c8996fb92427ae41e4649b934ca495991b7852b855",
native (macos-15, darwin-arm64)	Execute official pinned binary on actual platform	2026-10-08T11:44:41.6144810Z     "009-stdout.log": "71de51dc871e57349d47fe5354953f93aee0cbb0095d651693b83ef9693b9056",
native (macos-15, darwin-arm64)	Execute official pinned binary on actual platform	2026-10-08T11:44:41.6145360Z     "010-call.json": "611e68fc000aca5e872ab728ec8beebe00e401bd8157e5a7e6f71600efaab91c",
native (macos-15, darwin-arm64)	Execute official pinned binary on actual platform	2026-10-08T11:44:41.6145820Z     "010-stderr.log": "e3b0c44298fc1c149afbf4c8996fb92427ae41e4649b934ca495991b7852b855",
native (macos-15, darwin-arm64)	Execute official pinned binary on actual platform	2026-10-08T11:44:41.6146290Z     "010-stdout.log": "60d16464a7a580726651e7be8afa712aa86dcc7774a8e224f9ee95f1e7d4ff2c",
native (macos-15, darwin-arm64)	Execute official pinned binary on actual platform	2026-10-08T11:44:41.6146760Z     "011-call.json": "609cb4fd4326e040f66b43e28f7ad15ef9f49d6f38dc04ec3a4e33298190eb2e",
native (macos-15, darwin-arm64)	Execute official pinned binary on actual platform	2026-10-08T11:44:41.6147230Z     "011-stderr.log": "e3b0c44298fc1c149afbf4c8996fb92427ae41e4649b934ca495991b7852b855",
native (macos-15, darwin-arm64)	Execute official pinned binary on actual platform	2026-10-08T11:44:41.6147940Z     "011-stdout.log": "1a04a191ace245e98cc7421a421c6dc44d0237a6d3e2d591272e8eb36e84dd0b",
native (macos-15, darwin-arm64)	Execute official pinned binary on actual platform	2026-10-08T11:44:41.6148400Z     "012-call.json": "51e0e918efde4c15ab2c0d901263d272a091d0e2d1859386e755026bd5d2a7b8",
native (macos-15, darwin-arm64)	Execute official pinned binary on actual platform	2026-10-08T11:44:41.6148860Z     "012-stderr.log": "e3b0c44298fc1c149afbf4c8996fb92427ae41e4649b934ca495991b7852b855",
native (macos-15, darwin-arm64)	Execute official pinned binary on actual platform	2026-10-08T11:44:41.6149940Z     "012-stdout.log": "86696a16aacf0f57f3bb129451d6fc4beeb518901609ed93dab29339eec83057",
native (macos-15, darwin-arm64)	Execute official pinned binary on actual platform	2026-10-08T11:44:41.6150430Z     "013-call.json": "bb85808cb6860d1d9a30fe9e74df8cc9198ff9e2e59f4e83af1201db9cf07ebb",
native (macos-15, darwin-arm64)	Execute official pinned binary on actual platform	2026-10-08T11:44:41.6150900Z     "013-stderr.log": "e3b0c44298fc1c149afbf4c8996fb92427ae41e4649b934ca495991b7852b855",
native (macos-15, darwin-arm64)	Execute official pinned binary on actual platform	2026-10-08T11:44:41.6151450Z     "013-stdout.log": "05a0254bf621f2c5607ace0e81c83d283b2c27685a1169e3ee97d808b0b72886",
native (macos-15, darwin-arm64)	Execute official pinned binary on actual platform	2026-10-08T11:44:41.6151910Z     "014-call.json": "6aae8f53f51fa338f5f9cd643a34f0848df2d1e5a45a8b7cd46a75f460702948",
native (macos-15, darwin-arm64)	Execute official pinned binary on actual platform	2026-10-08T11:44:41.6152390Z     "014-stderr.log": "30119bf52c54c09bc3e2f8d34f4eef1bdab3cf97e33e9acba8afacb5dc19376b",
native (macos-15, darwin-arm64)	Execute official pinned binary on actual platform	2026-10-08T11:44:41.6153000Z     "014-stdout.log": "e3b0c44298fc1c149afbf4c8996fb92427ae41e4649b934ca495991b7852b855",
native (macos-15, darwin-arm64)	Execute official pinned binary on actual platform	2026-10-08T11:44:41.6153470Z     "015-call.json": "76d9ecaf683afe175f8ae2947f12d5d4944093d464133f592efbdda3c29b47f9",
native (macos-15, darwin-arm64)	Execute official pinned binary on actual platform	2026-10-08T11:44:41.6154290Z     "015-stderr.log": "e3b0c44298fc1c149afbf4c8996fb92427ae41e4649b934ca495991b7852b855",
native (macos-15, darwin-arm64)	Execute official pinned binary on actual platform	2026-10-08T11:44:41.6154800Z     "015-stdout.log": "11386c78201a0bda14379d7c41646aa84983718cac68b173d4b88da160730075",
native (macos-15, darwin-arm64)	Execute official pinned binary on actual platform	2026-10-08T11:44:41.6155420Z     "016-call.json": "cbda547e7072db4ab2bded11d82afd67a637eb76ea3072bbc37230397df32d1f",
native (macos-15, darwin-arm64)	Execute official pinned binary on actual platform	2026-10-08T11:44:41.6156070Z     "016-stderr.log": "e3b0c44298fc1c149afbf4c8996fb92427ae41e4649b934ca495991b7852b855",
native (macos-15, darwin-arm64)	Execute official pinned binary on actual platform	2026-10-08T11:44:41.6156620Z     "016-stdout.log": "57f6d9f411c12d01e605d4e0e31c86db2f6d15d09442556c49fa93d8727aaf8e",
native (macos-15, darwin-arm64)	Execute official pinned binary on actual platform	2026-10-08T11:44:41.6157100Z     "017-call.json": "ff3c59a7d2e79bd165ab72fdd6dd94402c456b3a432df15b0eaf3cd4be48874d",
native (macos-15, darwin-arm64)	Execute official pinned binary on actual platform	2026-10-08T11:44:41.6157770Z     "017-stderr.log": "e3b0c44298fc1c149afbf4c8996fb92427ae41e4649b934ca495991b7852b855",
native (macos-15, darwin-arm64)	Execute official pinned binary on actual platform	2026-10-08T11:44:41.6158360Z     "017-stdout.log": "1a04a191ace245e98cc7421a421c6dc44d0237a6d3e2d591272e8eb36e84dd0b",
native (macos-15, darwin-arm64)	Execute official pinned binary on actual platform	2026-10-08T11:44:41.6224000Z     "018-call.json": "f0f299117363555ac4bdead9334d42ccf09d98ae3735adaaa633e981c879433b",
native (macos-15, darwin-arm64)	Execute official pinned binary on actual platform	2026-10-08T11:44:41.6224860Z     "018-stderr.log": "e3b0c44298fc1c149afbf4c8996fb92427ae41e4649b934ca495991b7852b855",
native (macos-15, darwin-arm64)	Execute official pinned binary on actual platform	2026-10-08T11:44:41.6225400Z     "018-stdout.log": "86696a16aacf0f57f3bb129451d6fc4beeb518901609ed93dab29339eec83057",
native (macos-15, darwin-arm64)	Execute official pinned binary on actual platform	2026-10-08T11:44:41.6225950Z     "019-call.json": "88483a391fe345a123b4ae66962a6237f65b15cfc68fa1b5e8aa226282860f87",
native (macos-15, darwin-arm64)	Execute official pinned binary on actual platform	2026-10-08T11:44:41.6226490Z     "019-stderr.log": "e3b0c44298fc1c149afbf4c8996fb92427ae41e4649b934ca495991b7852b855",
native (macos-15, darwin-arm64)	Execute official pinned binary on actual platform	2026-10-08T11:44:41.6227040Z     "019-stdout.log": "05a0254bf621f2c5607ace0e81c83d283b2c27685a1169e3ee97d808b0b72886",
native (macos-15, darwin-arm64)	Execute official pinned binary on actual platform	2026-10-08T11:44:41.6227520Z     "020-call.json": "a71d7bb29b0cab26159f6486b210713db9df9f87725bbae878266ce117961e3d",
native (macos-15, darwin-arm64)	Execute official pinned binary on actual platform	2026-10-08T11:44:41.6228960Z     "020-stderr.log": "2d011927f27fa972e4e451dbf56174bb05571235315da99618151b138d2f2ce6",
native (macos-15, darwin-arm64)	Execute official pinned binary on actual platform	2026-10-08T11:44:41.6229450Z     "020-stdout.log": "e3b0c44298fc1c149afbf4c8996fb92427ae41e4649b934ca495991b7852b855",
native (macos-15, darwin-arm64)	Execute official pinned binary on actual platform	2026-10-08T11:44:41.6229990Z     "021-call.json": "465d88c5b625a3dd6c91f2deaf1f77d88820e71e9e37cdcb932f090411ca6523",
native (macos-15, darwin-arm64)	Execute official pinned binary on actual platform	2026-10-08T11:44:41.6230480Z     "021-stderr.log": "e3b0c44298fc1c149afbf4c8996fb92427ae41e4649b934ca495991b7852b855",
native (macos-15, darwin-arm64)	Execute official pinned binary on actual platform	2026-10-08T11:44:41.6230950Z     "021-stdout.log": "50fe6d0c7ff119bef31749c28eb66cb3711aa87cd0d79fd9e45a3290cb8ab55c",
native (macos-15, darwin-arm64)	Execute official pinned binary on actual platform	2026-10-08T11:44:41.6231430Z     "022-call.json": "6b1932adb41c2710c5573efa308a2fd338a2026248d58f7ebf7b83b18fb4f706",
native (macos-15, darwin-arm64)	Execute official pinned binary on actual platform	2026-10-08T11:44:41.6231900Z     "022-stderr.log": "e3b0c44298fc1c149afbf4c8996fb92427ae41e4649b934ca495991b7852b855",
native (macos-15, darwin-arm64)	Execute official pinned binary on actual platform	2026-10-08T11:44:41.6232430Z     "022-stdout.log": "593eb16125aec2999d9e6b130fb5cc7c517aa7976c7931221c75ea8b5b8d583f",
native (macos-15, darwin-arm64)	Execute official pinned binary on actual platform	2026-10-08T11:44:41.6232900Z     "023-call.json": "b19019d1506086d339598a6631cfa882b22b340f20f7e40e536c9b08ae325890",
native (macos-15, darwin-arm64)	Execute official pinned binary on actual platform	2026-10-08T11:44:41.6233620Z     "023-stderr.log": "e3b0c44298fc1c149afbf4c8996fb92427ae41e4649b934ca495991b7852b855",
native (macos-15, darwin-arm64)	Execute official pinned binary on actual platform	2026-10-08T11:44:41.6234100Z     "023-stdout.log": "3f0aa56e4cb3583192313183b85c05446e87a5a097ab85c5d5292daee932338c",
native (macos-15, darwin-arm64)	Execute official pinned binary on actual platform	2026-10-08T11:44:41.6234560Z     "024-call.json": "282dc4a6b142b6b7674249a91bd16336ae325060ae13301349aeb04f7f51322d",
native (macos-15, darwin-arm64)	Execute official pinned binary on actual platform	2026-10-08T11:44:41.6235120Z     "024-stderr.log": "e3b0c44298fc1c149afbf4c8996fb92427ae41e4649b934ca495991b7852b855",
native (macos-15, darwin-arm64)	Execute official pinned binary on actual platform	2026-10-08T11:44:41.6235590Z     "024-stdout.log": "33343d8e3983017124cdc4cddc1e91d1f4a53f393adaa8d0155ed1f27ce1186e",
native (macos-15, darwin-arm64)	Execute official pinned binary on actual platform	2026-10-08T11:44:41.6236060Z     "025-call.json": "1c24eb595b34f5feb8f15717bc38199603f123ea75008b047af8add945f39be2",
native (macos-15, darwin-arm64)	Execute official pinned binary on actual platform	2026-10-08T11:44:41.6236520Z     "025-stderr.log": "34ac5348f085f60e7679f8b5b75b9ac38ffdad55aef5c0366810f22e5274b063",
native (macos-15, darwin-arm64)	Execute official pinned binary on actual platform	2026-10-08T11:44:41.6236980Z     "025-stdout.log": "e3b0c44298fc1c149afbf4c8996fb92427ae41e4649b934ca495991b7852b855",
native (macos-15, darwin-arm64)	Execute official pinned binary on actual platform	2026-10-08T11:44:41.6237440Z     "026-call.json": "ab0e8eee5b303437e78c8d7fd085104399acbfe298191ad89b2f69250478ec7b",
native (macos-15, darwin-arm64)	Execute official pinned binary on actual platform	2026-10-08T11:44:41.6237930Z     "026-stderr.log": "e3b0c44298fc1c149afbf4c8996fb92427ae41e4649b934ca495991b7852b855",
native (macos-15, darwin-arm64)	Execute official pinned binary on actual platform	2026-10-08T11:44:41.6238390Z     "026-stdout.log": "1782005dd98370f6d5796e83851ff904f173bace60493b7594b0923afe1a1f5b",
native (macos-15, darwin-arm64)	Execute official pinned binary on actual platform	2026-10-08T11:44:41.6238850Z     "027-call.json": "0c79812571a6ac9be5ad54a898d115f9e5fe56b3439a9e4b2f3070e51e8aa467",
native (macos-15, darwin-arm64)	Execute official pinned binary on actual platform	2026-10-08T11:44:41.6239310Z     "027-stderr.log": "e3b0c44298fc1c149afbf4c8996fb92427ae41e4649b934ca495991b7852b855",
native (macos-15, darwin-arm64)	Execute official pinned binary on actual platform	2026-10-08T11:44:41.6239780Z     "027-stdout.log": "61e3af4bd46e95733098bd9c3692dca56931325cd853ccc504db1245d3805851",
native (macos-15, darwin-arm64)	Execute official pinned binary on actual platform	2026-10-08T11:44:41.6240240Z     "028-call.json": "067f138078d6aeea350231a11730e1bc78775c6f5ca89ffc7e8f9854cfbd09cf",
native (macos-15, darwin-arm64)	Execute official pinned binary on actual platform	2026-10-08T11:44:41.6240710Z     "028-stderr.log": "e3b0c44298fc1c149afbf4c8996fb92427ae41e4649b934ca495991b7852b855",
native (macos-15, darwin-arm64)	Execute official pinned binary on actual platform	2026-10-08T11:44:41.6241180Z     "028-stdout.log": "01ba4719c80b6fe911b091a7c05124b64eeece964e09c058ef8f9805daca546b",
native (macos-15, darwin-arm64)	Execute official pinned binary on actual platform	2026-10-08T11:44:41.6242650Z     "029-call.json": "8f935becaf1f69963dbdf2024f918973c648a1a5a4e1d654f5d7cef37ffdc1fa",
native (macos-15, darwin-arm64)	Execute official pinned binary on actual platform	2026-10-08T11:44:41.6244270Z     "029-stderr.log": "e3b0c44298fc1c149afbf4c8996fb92427ae41e4649b934ca495991b7852b855",
native (macos-15, darwin-arm64)	Execute official pinned binary on actual platform	2026-10-08T11:44:41.6245600Z     "029-stdout.log": "e30587fb2e0ada6dee54394de23b03196baa4a6e88fff5a59c95211301845394",
native (macos-15, darwin-arm64)	Execute official pinned binary on actual platform	2026-10-08T11:44:41.6246860Z     "030-call.json": "6b3ba1feb38128214012bab1c61124ea23ec98d870b55524d788ddc85ef4cc10",
native (macos-15, darwin-arm64)	Execute official pinned binary on actual platform	2026-10-08T11:44:41.6248130Z     "030-stderr.log": "e3b0c44298fc1c149afbf4c8996fb92427ae41e4649b934ca495991b7852b855",
native (macos-15, darwin-arm64)	Execute official pinned binary on actual platform	2026-10-08T11:44:41.6249410Z     "030-stdout.log": "05a0254bf621f2c5607ace0e81c83d283b2c27685a1169e3ee97d808b0b72886",
native (macos-15, darwin-arm64)	Execute official pinned binary on actual platform	2026-10-08T11:44:41.6250710Z     "031-call.json": "9cdde18e30875377d6fc43139ec7784d04bdfafe5fd354b76ee599bca9f9cc3f",
native (macos-15, darwin-arm64)	Execute official pinned binary on actual platform	2026-10-08T11:44:41.6251950Z     "031-stderr.log": "e3b0c44298fc1c149afbf4c8996fb92427ae41e4649b934ca495991b7852b855",
native (macos-15, darwin-arm64)	Execute official pinned binary on actual platform	2026-10-08T11:44:41.6253220Z     "031-stdout.log": "3dbf2ce3dc127fabc7b7add11fba183b7df5841e69a975a966d03be0e3200e3a",
native (macos-15, darwin-arm64)	Execute official pinned binary on actual platform	2026-10-08T11:44:41.6255180Z     "032-call.json": "014924148b8c745a22793a2670cf35713d040732ae8f1ffc0213fb81e1ee8827",
native (macos-15, darwin-arm64)	Execute official pinned binary on actual platform	2026-10-08T11:44:41.6255660Z     "032-stderr.log": "333ac5bedf7925947f46684ea6025e2151af2b5ba6189db41de728f18290c57a",
native (macos-15, darwin-arm64)	Execute official pinned binary on actual platform	2026-10-08T11:44:41.6256150Z     "032-stdout.log": "e3b0c44298fc1c149afbf4c8996fb92427ae41e4649b934ca495991b7852b855",
native (macos-15, darwin-arm64)	Execute official pinned binary on actual platform	2026-10-08T11:44:41.6256610Z     "crop.json": "e951c9c1db0cddc21f3fd49c38d38bc3aac6b7ba54cf640d53be7d5dac836fc1",
native (macos-15, darwin-arm64)	Execute official pinned binary on actual platform	2026-10-08T11:44:41.6257080Z     "crop.pam": "800e5debd6af3433e00f8d0661b056aba194e6399b6f6115cbf4c76a1e3d5a33",
native (macos-15, darwin-arm64)	Execute official pinned binary on actual platform	2026-10-08T11:44:41.6257520Z     "crop.pdf": "9476242a23946682a2783d0ac252863d7ea213c1f92b64125847b8170fff4f9b",
native (macos-15, darwin-arm64)	Execute official pinned binary on actual platform	2026-10-08T11:44:41.6257980Z     "form-reopen.json": "751df5d153a48ca7367b97c8e2640b60929e52dc90b80644e0045966c101c28a",
native (macos-15, darwin-arm64)	Execute official pinned binary on actual platform	2026-10-08T11:44:41.6258440Z     "form.json": "b6e66f92767ced592a7e6c08297a7c2fe1502f398631379af4dfa7ea3138c481",
native (macos-15, darwin-arm64)	Execute official pinned binary on actual platform	2026-10-08T11:44:41.6258900Z     "form.pdf": "fae87247b9dfadcfb71d79c49f507f3c519624e47ff70dcd847b2fc1f526e2d4",
native (macos-15, darwin-arm64)	Execute official pinned binary on actual platform	2026-10-08T11:44:41.6259610Z     "ocr-english.json": "92b191f5675799365a2911a38d967c2fbae3d3e85e7aec1e71280a8a839c8b89",
native (macos-15, darwin-arm64)	Execute official pinned binary on actual platform	2026-10-08T11:44:41.6260130Z     "ocr-english.pam": "6db18d931d460ff50a4536ca589428ff9e7aadeb2f534bde9f96ae5521ea8f21",
native (macos-15, darwin-arm64)	Execute official pinned binary on actual platform	2026-10-08T11:44:41.6260720Z     "ocr-english.pdf": "9c41310e2ca625201da35f17b0e83408b5313208f569fcab3428473be33f6269",
native (macos-15, darwin-arm64)	Execute official pinned binary on actual platform	2026-10-08T11:44:41.6261230Z     "ocr-model-status.json": "c1e2272eb0b04dd03cde92ae4387f987210b9598f98183d3bf1624ff0a25b24e",
native (macos-15, darwin-arm64)	Execute official pinned binary on actual platform	2026-10-08T11:44:41.6261730Z     "ocr-status.json": "c1e2272eb0b04dd03cde92ae4387f987210b9598f98183d3bf1624ff0a25b24e",
native (macos-15, darwin-arm64)	Execute official pinned binary on actual platform	2026-10-08T11:44:41.6262200Z     "redact.json": "c1e72e7c1e692da374eb2e50023b0bc6c30df6a15ac53b1c632361eb1e643df2",
native (macos-15, darwin-arm64)	Execute official pinned binary on actual platform	2026-10-08T11:44:41.6262670Z     "redacted.pam": "91986fe8ceef5be0c48e7fd3613c9d3d8985018c621e5932e99d71191a20c7c9",
native (macos-15, darwin-arm64)	Execute official pinned binary on actual platform	2026-10-08T11:44:41.6263140Z     "redacted.pdf": "401f0f8041b39fd479c77f96c4bbe6696b4881a8d5868087a6c6411401611bfb",
native (macos-15, darwin-arm64)	Execute official pinned binary on actual platform	2026-10-08T11:44:41.6263610Z     "reorder.json": "d73e62bcf276cf944288ed61fa08418956f28ee0fc654c849e7115dfecfbed55",
native (macos-15, darwin-arm64)	Execute official pinned binary on actual platform	2026-10-08T11:44:41.6264070Z     "reorder.pam": "6db18d931d460ff50a4536ca589428ff9e7aadeb2f534bde9f96ae5521ea8f21",
native (macos-15, darwin-arm64)	Execute official pinned binary on actual platform	2026-10-08T11:44:41.6265230Z     "reorder.pdf": "0706ca96bf4632e3cab0ffb9045ab9e1421f3803cc5402388ab9a71ab0538c7a",
native (macos-15, darwin-arm64)	Execute official pinned binary on actual platform	2026-10-08T11:44:41.6266620Z     "rotate.json": "63e3286f708aa71b9b2525c937b5a7929073e7f549f001337cb81f3054b377ba",
native (macos-15, darwin-arm64)	Execute official pinned binary on actual platform	2026-10-08T11:44:41.6267150Z     "rotate.pam": "6c8181dcc97ff857c58fb82b0409fbc8841793cb9fb0b348df5919555968d91e",
native (macos-15, darwin-arm64)	Execute official pinned binary on actual platform	2026-10-08T11:44:41.6267610Z     "rotate.pdf": "cd0d834701dbafbee8248140a853b32d4ee3e8a179f286d604dda89659a7018f",
native (macos-15, darwin-arm64)	Execute official pinned binary on actual platform	2026-10-08T11:44:41.6268180Z     "scan-english.pdf": "c244d838826a97532fa94f6c865ab46c8ae7d91713106ecabe8eb4844d33dddb",
native (macos-15, darwin-arm64)	Execute official pinned binary on actual platform	2026-10-08T11:44:41.6268670Z     "source.pdf": "9d035b63e05cfeb06b0985db1582f14185f99931a51eda69718764e91fdc0a0a",
native (macos-15, darwin-arm64)	Execute official pinned binary on actual platform	2026-10-08T11:44:41.6269120Z     "tools.json": "8ddb81c0382bacbdebf8ffdf242ec795135abc0a7723eebbe3b14123de64bea1"
native (macos-15, darwin-arm64)	Execute official pinned binary on actual platform	2026-10-08T11:44:41.6269470Z   },
native (macos-15, darwin-arm64)	Execute official pinned binary on actual platform	2026-10-08T11:44:41.6269640Z   "finishedAt": "2026-10-08T11:44:41.579596+00:00"
native (macos-15, darwin-arm64)	Execute official pinned binary on actual platform	2026-10-08T11:44:41.6269860Z }
native (macos-15, darwin-arm64)	Preserve native observations even on failure	﻿2026-10-08T11:44:41.6353340Z ##[group]Run actions/upload-artifact@v4
native (macos-15, darwin-arm64)	Preserve native observations even on failure	2026-10-08T11:44:41.6353670Z with:
native (macos-15, darwin-arm64)	Preserve native observations even on failure	2026-10-08T11:44:41.6353870Z   name: native-darwin-arm64-37772042337
native (macos-15, darwin-arm64)	Preserve native observations even on failure	2026-10-08T11:44:41.6354260Z   path: native-evidence/*.json
native (macos-15, darwin-arm64)	Preserve native observations even on failure	native-evidence/*.log
native (macos-15, darwin-arm64)	Preserve native observations even on failure	native-evidence/*.pdf
native (macos-15, darwin-arm64)	Preserve native observations even on failure	native-evidence/*.pam
native (macos-15, darwin-arm64)	Preserve native observations even on failure	
native (macos-15, darwin-arm64)	Preserve native observations even on failure	2026-10-08T11:44:41.6354650Z   if-no-files-found: error
native (macos-15, darwin-arm64)	Preserve native observations even on failure	2026-10-08T11:44:41.6354830Z   compression-level: 6
native (macos-15, darwin-arm64)	Preserve native observations even on failure	2026-10-08T11:44:41.6355000Z   overwrite: false
native (macos-15, darwin-arm64)	Preserve native observations even on failure	2026-10-08T11:44:41.6355170Z   include-hidden-files: false
native (macos-15, darwin-arm64)	Preserve native observations even on failure	2026-10-08T11:44:41.6355360Z env:
native (macos-15, darwin-arm64)	Preserve native observations even on failure	2026-10-08T11:44:41.6356090Z   pythonLocation: /Users/runner/hostedtoolcache/Python/3.13.15/arm64
native (macos-15, darwin-arm64)	Preserve native observations even on failure	2026-10-08T11:44:41.6356540Z   PKG_CONFIG_PATH: /Users/runner/hostedtoolcache/Python/3.13.15/arm64/lib/pkgconfig
native (macos-15, darwin-arm64)	Preserve native observations even on failure	2026-10-08T11:44:41.6356960Z   Python_ROOT_DIR: /Users/runner/hostedtoolcache/Python/3.13.15/arm64
native (macos-15, darwin-arm64)	Preserve native observations even on failure	2026-10-08T11:44:41.6357630Z   Python2_ROOT_DIR: /Users/runner/hostedtoolcache/Python/3.13.15/arm64
native (macos-15, darwin-arm64)	Preserve native observations even on failure	2026-10-08T11:44:41.6358040Z   Python3_ROOT_DIR: /Users/runner/hostedtoolcache/Python/3.13.15/arm64
native (macos-15, darwin-arm64)	Preserve native observations even on failure	2026-10-08T11:44:41.6358360Z ##[endgroup]
native (macos-15, darwin-arm64)	Preserve native observations even on failure	2026-10-08T11:44:41.8507720Z (node:1213) [DEP0040] DeprecationWarning: The `punycode` module is deprecated. Please use a userland alternative instead.
native (macos-15, darwin-arm64)	Preserve native observations even on failure	2026-10-08T11:44:41.8509880Z (Use `node --trace-deprecation ...` to show where the warning was created)
native (macos-15, darwin-arm64)	Preserve native observations even on failure	2026-10-08T11:44:41.8828980Z With the provided path, there will be 120 files uploaded
native (macos-15, darwin-arm64)	Preserve native observations even on failure	2026-10-08T11:44:41.8829750Z Artifact name is valid!
native (macos-15, darwin-arm64)	Preserve native observations even on failure	2026-10-08T11:44:41.8830000Z Root directory input is valid!
native (macos-15, darwin-arm64)	Preserve native observations even on failure	2026-10-08T11:44:42.4246000Z Beginning upload of artifact content to blob storage
native (macos-15, darwin-arm64)	Preserve native observations even on failure	2026-10-08T11:44:42.6006640Z (node:1213) [DEP0169] DeprecationWarning: `url.parse()` behavior is not standardized and prone to errors that have security implications. Use the WHATWG URL API instead. CVEs are not issued for `url.parse()` vulnerabilities.
native (macos-15, darwin-arm64)	Preserve native observations even on failure	2026-10-08T11:44:43.1094770Z Uploaded bytes 113759
native (macos-15, darwin-arm64)	Preserve native observations even on failure	2026-10-08T11:44:43.1942370Z Finished uploading artifact content to blob storage!
native (macos-15, darwin-arm64)	Preserve native observations even on failure	2026-10-08T11:44:43.1971620Z SHA256 digest of uploaded artifact zip is 922f2258011844c18998793e73704653445f4317ee5d86922bff010047d386f7
native (macos-15, darwin-arm64)	Preserve native observations even on failure	2026-10-08T11:44:43.1986970Z Finalizing artifact upload
native (macos-15, darwin-arm64)	Preserve native observations even on failure	2026-10-08T11:44:43.5824230Z Artifact native-darwin-arm64-37772042337.zip successfully finalized. Artifact ID 11548222709
native (macos-15, darwin-arm64)	Preserve native observations even on failure	2026-10-08T11:44:43.5839590Z Artifact native-darwin-arm64-37772042337 has been successfully uploaded! Final size is 113759 bytes. Artifact ID is 11548222709
native (macos-15, darwin-arm64)	Preserve native observations even on failure	2026-10-08T11:44:43.5840790Z Artifact download URL: https://github.com/full-aigc-skills/printcraft-skills/actions/runs/37772042337/artifacts/11548222709
native (macos-15, darwin-arm64)	Post Run actions/setup-python@v5	﻿2026-10-08T11:44:43.6006270Z Post job cleanup.
native (macos-15, darwin-arm64)	Post Run actions/setup-python@v5	2026-10-08T11:44:43.7522860Z (node:1219) [DEP0040] DeprecationWarning: The `punycode` module is deprecated. Please use a userland alternative instead.
native (macos-15, darwin-arm64)	Post Run actions/setup-python@v5	2026-10-08T11:44:43.7530270Z (Use `node --trace-deprecation ...` to show where the warning was created)
native (macos-15, darwin-arm64)	Post Run actions/checkout@v4	﻿2026-10-08T11:44:43.7682530Z Post job cleanup.
native (macos-15, darwin-arm64)	Post Run actions/checkout@v4	2026-10-08T11:44:43.8742790Z [command]/opt/homebrew/bin/git version
native (macos-15, darwin-arm64)	Post Run actions/checkout@v4	2026-10-08T11:44:43.8852820Z git version 2.55.0
native (macos-15, darwin-arm64)	Post Run actions/checkout@v4	2026-10-08T11:44:43.8901290Z Copying '/Users/runner/.gitconfig' to '/Users/runner/work/_temp/81ebb22a-761e-4109-a6f9-1d45759930d6/.gitconfig'
native (macos-15, darwin-arm64)	Post Run actions/checkout@v4	2026-10-08T11:44:43.8913000Z Temporarily overriding HOME='/Users/runner/work/_temp/81ebb22a-761e-4109-a6f9-1d45759930d6' before making global git config changes
native (macos-15, darwin-arm64)	Post Run actions/checkout@v4	2026-10-08T11:44:43.9036150Z Adding repository directory to the temporary git global config as a safe directory
native (macos-15, darwin-arm64)	Post Run actions/checkout@v4	2026-10-08T11:44:43.9052710Z [command]/opt/homebrew/bin/git config --global --add safe.directory /Users/runner/work/printcraft-skills/printcraft-skills
native (macos-15, darwin-arm64)	Post Run actions/checkout@v4	2026-10-08T11:44:43.9074150Z [command]/opt/homebrew/bin/git config --local --name-only --get-regexp core\.sshCommand
native (macos-15, darwin-arm64)	Post Run actions/checkout@v4	2026-10-08T11:44:43.9155560Z [command]/opt/homebrew/bin/git submodule foreach --recursive sh -c "git config --local --name-only --get-regexp 'core\.sshCommand' && git config --local --unset-all 'core.sshCommand' || :"
native (macos-15, darwin-arm64)	Post Run actions/checkout@v4	2026-10-08T11:44:44.0594170Z [command]/opt/homebrew/bin/git config --local --name-only --get-regexp http\.https\:\/\/github\.com\/\.extraheader
native (macos-15, darwin-arm64)	Post Run actions/checkout@v4	2026-10-08T11:44:44.0708270Z http.https://github.com/.extraheader
native (macos-15, darwin-arm64)	Post Run actions/checkout@v4	2026-10-08T11:44:44.0865790Z [command]/opt/homebrew/bin/git config --local --unset-all http.https://github.com/.extraheader
native (macos-15, darwin-arm64)	Post Run actions/checkout@v4	2026-10-08T11:44:44.0930320Z [command]/opt/homebrew/bin/git submodule foreach --recursive sh -c "git config --local --name-only --get-regexp 'http\.https\:\/\/github\.com\/\.extraheader' && git config --local --unset-all 'http.https://github.com/.extraheader' || :"
native (macos-15, darwin-arm64)	Post Run actions/checkout@v4	2026-10-08T11:44:44.1795210Z [command]/opt/homebrew/bin/git config --local --name-only --get-regexp ^includeIf\.gitdir:
native (macos-15, darwin-arm64)	Post Run actions/checkout@v4	2026-10-08T11:44:44.1856460Z [command]/opt/homebrew/bin/git submodule foreach --recursive git config --local --show-origin --name-only --get-regexp remote.origin.url
native (macos-15, darwin-arm64)	Complete job	﻿2026-10-08T11:44:44.2818880Z Cleaning up orphan processes
native (macos-15, darwin-arm64)	Complete job	2026-10-08T11:44:44.3144460Z ##[warning]Node.js 20 is deprecated. The following actions target Node.js 20 but are being forced to run on Node.js 24: actions/checkout@v4, actions/setup-python@v5, actions/upload-artifact@v4. For more information see: https://github.blog/changelog/2025-09-19-deprecation-of-node-20-on-github-actions-runners/
native (ubuntu-24.04-arm, linux-arm64)	Set up job	﻿2026-10-08T11:44:30.0770311Z Current runner version: '2.337.0'
native (ubuntu-24.04-arm, linux-arm64)	Set up job	2026-10-08T11:44:30.0799274Z ##[group]Runner Image Provisioner
native (ubuntu-24.04-arm, linux-arm64)	Set up job	2026-10-08T11:44:30.0800668Z Hosted Compute Agent
native (ubuntu-24.04-arm, linux-arm64)	Set up job	2026-10-08T11:44:30.0801436Z Version: 20261002.596
native (ubuntu-24.04-arm, linux-arm64)	Set up job	2026-10-08T11:44:30.0802138Z Commit: c3d12f3313a95f25162a1503be624f3b0617f8c0
native (ubuntu-24.04-arm, linux-arm64)	Set up job	2026-10-08T11:44:30.0802958Z Build Date: 2026-10-02T22:28:27Z
native (ubuntu-24.04-arm, linux-arm64)	Set up job	2026-10-08T11:44:30.0803723Z Worker ID: {4b69ef71-3a2a-4dc4-85f0-962bbe19eecc}
native (ubuntu-24.04-arm, linux-arm64)	Set up job	2026-10-08T11:44:30.0804473Z Region: northcentralus
native (ubuntu-24.04-arm, linux-arm64)	Set up job	2026-10-08T11:44:30.0805134Z Cloud: Azure
native (ubuntu-24.04-arm, linux-arm64)	Set up job	2026-10-08T11:44:30.0805694Z ##[endgroup]
native (ubuntu-24.04-arm, linux-arm64)	Set up job	2026-10-08T11:44:30.0807530Z ##[group]Operating System
native (ubuntu-24.04-arm, linux-arm64)	Set up job	2026-10-08T11:44:30.0808351Z Ubuntu
native (ubuntu-24.04-arm, linux-arm64)	Set up job	2026-10-08T11:44:30.0808873Z 24.04.5
native (ubuntu-24.04-arm, linux-arm64)	Set up job	2026-10-08T11:44:30.0809458Z LTS
native (ubuntu-24.04-arm, linux-arm64)	Set up job	2026-10-08T11:44:30.0810388Z ##[endgroup]
native (ubuntu-24.04-arm, linux-arm64)	Set up job	2026-10-08T11:44:30.0811023Z ##[group]Runner Image
native (ubuntu-24.04-arm, linux-arm64)	Set up job	2026-10-08T11:44:30.0811750Z Image: ubuntu-24.04-arm
native (ubuntu-24.04-arm, linux-arm64)	Set up job	2026-10-08T11:44:30.0812511Z Version: 20261004.142.1
native (ubuntu-24.04-arm, linux-arm64)	Set up job	2026-10-08T11:44:30.0813679Z Included Software: https://github.com/actions/runner-images/blob/ubuntu24-arm64/20261004.142/images/ubuntu/Ubuntu2404-Arm64-Readme.md
native (ubuntu-24.04-arm, linux-arm64)	Set up job	2026-10-08T11:44:30.0815593Z Image Release: https://github.com/actions/runner-images/releases/tag/ubuntu24-arm64%2F20261004.142
native (ubuntu-24.04-arm, linux-arm64)	Set up job	2026-10-08T11:44:30.0816664Z ##[endgroup]
native (ubuntu-24.04-arm, linux-arm64)	Set up job	2026-10-08T11:44:30.0817810Z ##[group]GITHUB_TOKEN Permissions
native (ubuntu-24.04-arm, linux-arm64)	Set up job	2026-10-08T11:44:30.0820751Z Contents: read
native (ubuntu-24.04-arm, linux-arm64)	Set up job	2026-10-08T11:44:30.0821462Z Metadata: read
native (ubuntu-24.04-arm, linux-arm64)	Set up job	2026-10-08T11:44:30.0822170Z ##[endgroup]
native (ubuntu-24.04-arm, linux-arm64)	Set up job	2026-10-08T11:44:30.0824936Z Secret source: Actions
native (ubuntu-24.04-arm, linux-arm64)	Set up job	2026-10-08T11:44:30.0826519Z Cache mode: write
native (ubuntu-24.04-arm, linux-arm64)	Set up job	2026-10-08T11:44:30.0827488Z Prepare workflow directory
native (ubuntu-24.04-arm, linux-arm64)	Set up job	2026-10-08T11:44:30.1190568Z Prepare all required actions
native (ubuntu-24.04-arm, linux-arm64)	Set up job	2026-10-08T11:44:30.1239099Z Getting action download info
native (ubuntu-24.04-arm, linux-arm64)	Set up job	2026-10-08T11:44:30.3649781Z Download action repository 'actions/checkout@v4' (SHA:11d5960a326750d5838078e36cf38b85af677262)
native (ubuntu-24.04-arm, linux-arm64)	Set up job	2026-10-08T11:44:30.4713324Z Download action repository 'actions/setup-python@v5' (SHA:a26af69be951a213d495a4c3e4e4022e16d87065)
native (ubuntu-24.04-arm, linux-arm64)	Set up job	2026-10-08T11:44:30.5866008Z Download action repository 'actions/upload-artifact@v4' (SHA:ea165f8d65b6e75b540449e92b4886f43607fa02)
native (ubuntu-24.04-arm, linux-arm64)	Set up job	2026-10-08T11:44:30.8195311Z Complete job name: native (ubuntu-24.04-arm, linux-arm64)
native (ubuntu-24.04-arm, linux-arm64)	Run actions/checkout@v4	﻿2026-10-08T11:44:30.9013563Z ##[group]Run actions/checkout@v4
native (ubuntu-24.04-arm, linux-arm64)	Run actions/checkout@v4	2026-10-08T11:44:30.9014866Z with:
native (ubuntu-24.04-arm, linux-arm64)	Run actions/checkout@v4	2026-10-08T11:44:30.9016099Z   repository: full-aigc-skills/printcraft-skills
native (ubuntu-24.04-arm, linux-arm64)	Run actions/checkout@v4	2026-10-08T11:44:30.9019854Z   token: ***
native (ubuntu-24.04-arm, linux-arm64)	Run actions/checkout@v4	2026-10-08T11:44:30.9020798Z   ssh-strict: true
native (ubuntu-24.04-arm, linux-arm64)	Run actions/checkout@v4	2026-10-08T11:44:30.9021351Z   ssh-user: git
native (ubuntu-24.04-arm, linux-arm64)	Run actions/checkout@v4	2026-10-08T11:44:30.9021881Z   persist-credentials: true
native (ubuntu-24.04-arm, linux-arm64)	Run actions/checkout@v4	2026-10-08T11:44:30.9022670Z   clean: true
native (ubuntu-24.04-arm, linux-arm64)	Run actions/checkout@v4	2026-10-08T11:44:30.9023243Z   sparse-checkout-cone-mode: true
native (ubuntu-24.04-arm, linux-arm64)	Run actions/checkout@v4	2026-10-08T11:44:30.9023918Z   fetch-depth: 1
native (ubuntu-24.04-arm, linux-arm64)	Run actions/checkout@v4	2026-10-08T11:44:30.9024483Z   fetch-tags: false
native (ubuntu-24.04-arm, linux-arm64)	Run actions/checkout@v4	2026-10-08T11:44:30.9025045Z   show-progress: true
native (ubuntu-24.04-arm, linux-arm64)	Run actions/checkout@v4	2026-10-08T11:44:30.9025698Z   lfs: false
native (ubuntu-24.04-arm, linux-arm64)	Run actions/checkout@v4	2026-10-08T11:44:30.9026216Z   submodules: false
native (ubuntu-24.04-arm, linux-arm64)	Run actions/checkout@v4	2026-10-08T11:44:30.9026813Z   set-safe-directory: true
native (ubuntu-24.04-arm, linux-arm64)	Run actions/checkout@v4	2026-10-08T11:44:30.9027462Z   allow-unsafe-pr-checkout: false
native (ubuntu-24.04-arm, linux-arm64)	Run actions/checkout@v4	2026-10-08T11:44:30.9028616Z ##[endgroup]
native (ubuntu-24.04-arm, linux-arm64)	Run actions/checkout@v4	2026-10-08T11:44:30.9899092Z Syncing repository: full-aigc-skills/printcraft-skills
native (ubuntu-24.04-arm, linux-arm64)	Run actions/checkout@v4	2026-10-08T11:44:30.9901918Z ##[group]Getting Git version info
native (ubuntu-24.04-arm, linux-arm64)	Run actions/checkout@v4	2026-10-08T11:44:30.9902942Z Working directory is '/home/runner/work/printcraft-skills/printcraft-skills'
native (ubuntu-24.04-arm, linux-arm64)	Run actions/checkout@v4	2026-10-08T11:44:30.9904603Z [command]/usr/bin/git version
native (ubuntu-24.04-arm, linux-arm64)	Run actions/checkout@v4	2026-10-08T11:44:30.9931331Z git version 2.55.0
native (ubuntu-24.04-arm, linux-arm64)	Run actions/checkout@v4	2026-10-08T11:44:30.9949035Z ##[endgroup]
native (ubuntu-24.04-arm, linux-arm64)	Run actions/checkout@v4	2026-10-08T11:44:30.9962955Z Temporarily overriding HOME='/home/runner/work/_temp/9566299a-72d3-4eff-8cce-bf6e660f0567' before making global git config changes
native (ubuntu-24.04-arm, linux-arm64)	Run actions/checkout@v4	2026-10-08T11:44:30.9964540Z Adding repository directory to the temporary git global config as a safe directory
native (ubuntu-24.04-arm, linux-arm64)	Run actions/checkout@v4	2026-10-08T11:44:30.9967250Z [command]/usr/bin/git config --global --add safe.directory /home/runner/work/printcraft-skills/printcraft-skills
native (ubuntu-24.04-arm, linux-arm64)	Run actions/checkout@v4	2026-10-08T11:44:30.9999521Z Deleting the contents of '/home/runner/work/printcraft-skills/printcraft-skills'
native (ubuntu-24.04-arm, linux-arm64)	Run actions/checkout@v4	2026-10-08T11:44:31.0004523Z ##[group]Initializing the repository
native (ubuntu-24.04-arm, linux-arm64)	Run actions/checkout@v4	2026-10-08T11:44:31.0008571Z [command]/usr/bin/git init /home/runner/work/printcraft-skills/printcraft-skills
native (ubuntu-24.04-arm, linux-arm64)	Run actions/checkout@v4	2026-10-08T11:44:31.0114510Z hint: Using 'master' as the name for the initial branch. This default branch name
native (ubuntu-24.04-arm, linux-arm64)	Run actions/checkout@v4	2026-10-08T11:44:31.0116055Z hint: will change to "main" in Git 3.0. To configure the initial branch name
native (ubuntu-24.04-arm, linux-arm64)	Run actions/checkout@v4	2026-10-08T11:44:31.0117215Z hint: to use in all of your new repositories, which will suppress this warning,
native (ubuntu-24.04-arm, linux-arm64)	Run actions/checkout@v4	2026-10-08T11:44:31.0118682Z hint: call:
native (ubuntu-24.04-arm, linux-arm64)	Run actions/checkout@v4	2026-10-08T11:44:31.0119560Z hint:
native (ubuntu-24.04-arm, linux-arm64)	Run actions/checkout@v4	2026-10-08T11:44:31.0120692Z hint: 	git config --global init.defaultBranch <name>
native (ubuntu-24.04-arm, linux-arm64)	Run actions/checkout@v4	2026-10-08T11:44:31.0121753Z hint:
native (ubuntu-24.04-arm, linux-arm64)	Run actions/checkout@v4	2026-10-08T11:44:31.0122832Z hint: Names commonly chosen instead of 'master' are 'main', 'trunk' and
native (ubuntu-24.04-arm, linux-arm64)	Run actions/checkout@v4	2026-10-08T11:44:31.0124174Z hint: 'development'. The just-created branch can be renamed via this command:
native (ubuntu-24.04-arm, linux-arm64)	Run actions/checkout@v4	2026-10-08T11:44:31.0125373Z hint:
native (ubuntu-24.04-arm, linux-arm64)	Run actions/checkout@v4	2026-10-08T11:44:31.0126267Z hint: 	git branch -m <name>
native (ubuntu-24.04-arm, linux-arm64)	Run actions/checkout@v4	2026-10-08T11:44:31.0127225Z hint:
native (ubuntu-24.04-arm, linux-arm64)	Run actions/checkout@v4	2026-10-08T11:44:31.0128660Z hint: Disable this message with "git config set advice.defaultBranchName false"
native (ubuntu-24.04-arm, linux-arm64)	Run actions/checkout@v4	2026-10-08T11:44:31.0130243Z Initialized empty Git repository in /home/runner/work/printcraft-skills/printcraft-skills/.git/
native (ubuntu-24.04-arm, linux-arm64)	Run actions/checkout@v4	2026-10-08T11:44:31.0132548Z [command]/usr/bin/git remote add origin https://github.com/full-aigc-skills/printcraft-skills
native (ubuntu-24.04-arm, linux-arm64)	Run actions/checkout@v4	2026-10-08T11:44:31.0163966Z ##[endgroup]
native (ubuntu-24.04-arm, linux-arm64)	Run actions/checkout@v4	2026-10-08T11:44:31.0165115Z ##[group]Disabling automatic garbage collection
native (ubuntu-24.04-arm, linux-arm64)	Run actions/checkout@v4	2026-10-08T11:44:31.0167146Z [command]/usr/bin/git config --local gc.auto 0
native (ubuntu-24.04-arm, linux-arm64)	Run actions/checkout@v4	2026-10-08T11:44:31.0194953Z ##[endgroup]
native (ubuntu-24.04-arm, linux-arm64)	Run actions/checkout@v4	2026-10-08T11:44:31.0196034Z ##[group]Setting up auth
native (ubuntu-24.04-arm, linux-arm64)	Run actions/checkout@v4	2026-10-08T11:44:31.0200797Z [command]/usr/bin/git config --local --name-only --get-regexp core\.sshCommand
native (ubuntu-24.04-arm, linux-arm64)	Run actions/checkout@v4	2026-10-08T11:44:31.0229755Z [command]/usr/bin/git submodule foreach --recursive sh -c "git config --local --name-only --get-regexp 'core\.sshCommand' && git config --local --unset-all 'core.sshCommand' || :"
native (ubuntu-24.04-arm, linux-arm64)	Run actions/checkout@v4	2026-10-08T11:44:31.0530423Z [command]/usr/bin/git config --local --name-only --get-regexp http\.https\:\/\/github\.com\/\.extraheader
native (ubuntu-24.04-arm, linux-arm64)	Run actions/checkout@v4	2026-10-08T11:44:31.0564558Z [command]/usr/bin/git submodule foreach --recursive sh -c "git config --local --name-only --get-regexp 'http\.https\:\/\/github\.com\/\.extraheader' && git config --local --unset-all 'http.https://github.com/.extraheader' || :"
native (ubuntu-24.04-arm, linux-arm64)	Run actions/checkout@v4	2026-10-08T11:44:31.0754421Z [command]/usr/bin/git config --local --name-only --get-regexp ^includeIf\.gitdir:
native (ubuntu-24.04-arm, linux-arm64)	Run actions/checkout@v4	2026-10-08T11:44:31.0784836Z [command]/usr/bin/git submodule foreach --recursive git config --local --show-origin --name-only --get-regexp remote.origin.url
native (ubuntu-24.04-arm, linux-arm64)	Run actions/checkout@v4	2026-10-08T11:44:31.0977544Z [command]/usr/bin/git config --local http.https://github.com/.extraheader AUTHORIZATION: basic ***
native (ubuntu-24.04-arm, linux-arm64)	Run actions/checkout@v4	2026-10-08T11:44:31.1014161Z ##[endgroup]
native (ubuntu-24.04-arm, linux-arm64)	Run actions/checkout@v4	2026-10-08T11:44:31.1022019Z ##[group]Fetching the repository
native (ubuntu-24.04-arm, linux-arm64)	Run actions/checkout@v4	2026-10-08T11:44:31.1023601Z [command]/usr/bin/git -c protocol.version=2 fetch --no-tags --prune --no-recurse-submodules --depth=1 origin +bad64e181e1b6b4e8d60e10cdb7623b6d2710d74:refs/remotes/origin/main
native (ubuntu-24.04-arm, linux-arm64)	Run actions/checkout@v4	2026-10-08T11:44:31.5704607Z From https://github.com/full-aigc-skills/printcraft-skills
native (ubuntu-24.04-arm, linux-arm64)	Run actions/checkout@v4	2026-10-08T11:44:31.5706152Z  * [new ref]         bad64e181e1b6b4e8d60e10cdb7623b6d2710d74 -> origin/main
native (ubuntu-24.04-arm, linux-arm64)	Run actions/checkout@v4	2026-10-08T11:44:31.5709793Z ##[endgroup]
native (ubuntu-24.04-arm, linux-arm64)	Run actions/checkout@v4	2026-10-08T11:44:31.5711638Z ##[group]Determining the checkout info
native (ubuntu-24.04-arm, linux-arm64)	Run actions/checkout@v4	2026-10-08T11:44:31.5713205Z ##[endgroup]
native (ubuntu-24.04-arm, linux-arm64)	Run actions/checkout@v4	2026-10-08T11:44:31.5715536Z [command]/usr/bin/git sparse-checkout disable
native (ubuntu-24.04-arm, linux-arm64)	Run actions/checkout@v4	2026-10-08T11:44:31.5755846Z [command]/usr/bin/git config --local --unset-all extensions.worktreeConfig
native (ubuntu-24.04-arm, linux-arm64)	Run actions/checkout@v4	2026-10-08T11:44:31.5784187Z ##[group]Checking out the ref
native (ubuntu-24.04-arm, linux-arm64)	Run actions/checkout@v4	2026-10-08T11:44:31.5786484Z [command]/usr/bin/git checkout --progress --force -B main refs/remotes/origin/main
native (ubuntu-24.04-arm, linux-arm64)	Run actions/checkout@v4	2026-10-08T11:44:31.5953791Z Switched to a new branch 'main'
native (ubuntu-24.04-arm, linux-arm64)	Run actions/checkout@v4	2026-10-08T11:44:31.5955878Z branch 'main' set up to track 'origin/main'.
native (ubuntu-24.04-arm, linux-arm64)	Run actions/checkout@v4	2026-10-08T11:44:31.5961134Z ##[endgroup]
native (ubuntu-24.04-arm, linux-arm64)	Run actions/checkout@v4	2026-10-08T11:44:31.5995941Z [command]/usr/bin/git log -1 --format=%H
native (ubuntu-24.04-arm, linux-arm64)	Run actions/checkout@v4	2026-10-08T11:44:31.6017603Z bad64e181e1b6b4e8d60e10cdb7623b6d2710d74
native (ubuntu-24.04-arm, linux-arm64)	Run actions/setup-python@v5	﻿2026-10-08T11:44:31.6383063Z ##[group]Run actions/setup-python@v5
native (ubuntu-24.04-arm, linux-arm64)	Run actions/setup-python@v5	2026-10-08T11:44:31.6384305Z with:
native (ubuntu-24.04-arm, linux-arm64)	Run actions/setup-python@v5	2026-10-08T11:44:31.6385550Z   python-version: 3.13
native (ubuntu-24.04-arm, linux-arm64)	Run actions/setup-python@v5	2026-10-08T11:44:31.6386460Z   check-latest: false
native (ubuntu-24.04-arm, linux-arm64)	Run actions/setup-python@v5	2026-10-08T11:44:31.6393985Z   token: ***
native (ubuntu-24.04-arm, linux-arm64)	Run actions/setup-python@v5	2026-10-08T11:44:31.6394957Z   update-environment: true
native (ubuntu-24.04-arm, linux-arm64)	Run actions/setup-python@v5	2026-10-08T11:44:31.6395915Z   allow-prereleases: false
native (ubuntu-24.04-arm, linux-arm64)	Run actions/setup-python@v5	2026-10-08T11:44:31.6396925Z   freethreaded: false
native (ubuntu-24.04-arm, linux-arm64)	Run actions/setup-python@v5	2026-10-08T11:44:31.6397786Z ##[endgroup]
native (ubuntu-24.04-arm, linux-arm64)	Run actions/setup-python@v5	2026-10-08T11:44:31.7528798Z ##[group]Installed versions
native (ubuntu-24.04-arm, linux-arm64)	Run actions/setup-python@v5	2026-10-08T11:44:31.7618597Z (node:2237) [DEP0040] DeprecationWarning: The `punycode` module is deprecated. Please use a userland alternative instead.
native (ubuntu-24.04-arm, linux-arm64)	Run actions/setup-python@v5	2026-10-08T11:44:31.7621723Z (Use `node --trace-deprecation ...` to show where the warning was created)
native (ubuntu-24.04-arm, linux-arm64)	Run actions/setup-python@v5	2026-10-08T11:44:31.7623202Z Successfully set up CPython (3.13.16)
native (ubuntu-24.04-arm, linux-arm64)	Run actions/setup-python@v5	2026-10-08T11:44:31.7625291Z ##[endgroup]
native (ubuntu-24.04-arm, linux-arm64)	Execute official pinned binary on actual platform	﻿2026-10-08T11:44:31.7818807Z ##[group]Run python -I -B tests/platform_acceptance.py --platform linux-arm64 --workdir native-evidence --with-english-models
native (ubuntu-24.04-arm, linux-arm64)	Execute official pinned binary on actual platform	2026-10-08T11:44:31.7822110Z ^[[36;1mpython -I -B tests/platform_acceptance.py --platform linux-arm64 --workdir native-evidence --with-english-models^[[0m
native (ubuntu-24.04-arm, linux-arm64)	Execute official pinned binary on actual platform	2026-10-08T11:44:31.8107255Z shell: /usr/bin/bash -e {0}
native (ubuntu-24.04-arm, linux-arm64)	Execute official pinned binary on actual platform	2026-10-08T11:44:31.8108311Z env:
native (ubuntu-24.04-arm, linux-arm64)	Execute official pinned binary on actual platform	2026-10-08T11:44:31.8109387Z   pythonLocation: /opt/hostedtoolcache/Python/3.13.16/arm64
native (ubuntu-24.04-arm, linux-arm64)	Execute official pinned binary on actual platform	2026-10-08T11:44:31.8111243Z   PKG_CONFIG_PATH: /opt/hostedtoolcache/Python/3.13.16/arm64/lib/pkgconfig
native (ubuntu-24.04-arm, linux-arm64)	Execute official pinned binary on actual platform	2026-10-08T11:44:31.8112682Z   Python_ROOT_DIR: /opt/hostedtoolcache/Python/3.13.16/arm64
native (ubuntu-24.04-arm, linux-arm64)	Execute official pinned binary on actual platform	2026-10-08T11:44:31.8114065Z   Python2_ROOT_DIR: /opt/hostedtoolcache/Python/3.13.16/arm64
native (ubuntu-24.04-arm, linux-arm64)	Execute official pinned binary on actual platform	2026-10-08T11:44:31.8115433Z   Python3_ROOT_DIR: /opt/hostedtoolcache/Python/3.13.16/arm64
native (ubuntu-24.04-arm, linux-arm64)	Execute official pinned binary on actual platform	2026-10-08T11:44:31.8116840Z   LD_LIBRARY_PATH: /opt/hostedtoolcache/Python/3.13.16/arm64/lib
native (ubuntu-24.04-arm, linux-arm64)	Execute official pinned binary on actual platform	2026-10-08T11:44:31.8118058Z ##[endgroup]
native (ubuntu-24.04-arm, linux-arm64)	Execute official pinned binary on actual platform	2026-10-08T11:44:35.3241620Z {
native (ubuntu-24.04-arm, linux-arm64)	Execute official pinned binary on actual platform	2026-10-08T11:44:35.3243227Z   "contract": "printcraft.native-platform-evidence/1",
native (ubuntu-24.04-arm, linux-arm64)	Execute official pinned binary on actual platform	2026-10-08T11:44:35.3243736Z   "platform": "linux-arm64",
native (ubuntu-24.04-arm, linux-arm64)	Execute official pinned binary on actual platform	2026-10-08T11:44:35.3244294Z   "sourceCommit": "bad64e181e1b6b4e8d60e10cdb7623b6d2710d74",
native (ubuntu-24.04-arm, linux-arm64)	Execute official pinned binary on actual platform	2026-10-08T11:44:35.3244871Z   "startedAt": "2026-10-08T11:44:33.112093+00:00",
native (ubuntu-24.04-arm, linux-arm64)	Execute official pinned binary on actual platform	2026-10-08T11:44:35.3245308Z   "sourceFiles": {
native (ubuntu-24.04-arm, linux-arm64)	Execute official pinned binary on actual platform	2026-10-08T11:44:35.3245976Z     "tests/platform_acceptance.py": "5bad75cb385c12c26c9c7c1a489d141d208258834e42bdda2c6282b026a36325",
native (ubuntu-24.04-arm, linux-arm64)	Execute official pinned binary on actual platform	2026-10-08T11:44:35.3246796Z     "tests/platform-artifacts.json": "8c03b465e51e8f53bb337ffef75eb67cba12d945c3c319ad70619bbe01929717",
native (ubuntu-24.04-arm, linux-arm64)	Execute official pinned binary on actual platform	2026-10-08T11:44:35.3247673Z     "tests/fixtures/make_pdf.py": "c41f12f867c5f81e359c3197373214c65e89fc2e58ff5643198afbffd4ac7993",
native (ubuntu-24.04-arm, linux-arm64)	Execute official pinned binary on actual platform	2026-10-08T11:44:35.3248455Z     "tests/ocr-models.json": "ee3d3f82d18485cf57f74bd551ba039c705ae3d9fb139e607e75822cf94a7fa8",
native (ubuntu-24.04-arm, linux-arm64)	Execute official pinned binary on actual platform	2026-10-08T11:44:35.3249232Z     "tests/fixtures/scan_pdf.py": "b04c9bf09d7e3645f915c58539778ea9b2b5c26bce03067c28ded640c1831605"
native (ubuntu-24.04-arm, linux-arm64)	Execute official pinned binary on actual platform	2026-10-08T11:44:35.3249834Z   },
native (ubuntu-24.04-arm, linux-arm64)	Execute official pinned binary on actual platform	2026-10-08T11:44:35.3250449Z   "host": {
native (ubuntu-24.04-arm, linux-arm64)	Execute official pinned binary on actual platform	2026-10-08T11:44:35.3250821Z     "system": "Linux",
native (ubuntu-24.04-arm, linux-arm64)	Execute official pinned binary on actual platform	2026-10-08T11:44:35.3251230Z     "machine": "aarch64",
native (ubuntu-24.04-arm, linux-arm64)	Execute official pinned binary on actual platform	2026-10-08T11:44:35.3251602Z     "release": "6.17.0-1022-azure",
native (ubuntu-24.04-arm, linux-arm64)	Execute official pinned binary on actual platform	2026-10-08T11:44:35.3252019Z     "python": "3.13.16"
native (ubuntu-24.04-arm, linux-arm64)	Execute official pinned binary on actual platform	2026-10-08T11:44:35.3252304Z   },
native (ubuntu-24.04-arm, linux-arm64)	Execute official pinned binary on actual platform	2026-10-08T11:44:35.3252543Z   "workflow": {
native (ubuntu-24.04-arm, linux-arm64)	Execute official pinned binary on actual platform	2026-10-08T11:44:35.3252906Z     "runId": "37772042337",
native (ubuntu-24.04-arm, linux-arm64)	Execute official pinned binary on actual platform	2026-10-08T11:44:35.3253253Z     "runAttempt": "1"
native (ubuntu-24.04-arm, linux-arm64)	Execute official pinned binary on actual platform	2026-10-08T11:44:35.3253565Z   },
native (ubuntu-24.04-arm, linux-arm64)	Execute official pinned binary on actual platform	2026-10-08T11:44:35.3253842Z   "runtime": {
native (ubuntu-24.04-arm, linux-arm64)	Execute official pinned binary on actual platform	2026-10-08T11:44:35.3254108Z     "system": "linux",
native (ubuntu-24.04-arm, linux-arm64)	Execute official pinned binary on actual platform	2026-10-08T11:44:35.3254501Z     "machine": "arm64",
native (ubuntu-24.04-arm, linux-arm64)	Execute official pinned binary on actual platform	2026-10-08T11:44:35.3254852Z     "asset": "printcraft-0.2.1-linux-aarch64.tar.gz",
native (ubuntu-24.04-arm, linux-arm64)	Execute official pinned binary on actual platform	2026-10-08T11:44:35.3255584Z     "url": "https://github.com/storytold/pdfcraft/releases/download/v0.2.1/printcraft-0.2.1-linux-aarch64.tar.gz",
native (ubuntu-24.04-arm, linux-arm64)	Execute official pinned binary on actual platform	2026-10-08T11:44:35.3256364Z     "archiveSha256": "c7ae5dac00b3c11bea4e7cc502878a1b6ab520362d09885293e48417452e5dc0",
native (ubuntu-24.04-arm, linux-arm64)	Execute official pinned binary on actual platform	2026-10-08T11:44:35.3256957Z     "member": "printcraft-0.2.1-linux-aarch64/bin/printcraft-cli",
native (ubuntu-24.04-arm, linux-arm64)	Execute official pinned binary on actual platform	2026-10-08T11:44:35.3257756Z     "binarySha256": "8123365733dbfd70e982eaad2bec6e12b87a203ee9ffa9acf7bc8ceba6a0ad36"
native (ubuntu-24.04-arm, linux-arm64)	Execute official pinned binary on actual platform	2026-10-08T11:44:35.3258797Z   },
native (ubuntu-24.04-arm, linux-arm64)	Execute official pinned binary on actual platform	2026-10-08T11:44:35.3259565Z   "results": {
native (ubuntu-24.04-arm, linux-arm64)	Execute official pinned binary on actual platform	2026-10-08T11:44:35.3259868Z     "reorder_save_reopen_render": {
native (ubuntu-24.04-arm, linux-arm64)	Execute official pinned binary on actual platform	2026-10-08T11:44:35.3260519Z       "status": "PASS",
native (ubuntu-24.04-arm, linux-arm64)	Execute official pinned binary on actual platform	2026-10-08T11:44:35.3260905Z       "details": {
native (ubuntu-24.04-arm, linux-arm64)	Execute official pinned binary on actual platform	2026-10-08T11:44:35.3261352Z         "outputSha256": "e338127bac33545a03f627a355b9e55805fd5b4770e0379d68d658181b07a7a6",
native (ubuntu-24.04-arm, linux-arm64)	Execute official pinned binary on actual platform	2026-10-08T11:44:35.3261884Z         "info": {
native (ubuntu-24.04-arm, linux-arm64)	Execute official pinned binary on actual platform	2026-10-08T11:44:35.3262189Z           "annotations": 0,
native (ubuntu-24.04-arm, linux-arm64)	Execute official pinned binary on actual platform	2026-10-08T11:44:35.3262543Z           "attachments": 0,
native (ubuntu-24.04-arm, linux-arm64)	Execute official pinned binary on actual platform	2026-10-08T11:44:35.3262924Z           "author": null,
native (ubuntu-24.04-arm, linux-arm64)	Execute official pinned binary on actual platform	2026-10-08T11:44:35.3263245Z           "bookmarks": 0,
native (ubuntu-24.04-arm, linux-arm64)	Execute official pinned binary on actual platform	2026-10-08T11:44:35.3263590Z           "creator": null,
native (ubuntu-24.04-arm, linux-arm64)	Execute official pinned binary on actual platform	2026-10-08T11:44:35.3263912Z           "encrypted": false,
native (ubuntu-24.04-arm, linux-arm64)	Execute official pinned binary on actual platform	2026-10-08T11:44:35.3264251Z           "fields": 0,
native (ubuntu-24.04-arm, linux-arm64)	Execute official pinned binary on actual platform	2026-10-08T11:44:35.3264793Z           "file": "/home/runner/work/printcraft-skills/printcraft-skills/native-evidence/reorder.pdf",
native (ubuntu-24.04-arm, linux-arm64)	Execute official pinned binary on actual platform	2026-10-08T11:44:35.3265606Z           "file_size": 918,
native (ubuntu-24.04-arm, linux-arm64)	Execute official pinned binary on actual platform	2026-10-08T11:44:35.3265927Z           "first_page_pt": [
native (ubuntu-24.04-arm, linux-arm64)	Execute official pinned binary on actual platform	2026-10-08T11:44:35.3266335Z             612.0,
native (ubuntu-24.04-arm, linux-arm64)	Execute official pinned binary on actual platform	2026-10-08T11:44:35.3266657Z             792.0
native (ubuntu-24.04-arm, linux-arm64)	Execute official pinned binary on actual platform	2026-10-08T11:44:35.3266991Z           ],
native (ubuntu-24.04-arm, linux-arm64)	Execute official pinned binary on actual platform	2026-10-08T11:44:35.3267278Z           "javascript": false,
native (ubuntu-24.04-arm, linux-arm64)	Execute official pinned binary on actual platform	2026-10-08T11:44:35.3267582Z           "layers": 0,
native (ubuntu-24.04-arm, linux-arm64)	Execute official pinned binary on actual platform	2026-10-08T11:44:35.3267932Z           "links": 0,
native (ubuntu-24.04-arm, linux-arm64)	Execute official pinned binary on actual platform	2026-10-08T11:44:35.3268251Z           "page_labels": [
native (ubuntu-24.04-arm, linux-arm64)	Execute official pinned binary on actual platform	2026-10-08T11:44:35.3268573Z             "1",
native (ubuntu-24.04-arm, linux-arm64)	Execute official pinned binary on actual platform	2026-10-08T11:44:35.3268852Z             "2",
native (ubuntu-24.04-arm, linux-arm64)	Execute official pinned binary on actual platform	2026-10-08T11:44:35.3269117Z             "3"
native (ubuntu-24.04-arm, linux-arm64)	Execute official pinned binary on actual platform	2026-10-08T11:44:35.3269411Z           ],
native (ubuntu-24.04-arm, linux-arm64)	Execute official pinned binary on actual platform	2026-10-08T11:44:35.3269692Z           "pages": 3,
native (ubuntu-24.04-arm, linux-arm64)	Execute official pinned binary on actual platform	2026-10-08T11:44:35.3270290Z           "pdf_version": "1.5",
native (ubuntu-24.04-arm, linux-arm64)	Execute official pinned binary on actual platform	2026-10-08T11:44:35.3270631Z           "producer": null,
native (ubuntu-24.04-arm, linux-arm64)	Execute official pinned binary on actual platform	2026-10-08T11:44:35.3270940Z           "tagged": false,
native (ubuntu-24.04-arm, linux-arm64)	Execute official pinned binary on actual platform	2026-10-08T11:44:35.3271280Z           "title": null,
native (ubuntu-24.04-arm, linux-arm64)	Execute official pinned binary on actual platform	2026-10-08T11:44:35.3271626Z           "warnings": [],
native (ubuntu-24.04-arm, linux-arm64)	Execute official pinned binary on actual platform	2026-10-08T11:44:35.3271912Z           "xfa": null
native (ubuntu-24.04-arm, linux-arm64)	Execute official pinned binary on actual platform	2026-10-08T11:44:35.3272265Z         },
native (ubuntu-24.04-arm, linux-arm64)	Execute official pinned binary on actual platform	2026-10-08T11:44:35.3272612Z         "texts": [
native (ubuntu-24.04-arm, linux-arm64)	Execute official pinned binary on actual platform	2026-10-08T11:44:35.3272936Z           "PAGE-GAMMA",
native (ubuntu-24.04-arm, linux-arm64)	Execute official pinned binary on actual platform	2026-10-08T11:44:35.3273284Z           "PAGE-ALPHA",
native (ubuntu-24.04-arm, linux-arm64)	Execute official pinned binary on actual platform	2026-10-08T11:44:35.3273572Z           "PAGE-BETA"
native (ubuntu-24.04-arm, linux-arm64)	Execute official pinned binary on actual platform	2026-10-08T11:44:35.3273893Z         ]
native (ubuntu-24.04-arm, linux-arm64)	Execute official pinned binary on actual platform	2026-10-08T11:44:35.3274140Z       }
native (ubuntu-24.04-arm, linux-arm64)	Execute official pinned binary on actual platform	2026-10-08T11:44:35.3274852Z     },
native (ubuntu-24.04-arm, linux-arm64)	Execute official pinned binary on actual platform	2026-10-08T11:44:35.3275197Z     "rotate_save_reopen_render": {
native (ubuntu-24.04-arm, linux-arm64)	Execute official pinned binary on actual platform	2026-10-08T11:44:35.3275528Z       "status": "PASS",
native (ubuntu-24.04-arm, linux-arm64)	Execute official pinned binary on actual platform	2026-10-08T11:44:35.3275853Z       "details": {
native (ubuntu-24.04-arm, linux-arm64)	Execute official pinned binary on actual platform	2026-10-08T11:44:35.3276343Z         "outputSha256": "1d8d3008b6a5e5d4bc22c0ea022cd964eaf1fdceceb535a9d4c1651d2dc21aab",
native (ubuntu-24.04-arm, linux-arm64)	Execute official pinned binary on actual platform	2026-10-08T11:44:35.3276891Z         "info": {
native (ubuntu-24.04-arm, linux-arm64)	Execute official pinned binary on actual platform	2026-10-08T11:44:35.3277199Z           "annotations": 0,
native (ubuntu-24.04-arm, linux-arm64)	Execute official pinned binary on actual platform	2026-10-08T11:44:35.3277507Z           "attachments": 0,
native (ubuntu-24.04-arm, linux-arm64)	Execute official pinned binary on actual platform	2026-10-08T11:44:35.3277852Z           "author": null,
native (ubuntu-24.04-arm, linux-arm64)	Execute official pinned binary on actual platform	2026-10-08T11:44:35.3278153Z           "bookmarks": 0,
native (ubuntu-24.04-arm, linux-arm64)	Execute official pinned binary on actual platform	2026-10-08T11:44:35.3278494Z           "creator": null,
native (ubuntu-24.04-arm, linux-arm64)	Execute official pinned binary on actual platform	2026-10-08T11:44:35.3278889Z           "encrypted": false,
native (ubuntu-24.04-arm, linux-arm64)	Execute official pinned binary on actual platform	2026-10-08T11:44:35.3279197Z           "fields": 0,
native (ubuntu-24.04-arm, linux-arm64)	Execute official pinned binary on actual platform	2026-10-08T11:44:35.3279758Z           "file": "/home/runner/work/printcraft-skills/printcraft-skills/native-evidence/rotate.pdf",
native (ubuntu-24.04-arm, linux-arm64)	Execute official pinned binary on actual platform	2026-10-08T11:44:35.3280652Z           "file_size": 927,
native (ubuntu-24.04-arm, linux-arm64)	Execute official pinned binary on actual platform	2026-10-08T11:44:35.3280972Z           "first_page_pt": [
native (ubuntu-24.04-arm, linux-arm64)	Execute official pinned binary on actual platform	2026-10-08T11:44:35.3281362Z             792.0,
native (ubuntu-24.04-arm, linux-arm64)	Execute official pinned binary on actual platform	2026-10-08T11:44:35.3281628Z             612.0
native (ubuntu-24.04-arm, linux-arm64)	Execute official pinned binary on actual platform	2026-10-08T11:44:35.3281918Z           ],
native (ubuntu-24.04-arm, linux-arm64)	Execute official pinned binary on actual platform	2026-10-08T11:44:35.3282204Z           "javascript": false,
native (ubuntu-24.04-arm, linux-arm64)	Execute official pinned binary on actual platform	2026-10-08T11:44:35.3282521Z           "layers": 0,
native (ubuntu-24.04-arm, linux-arm64)	Execute official pinned binary on actual platform	2026-10-08T11:44:35.3282864Z           "links": 0,
native (ubuntu-24.04-arm, linux-arm64)	Execute official pinned binary on actual platform	2026-10-08T11:44:35.3283149Z           "page_labels": [
native (ubuntu-24.04-arm, linux-arm64)	Execute official pinned binary on actual platform	2026-10-08T11:44:35.3283486Z             "1",
native (ubuntu-24.04-arm, linux-arm64)	Execute official pinned binary on actual platform	2026-10-08T11:44:35.3283751Z             "2",
native (ubuntu-24.04-arm, linux-arm64)	Execute official pinned binary on actual platform	2026-10-08T11:44:35.3284009Z             "3"
native (ubuntu-24.04-arm, linux-arm64)	Execute official pinned binary on actual platform	2026-10-08T11:44:35.3284332Z           ],
native (ubuntu-24.04-arm, linux-arm64)	Execute official pinned binary on actual platform	2026-10-08T11:44:35.3284590Z           "pages": 3,
native (ubuntu-24.04-arm, linux-arm64)	Execute official pinned binary on actual platform	2026-10-08T11:44:35.3284870Z           "pdf_version": "1.5",
native (ubuntu-24.04-arm, linux-arm64)	Execute official pinned binary on actual platform	2026-10-08T11:44:35.3285291Z           "producer": null,
native (ubuntu-24.04-arm, linux-arm64)	Execute official pinned binary on actual platform	2026-10-08T11:44:35.3285601Z           "tagged": false,
native (ubuntu-24.04-arm, linux-arm64)	Execute official pinned binary on actual platform	2026-10-08T11:44:35.3285964Z           "title": null,
native (ubuntu-24.04-arm, linux-arm64)	Execute official pinned binary on actual platform	2026-10-08T11:44:35.3286287Z           "warnings": [],
native (ubuntu-24.04-arm, linux-arm64)	Execute official pinned binary on actual platform	2026-10-08T11:44:35.3286840Z           "xfa": null
native (ubuntu-24.04-arm, linux-arm64)	Execute official pinned binary on actual platform	2026-10-08T11:44:35.3287168Z         },
native (ubuntu-24.04-arm, linux-arm64)	Execute official pinned binary on actual platform	2026-10-08T11:44:35.3287445Z         "texts": [
native (ubuntu-24.04-arm, linux-arm64)	Execute official pinned binary on actual platform	2026-10-08T11:44:35.3287742Z           "PAGE-ALPHA",
native (ubuntu-24.04-arm, linux-arm64)	Execute official pinned binary on actual platform	2026-10-08T11:44:35.3288039Z           "PAGE-BETA",
native (ubuntu-24.04-arm, linux-arm64)	Execute official pinned binary on actual platform	2026-10-08T11:44:35.3288325Z           "PAGE-GAMMA"
native (ubuntu-24.04-arm, linux-arm64)	Execute official pinned binary on actual platform	2026-10-08T11:44:35.3288625Z         ]
native (ubuntu-24.04-arm, linux-arm64)	Execute official pinned binary on actual platform	2026-10-08T11:44:35.3288871Z       }
native (ubuntu-24.04-arm, linux-arm64)	Execute official pinned binary on actual platform	2026-10-08T11:44:35.3289122Z     },
native (ubuntu-24.04-arm, linux-arm64)	Execute official pinned binary on actual platform	2026-10-08T11:44:35.3289432Z     "crop_save_reopen_render": {
native (ubuntu-24.04-arm, linux-arm64)	Execute official pinned binary on actual platform	2026-10-08T11:44:35.3289776Z       "status": "PASS",
native (ubuntu-24.04-arm, linux-arm64)	Execute official pinned binary on actual platform	2026-10-08T11:44:35.3290473Z       "details": {
native (ubuntu-24.04-arm, linux-arm64)	Execute official pinned binary on actual platform	2026-10-08T11:44:35.3290982Z         "outputSha256": "3f3bef613a6020f1e413389afa96cad6b1df628700eb5f06163a2ca9ab9fb2a4",
native (ubuntu-24.04-arm, linux-arm64)	Execute official pinned binary on actual platform	2026-10-08T11:44:35.3291465Z         "info": {
native (ubuntu-24.04-arm, linux-arm64)	Execute official pinned binary on actual platform	2026-10-08T11:44:35.3291803Z           "annotations": 0,
native (ubuntu-24.04-arm, linux-arm64)	Execute official pinned binary on actual platform	2026-10-08T11:44:35.3292433Z           "attachments": 0,
native (ubuntu-24.04-arm, linux-arm64)	Execute official pinned binary on actual platform	2026-10-08T11:44:35.3292782Z           "author": null,
native (ubuntu-24.04-arm, linux-arm64)	Execute official pinned binary on actual platform	2026-10-08T11:44:35.3293117Z           "bookmarks": 0,
native (ubuntu-24.04-arm, linux-arm64)	Execute official pinned binary on actual platform	2026-10-08T11:44:35.3293414Z           "creator": null,
native (ubuntu-24.04-arm, linux-arm64)	Execute official pinned binary on actual platform	2026-10-08T11:44:35.3293796Z           "encrypted": false,
native (ubuntu-24.04-arm, linux-arm64)	Execute official pinned binary on actual platform	2026-10-08T11:44:35.3294105Z           "fields": 0,
native (ubuntu-24.04-arm, linux-arm64)	Execute official pinned binary on actual platform	2026-10-08T11:44:35.3294615Z           "file": "/home/runner/work/printcraft-skills/printcraft-skills/native-evidence/crop.pdf",
native (ubuntu-24.04-arm, linux-arm64)	Execute official pinned binary on actual platform	2026-10-08T11:44:35.3295165Z           "file_size": 935,
native (ubuntu-24.04-arm, linux-arm64)	Execute official pinned binary on actual platform	2026-10-08T11:44:35.3295479Z           "first_page_pt": [
native (ubuntu-24.04-arm, linux-arm64)	Execute official pinned binary on actual platform	2026-10-08T11:44:35.3295814Z             592.0,
native (ubuntu-24.04-arm, linux-arm64)	Execute official pinned binary on actual platform	2026-10-08T11:44:35.3296075Z             772.0
native (ubuntu-24.04-arm, linux-arm64)	Execute official pinned binary on actual platform	2026-10-08T11:44:35.3296321Z           ],
native (ubuntu-24.04-arm, linux-arm64)	Execute official pinned binary on actual platform	2026-10-08T11:44:35.3296657Z           "javascript": false,
native (ubuntu-24.04-arm, linux-arm64)	Execute official pinned binary on actual platform	2026-10-08T11:44:35.3296963Z           "layers": 0,
native (ubuntu-24.04-arm, linux-arm64)	Execute official pinned binary on actual platform	2026-10-08T11:44:35.3297310Z           "links": 0,
native (ubuntu-24.04-arm, linux-arm64)	Execute official pinned binary on actual platform	2026-10-08T11:44:35.3297594Z           "page_labels": [
native (ubuntu-24.04-arm, linux-arm64)	Execute official pinned binary on actual platform	2026-10-08T11:44:35.3297869Z             "1",
native (ubuntu-24.04-arm, linux-arm64)	Execute official pinned binary on actual platform	2026-10-08T11:44:35.3298181Z             "2",
native (ubuntu-24.04-arm, linux-arm64)	Execute official pinned binary on actual platform	2026-10-08T11:44:35.3298468Z             "3"
native (ubuntu-24.04-arm, linux-arm64)	Execute official pinned binary on actual platform	2026-10-08T11:44:35.3298742Z           ],
native (ubuntu-24.04-arm, linux-arm64)	Execute official pinned binary on actual platform	2026-10-08T11:44:35.3299008Z           "pages": 3,
native (ubuntu-24.04-arm, linux-arm64)	Execute official pinned binary on actual platform	2026-10-08T11:44:35.3299293Z           "pdf_version": "1.5",
native (ubuntu-24.04-arm, linux-arm64)	Execute official pinned binary on actual platform	2026-10-08T11:44:35.3299688Z           "producer": null,
native (ubuntu-24.04-arm, linux-arm64)	Execute official pinned binary on actual platform	2026-10-08T11:44:35.3300541Z           "tagged": false,
native (ubuntu-24.04-arm, linux-arm64)	Execute official pinned binary on actual platform	2026-10-08T11:44:35.3300905Z           "title": null,
native (ubuntu-24.04-arm, linux-arm64)	Execute official pinned binary on actual platform	2026-10-08T11:44:35.3301218Z           "warnings": [],
native (ubuntu-24.04-arm, linux-arm64)	Execute official pinned binary on actual platform	2026-10-08T11:44:35.3301506Z           "xfa": null
native (ubuntu-24.04-arm, linux-arm64)	Execute official pinned binary on actual platform	2026-10-08T11:44:35.3301830Z         },
native (ubuntu-24.04-arm, linux-arm64)	Execute official pinned binary on actual platform	2026-10-08T11:44:35.3302087Z         "texts": [
native (ubuntu-24.04-arm, linux-arm64)	Execute official pinned binary on actual platform	2026-10-08T11:44:35.3302353Z           "PAGE-ALPHA",
native (ubuntu-24.04-arm, linux-arm64)	Execute official pinned binary on actual platform	2026-10-08T11:44:35.3302682Z           "PAGE-BETA",
native (ubuntu-24.04-arm, linux-arm64)	Execute official pinned binary on actual platform	2026-10-08T11:44:35.3302967Z           "PAGE-GAMMA"
native (ubuntu-24.04-arm, linux-arm64)	Execute official pinned binary on actual platform	2026-10-08T11:44:35.3303287Z         ]
native (ubuntu-24.04-arm, linux-arm64)	Execute official pinned binary on actual platform	2026-10-08T11:44:35.3303554Z       }
native (ubuntu-24.04-arm, linux-arm64)	Execute official pinned binary on actual platform	2026-10-08T11:44:35.3303800Z     },
native (ubuntu-24.04-arm, linux-arm64)	Execute official pinned binary on actual platform	2026-10-08T11:44:35.3304097Z     "form_save_reopen": {
native (ubuntu-24.04-arm, linux-arm64)	Execute official pinned binary on actual platform	2026-10-08T11:44:35.3304402Z       "status": "PASS",
native (ubuntu-24.04-arm, linux-arm64)	Execute official pinned binary on actual platform	2026-10-08T11:44:35.3304740Z       "details": {
native (ubuntu-24.04-arm, linux-arm64)	Execute official pinned binary on actual platform	2026-10-08T11:44:35.3305046Z         "fields": {
native (ubuntu-24.04-arm, linux-arm64)	Execute official pinned binary on actual platform	2026-10-08T11:44:35.3305313Z           "count": 1,
native (ubuntu-24.04-arm, linux-arm64)	Execute official pinned binary on actual platform	2026-10-08T11:44:35.3305618Z           "fields": [
native (ubuntu-24.04-arm, linux-arm64)	Execute official pinned binary on actual platform	2026-10-08T11:44:35.3305884Z             {
native (ubuntu-24.04-arm, linux-arm64)	Execute official pinned binary on actual platform	2026-10-08T11:44:35.3306169Z               "multiline": false,
native (ubuntu-24.04-arm, linux-arm64)	Execute official pinned binary on actual platform	2026-10-08T11:44:35.3306553Z               "name": "sample",
native (ubuntu-24.04-arm, linux-arm64)	Execute official pinned binary on actual platform	2026-10-08T11:44:35.3306855Z               "page": 1,
native (ubuntu-24.04-arm, linux-arm64)	Execute official pinned binary on actual platform	2026-10-08T11:44:35.3307189Z               "read_only": false,
native (ubuntu-24.04-arm, linux-arm64)	Execute official pinned binary on actual platform	2026-10-08T11:44:35.3307502Z               "rect": [
native (ubuntu-24.04-arm, linux-arm64)	Execute official pinned binary on actual platform	2026-10-08T11:44:35.3307800Z                 72.0,
native (ubuntu-24.04-arm, linux-arm64)	Execute official pinned binary on actual platform	2026-10-08T11:44:35.3308112Z                 120.0,
native (ubuntu-24.04-arm, linux-arm64)	Execute official pinned binary on actual platform	2026-10-08T11:44:35.3308386Z                 200.0,
native (ubuntu-24.04-arm, linux-arm64)	Execute official pinned binary on actual platform	2026-10-08T11:44:35.3308678Z                 150.0
native (ubuntu-24.04-arm, linux-arm64)	Execute official pinned binary on actual platform	2026-10-08T11:44:35.3308954Z               ],
native (ubuntu-24.04-arm, linux-arm64)	Execute official pinned binary on actual platform	2026-10-08T11:44:35.3309252Z               "required": false,
native (ubuntu-24.04-arm, linux-arm64)	Execute official pinned binary on actual platform	2026-10-08T11:44:35.3309623Z               "type": "text",
native (ubuntu-24.04-arm, linux-arm64)	Execute official pinned binary on actual platform	2026-10-08T11:44:35.3310196Z               "value": "verified form"
native (ubuntu-24.04-arm, linux-arm64)	Execute official pinned binary on actual platform	2026-10-08T11:44:35.3310551Z             }
native (ubuntu-24.04-arm, linux-arm64)	Execute official pinned binary on actual platform	2026-10-08T11:44:35.3310849Z           ]
native (ubuntu-24.04-arm, linux-arm64)	Execute official pinned binary on actual platform	2026-10-08T11:44:35.3311125Z         },
native (ubuntu-24.04-arm, linux-arm64)	Execute official pinned binary on actual platform	2026-10-08T11:44:35.3311642Z         "outputSha256": "9b66abe20194f2e3ab556e639475bc9f86b2ef095cfff200d9dce3b1bf0215d3"
native (ubuntu-24.04-arm, linux-arm64)	Execute official pinned binary on actual platform	2026-10-08T11:44:35.3312134Z       }
native (ubuntu-24.04-arm, linux-arm64)	Execute official pinned binary on actual platform	2026-10-08T11:44:35.3312361Z     },
native (ubuntu-24.04-arm, linux-arm64)	Execute official pinned binary on actual platform	2026-10-08T11:44:35.3312717Z     "redact_text_objects_render": {
native (ubuntu-24.04-arm, linux-arm64)	Execute official pinned binary on actual platform	2026-10-08T11:44:35.3313319Z       "status": "PASS",
native (ubuntu-24.04-arm, linux-arm64)	Execute official pinned binary on actual platform	2026-10-08T11:44:35.3313685Z       "details": {
native (ubuntu-24.04-arm, linux-arm64)	Execute official pinned binary on actual platform	2026-10-08T11:44:35.3314146Z         "outputSha256": "a8d6ab67aa9b19bdead9811e0389e138faced706447ea401acfeb9b3dc5e67ad",
native (ubuntu-24.04-arm, linux-arm64)	Execute official pinned binary on actual platform	2026-10-08T11:44:35.3314665Z         "textAndObjectBytesAbsent": true,
native (ubuntu-24.04-arm, linux-arm64)	Execute official pinned binary on actual platform	2026-10-08T11:44:35.3315059Z         "visualReview": "NOT_RUN"
native (ubuntu-24.04-arm, linux-arm64)	Execute official pinned binary on actual platform	2026-10-08T11:44:35.3315380Z       }
native (ubuntu-24.04-arm, linux-arm64)	Execute official pinned binary on actual platform	2026-10-08T11:44:35.3315643Z     },
native (ubuntu-24.04-arm, linux-arm64)	Execute official pinned binary on actual platform	2026-10-08T11:44:35.3315930Z     "english_ocr_scan_save_reopen": {
native (ubuntu-24.04-arm, linux-arm64)	Execute official pinned binary on actual platform	2026-10-08T11:44:35.3316266Z       "status": "PASS",
native (ubuntu-24.04-arm, linux-arm64)	Execute official pinned binary on actual platform	2026-10-08T11:44:35.3316583Z       "details": {
native (ubuntu-24.04-arm, linux-arm64)	Execute official pinned binary on actual platform	2026-10-08T11:44:35.3317065Z         "inputSha256": "c244d838826a97532fa94f6c865ab46c8ae7d91713106ecabe8eb4844d33dddb",
native (ubuntu-24.04-arm, linux-arm64)	Execute official pinned binary on actual platform	2026-10-08T11:44:35.3317792Z         "outputSha256": "e0f63dafbc7ed11133cefe2289a759449f59a08f11924b74ee721beb71d969da",
native (ubuntu-24.04-arm, linux-arm64)	Execute official pinned binary on actual platform	2026-10-08T11:44:35.3318483Z         "nativeResults": [
native (ubuntu-24.04-arm, linux-arm64)	Execute official pinned binary on actual platform	2026-10-08T11:44:35.3318769Z           {
native (ubuntu-24.04-arm, linux-arm64)	Execute official pinned binary on actual platform	2026-10-08T11:44:35.3319135Z             "dirty": false,
native (ubuntu-24.04-arm, linux-arm64)	Execute official pinned binary on actual platform	2026-10-08T11:44:35.3319554Z             "doc": 1,
native (ubuntu-24.04-arm, linux-arm64)	Execute official pinned binary on actual platform	2026-10-08T11:44:35.3320119Z             "editable": true,
native (ubuntu-24.04-arm, linux-arm64)	Execute official pinned binary on actual platform	2026-10-08T11:44:35.3320525Z             "encrypted": false,
native (ubuntu-24.04-arm, linux-arm64)	Execute official pinned binary on actual platform	2026-10-08T11:44:35.3320862Z             "name": "scan-english.pdf",
native (ubuntu-24.04-arm, linux-arm64)	Execute official pinned binary on actual platform	2026-10-08T11:44:35.3321274Z             "pages": 1,
native (ubuntu-24.04-arm, linux-arm64)	Execute official pinned binary on actual platform	2026-10-08T11:44:35.3321811Z             "path": "/home/runner/work/printcraft-skills/printcraft-skills/native-evidence/scan-english.pdf",
native (ubuntu-24.04-arm, linux-arm64)	Execute official pinned binary on actual platform	2026-10-08T11:44:35.3322376Z             "read_only_reason": null,
native (ubuntu-24.04-arm, linux-arm64)	Execute official pinned binary on actual platform	2026-10-08T11:44:35.3322766Z             "redo": null,
native (ubuntu-24.04-arm, linux-arm64)	Execute official pinned binary on actual platform	2026-10-08T11:44:35.3323063Z             "undo": null
native (ubuntu-24.04-arm, linux-arm64)	Execute official pinned binary on actual platform	2026-10-08T11:44:35.3323402Z           },
native (ubuntu-24.04-arm, linux-arm64)	Execute official pinned binary on actual platform	2026-10-08T11:44:35.3323656Z           {
native (ubuntu-24.04-arm, linux-arm64)	Execute official pinned binary on actual platform	2026-10-08T11:44:35.3323905Z             "pages": [
native (ubuntu-24.04-arm, linux-arm64)	Execute official pinned binary on actual platform	2026-10-08T11:44:35.3324219Z               {
native (ubuntu-24.04-arm, linux-arm64)	Execute official pinned binary on actual platform	2026-10-08T11:44:35.3324506Z                 "page": 1,
native (ubuntu-24.04-arm, linux-arm64)	Execute official pinned binary on actual platform	2026-10-08T11:44:35.3324861Z                 "text": "PAGE-GAMMA",
native (ubuntu-24.04-arm, linux-arm64)	Execute official pinned binary on actual platform	2026-10-08T11:44:35.3325197Z                 "words": 1
native (ubuntu-24.04-arm, linux-arm64)	Execute official pinned binary on actual platform	2026-10-08T11:44:35.3325479Z               }
native (ubuntu-24.04-arm, linux-arm64)	Execute official pinned binary on actual platform	2026-10-08T11:44:35.3325803Z             ],
native (ubuntu-24.04-arm, linux-arm64)	Execute official pinned binary on actual platform	2026-10-08T11:44:35.3326066Z             "words": 1
native (ubuntu-24.04-arm, linux-arm64)	Execute official pinned binary on actual platform	2026-10-08T11:44:35.3326393Z           },
native (ubuntu-24.04-arm, linux-arm64)	Execute official pinned binary on actual platform	2026-10-08T11:44:35.3326654Z           {
native (ubuntu-24.04-arm, linux-arm64)	Execute official pinned binary on actual platform	2026-10-08T11:44:35.3326912Z             "bytes": 7838,
native (ubuntu-24.04-arm, linux-arm64)	Execute official pinned binary on actual platform	2026-10-08T11:44:35.3327253Z             "document": {
native (ubuntu-24.04-arm, linux-arm64)	Execute official pinned binary on actual platform	2026-10-08T11:44:35.3327564Z               "dirty": false,
native (ubuntu-24.04-arm, linux-arm64)	Execute official pinned binary on actual platform	2026-10-08T11:44:35.3327881Z               "doc": 1,
native (ubuntu-24.04-arm, linux-arm64)	Execute official pinned binary on actual platform	2026-10-08T11:44:35.3328269Z               "editable": true,
native (ubuntu-24.04-arm, linux-arm64)	Execute official pinned binary on actual platform	2026-10-08T11:44:35.3328584Z               "encrypted": false,
native (ubuntu-24.04-arm, linux-arm64)	Execute official pinned binary on actual platform	2026-10-08T11:44:35.3328976Z               "name": "ocr-english.pdf",
native (ubuntu-24.04-arm, linux-arm64)	Execute official pinned binary on actual platform	2026-10-08T11:44:35.3329319Z               "pages": 1,
native (ubuntu-24.04-arm, linux-arm64)	Execute official pinned binary on actual platform	2026-10-08T11:44:35.3329874Z               "path": "/home/runner/work/printcraft-skills/printcraft-skills/native-evidence/ocr-english.pdf",
native (ubuntu-24.04-arm, linux-arm64)	Execute official pinned binary on actual platform	2026-10-08T11:44:35.3330756Z               "read_only_reason": null,
native (ubuntu-24.04-arm, linux-arm64)	Execute official pinned binary on actual platform	2026-10-08T11:44:35.3331104Z               "redo": null,
native (ubuntu-24.04-arm, linux-arm64)	Execute official pinned binary on actual platform	2026-10-08T11:44:35.3331473Z               "undo": "Recognize text"
native (ubuntu-24.04-arm, linux-arm64)	Execute official pinned binary on actual platform	2026-10-08T11:44:35.3331810Z             },
native (ubuntu-24.04-arm, linux-arm64)	Execute official pinned binary on actual platform	2026-10-08T11:44:35.3332154Z             "incremental": false,
native (ubuntu-24.04-arm, linux-arm64)	Execute official pinned binary on actual platform	2026-10-08T11:44:35.3332839Z             "path": "/home/runner/work/printcraft-skills/printcraft-skills/native-evidence/ocr-english.pdf"
native (ubuntu-24.04-arm, linux-arm64)	Execute official pinned binary on actual platform	2026-10-08T11:44:35.3333389Z           }
native (ubuntu-24.04-arm, linux-arm64)	Execute official pinned binary on actual platform	2026-10-08T11:44:35.3333667Z         ],
native (ubuntu-24.04-arm, linux-arm64)	Execute official pinned binary on actual platform	2026-10-08T11:44:35.3333961Z         "reopenedText": "PAGE-GAMMA\n",
native (ubuntu-24.04-arm, linux-arm64)	Execute official pinned binary on actual platform	2026-10-08T11:44:35.3334343Z         "sourceUnchanged": true
native (ubuntu-24.04-arm, linux-arm64)	Execute official pinned binary on actual platform	2026-10-08T11:44:35.3334760Z       }
native (ubuntu-24.04-arm, linux-arm64)	Execute official pinned binary on actual platform	2026-10-08T11:44:35.3335004Z     }
native (ubuntu-24.04-arm, linux-arm64)	Execute official pinned binary on actual platform	2026-10-08T11:44:35.3335238Z   },
native (ubuntu-24.04-arm, linux-arm64)	Execute official pinned binary on actual platform	2026-10-08T11:44:35.3335605Z   "scope": "DIRECT_NATIVE_ONLY_SKILL_INSTALLER_NOT_TESTED",
native (ubuntu-24.04-arm, linux-arm64)	Execute official pinned binary on actual platform	2026-10-08T11:44:35.3336076Z   "chineseRecognition": "NOT_RUN_THIS_HARNESS",
native (ubuntu-24.04-arm, linux-arm64)	Execute official pinned binary on actual platform	2026-10-08T11:44:35.3336511Z   "visualReview": "NOT_RUN",
native (ubuntu-24.04-arm, linux-arm64)	Execute official pinned binary on actual platform	2026-10-08T11:44:35.3336860Z   "status": "PASS_SCOPED_NATIVE",
native (ubuntu-24.04-arm, linux-arm64)	Execute official pinned binary on actual platform	2026-10-08T11:44:35.3337415Z   "runtimeArchiveSha256": "c7ae5dac00b3c11bea4e7cc502878a1b6ab520362d09885293e48417452e5dc0",
native (ubuntu-24.04-arm, linux-arm64)	Execute official pinned binary on actual platform	2026-10-08T11:44:35.3338183Z   "runtimeBinarySha256": "8123365733dbfd70e982eaad2bec6e12b87a203ee9ffa9acf7bc8ceba6a0ad36",
native (ubuntu-24.04-arm, linux-arm64)	Execute official pinned binary on actual platform	2026-10-08T11:44:35.3339566Z   "versionOutput": "printcraft-cli 0.2.1\nDiscord: https://discord.gg/artcraft  (help and feedback)\nWeb:     https://getartcraft.com/apps/printcraft\nSource:  https://github.com/storytold/printcraft\n",
native (ubuntu-24.04-arm, linux-arm64)	Execute official pinned binary on actual platform	2026-10-08T11:44:35.3340926Z   "catalogSha256": "8ddb81c0382bacbdebf8ffdf242ec795135abc0a7723eebbe3b14123de64bea1",
native (ubuntu-24.04-arm, linux-arm64)	Execute official pinned binary on actual platform	2026-10-08T11:44:35.3341454Z   "catalogToolCount": 123,
native (ubuntu-24.04-arm, linux-arm64)	Execute official pinned binary on actual platform	2026-10-08T11:44:35.3341783Z   "ocrLanguageSchema": [
native (ubuntu-24.04-arm, linux-arm64)	Execute official pinned binary on actual platform	2026-10-08T11:44:35.3342133Z     "en"
native (ubuntu-24.04-arm, linux-arm64)	Execute official pinned binary on actual platform	2026-10-08T11:44:35.3342449Z   ],
native (ubuntu-24.04-arm, linux-arm64)	Execute official pinned binary on actual platform	2026-10-08T11:44:35.3342895Z   "inputSha256": "9d035b63e05cfeb06b0985db1582f14185f99931a51eda69718764e91fdc0a0a",
native (ubuntu-24.04-arm, linux-arm64)	Execute official pinned binary on actual platform	2026-10-08T11:44:35.3343390Z   "ocrStatus": {
native (ubuntu-24.04-arm, linux-arm64)	Execute official pinned binary on actual platform	2026-10-08T11:44:35.3343676Z     "available": false,
native (ubuntu-24.04-arm, linux-arm64)	Execute official pinned binary on actual platform	2026-10-08T11:44:35.3344042Z     "languages": [
native (ubuntu-24.04-arm, linux-arm64)	Execute official pinned binary on actual platform	2026-10-08T11:44:35.3344486Z       {
native (ubuntu-24.04-arm, linux-arm64)	Execute official pinned binary on actual platform	2026-10-08T11:44:35.3344731Z         "code": "en",
native (ubuntu-24.04-arm, linux-arm64)	Execute official pinned binary on actual platform	2026-10-08T11:44:35.3345069Z         "name": "English"
native (ubuntu-24.04-arm, linux-arm64)	Execute official pinned binary on actual platform	2026-10-08T11:44:35.3345373Z       }
native (ubuntu-24.04-arm, linux-arm64)	Execute official pinned binary on actual platform	2026-10-08T11:44:35.3345659Z     ],
native (ubuntu-24.04-arm, linux-arm64)	Execute official pinned binary on actual platform	2026-10-08T11:44:35.3345923Z     "search_dirs": [
native (ubuntu-24.04-arm, linux-arm64)	Execute official pinned binary on actual platform	2026-10-08T11:44:35.3346360Z       "/home/runner/work/printcraft-skills/printcraft-skills/native-evidence/models",
native (ubuntu-24.04-arm, linux-arm64)	Execute official pinned binary on actual platform	2026-10-08T11:44:35.3347094Z       "/home/runner/work/printcraft-skills/printcraft-skills/native-evidence/../Resources/models",
native (ubuntu-24.04-arm, linux-arm64)	Execute official pinned binary on actual platform	2026-10-08T11:44:35.3347757Z       "/home/runner/work/printcraft/printcraft/crates/ocr/../../assets/models"
native (ubuntu-24.04-arm, linux-arm64)	Execute official pinned binary on actual platform	2026-10-08T11:44:35.3348244Z     ]
native (ubuntu-24.04-arm, linux-arm64)	Execute official pinned binary on actual platform	2026-10-08T11:44:35.3348489Z   },
native (ubuntu-24.04-arm, linux-arm64)	Execute official pinned binary on actual platform	2026-10-08T11:44:35.3348790Z   "ocrModels": {
native (ubuntu-24.04-arm, linux-arm64)	Execute official pinned binary on actual platform	2026-10-08T11:44:35.3349472Z     "source": "https://github.com/storytold/pdfcraft/blob/v0.2.1/ATTRIBUTION.toml",
native (ubuntu-24.04-arm, linux-arm64)	Execute official pinned binary on actual platform	2026-10-08T11:44:35.3350296Z     "nativeVersion": "0.2.1",
native (ubuntu-24.04-arm, linux-arm64)	Execute official pinned binary on actual platform	2026-10-08T11:44:35.3350697Z     "models": [
native (ubuntu-24.04-arm, linux-arm64)	Execute official pinned binary on actual platform	2026-10-08T11:44:35.3350958Z       {
native (ubuntu-24.04-arm, linux-arm64)	Execute official pinned binary on actual platform	2026-10-08T11:44:35.3351308Z         "file": "text-detection.rten",
native (ubuntu-24.04-arm, linux-arm64)	Execute official pinned binary on actual platform	2026-10-08T11:44:35.3351825Z         "url": "https://ocrs-models.s3-accelerate.amazonaws.com/text-detection.rten",
native (ubuntu-24.04-arm, linux-arm64)	Execute official pinned binary on actual platform	2026-10-08T11:44:35.3352339Z         "title": "Ocrs text detection model",
native (ubuntu-24.04-arm, linux-arm64)	Execute official pinned binary on actual platform	2026-10-08T11:44:35.3352924Z         "author": "Robert Knight (ocrs-models; trained on HierText, CC-BY-SA-4.0)",
native (ubuntu-24.04-arm, linux-arm64)	Execute official pinned binary on actual platform	2026-10-08T11:44:35.3353827Z         "source": "https://github.com/robertknight/ocrs-models (the models ocrs downloads; model card: https://huggingface.co/robertknight/ocrs, cc-by-sa-4.0)",
native (ubuntu-24.04-arm, linux-arm64)	Execute official pinned binary on actual platform	2026-10-08T11:44:35.3354621Z         "licence": "CC-BY-SA-4.0",
native (ubuntu-24.04-arm, linux-arm64)	Execute official pinned binary on actual platform	2026-10-08T11:44:35.3355095Z         "licence_url": "https://creativecommons.org/licenses/by-sa/4.0/legalcode.txt",
native (ubuntu-24.04-arm, linux-arm64)	Execute official pinned binary on actual platform	2026-10-08T11:44:35.3355741Z         "licence_sha256": "28a9529c7d0bb4dc51f4bf5c116a3d16ef247a052f7591466768ddf563fd1cf5",
native (ubuntu-24.04-arm, linux-arm64)	Execute official pinned binary on actual platform	2026-10-08T11:44:35.3356312Z         "kind": "model",
native (ubuntu-24.04-arm, linux-arm64)	Execute official pinned binary on actual platform	2026-10-08T11:44:35.3356717Z         "usage": "Scan & OCR: finds words on page images (cargo xtask models)",
native (ubuntu-24.04-arm, linux-arm64)	Execute official pinned binary on actual platform	2026-10-08T11:44:35.3357364Z         "sha256": "f15cfb56bd02c4bf478a20343986504a1f01e1665c2b3a0ad66340f054b1b5ca"
native (ubuntu-24.04-arm, linux-arm64)	Execute official pinned binary on actual platform	2026-10-08T11:44:35.3357858Z       },
native (ubuntu-24.04-arm, linux-arm64)	Execute official pinned binary on actual platform	2026-10-08T11:44:35.3358090Z       {
native (ubuntu-24.04-arm, linux-arm64)	Execute official pinned binary on actual platform	2026-10-08T11:44:35.3358440Z         "file": "text-recognition.rten",
native (ubuntu-24.04-arm, linux-arm64)	Execute official pinned binary on actual platform	2026-10-08T11:44:35.3358963Z         "url": "https://ocrs-models.s3-accelerate.amazonaws.com/text-recognition.rten",
native (ubuntu-24.04-arm, linux-arm64)	Execute official pinned binary on actual platform	2026-10-08T11:44:35.3359540Z         "title": "Ocrs text recognition model",
native (ubuntu-24.04-arm, linux-arm64)	Execute official pinned binary on actual platform	2026-10-08T11:44:35.3360648Z         "author": "Robert Knight (ocrs-models; trained on HierText, CC-BY-SA-4.0)",
native (ubuntu-24.04-arm, linux-arm64)	Execute official pinned binary on actual platform	2026-10-08T11:44:35.3361587Z         "source": "https://github.com/robertknight/ocrs-models (the models ocrs downloads; model card: https://huggingface.co/robertknight/ocrs, cc-by-sa-4.0)",
native (ubuntu-24.04-arm, linux-arm64)	Execute official pinned binary on actual platform	2026-10-08T11:44:35.3362457Z         "licence": "CC-BY-SA-4.0",
native (ubuntu-24.04-arm, linux-arm64)	Execute official pinned binary on actual platform	2026-10-08T11:44:35.3362962Z         "licence_url": "https://creativecommons.org/licenses/by-sa/4.0/legalcode.txt",
native (ubuntu-24.04-arm, linux-arm64)	Execute official pinned binary on actual platform	2026-10-08T11:44:35.3363836Z         "licence_sha256": "28a9529c7d0bb4dc51f4bf5c116a3d16ef247a052f7591466768ddf563fd1cf5",
native (ubuntu-24.04-arm, linux-arm64)	Execute official pinned binary on actual platform	2026-10-08T11:44:35.3364377Z         "kind": "model",
native (ubuntu-24.04-arm, linux-arm64)	Execute official pinned binary on actual platform	2026-10-08T11:44:35.3364774Z         "usage": "Scan & OCR: reads the words it finds (cargo xtask models)",
native (ubuntu-24.04-arm, linux-arm64)	Execute official pinned binary on actual platform	2026-10-08T11:44:35.3365408Z         "sha256": "e484866d4cce403175bd8d00b128feb08ab42e208de30e42cd9889d8f1735a6e"
native (ubuntu-24.04-arm, linux-arm64)	Execute official pinned binary on actual platform	2026-10-08T11:44:35.3366075Z       }
native (ubuntu-24.04-arm, linux-arm64)	Execute official pinned binary on actual platform	2026-10-08T11:44:35.3366311Z     ]
native (ubuntu-24.04-arm, linux-arm64)	Execute official pinned binary on actual platform	2026-10-08T11:44:35.3366607Z   },
native (ubuntu-24.04-arm, linux-arm64)	Execute official pinned binary on actual platform	2026-10-08T11:44:35.3366919Z   "ocrStatusWithModels": {
native (ubuntu-24.04-arm, linux-arm64)	Execute official pinned binary on actual platform	2026-10-08T11:44:35.3367266Z     "available": true,
native (ubuntu-24.04-arm, linux-arm64)	Execute official pinned binary on actual platform	2026-10-08T11:44:35.3367554Z     "languages": [
native (ubuntu-24.04-arm, linux-arm64)	Execute official pinned binary on actual platform	2026-10-08T11:44:35.3367850Z       {
native (ubuntu-24.04-arm, linux-arm64)	Execute official pinned binary on actual platform	2026-10-08T11:44:35.3368158Z         "code": "en",
native (ubuntu-24.04-arm, linux-arm64)	Execute official pinned binary on actual platform	2026-10-08T11:44:35.3368457Z         "name": "English"
native (ubuntu-24.04-arm, linux-arm64)	Execute official pinned binary on actual platform	2026-10-08T11:44:35.3368789Z       }
native (ubuntu-24.04-arm, linux-arm64)	Execute official pinned binary on actual platform	2026-10-08T11:44:35.3369035Z     ],
native (ubuntu-24.04-arm, linux-arm64)	Execute official pinned binary on actual platform	2026-10-08T11:44:35.3369288Z     "search_dirs": [
native (ubuntu-24.04-arm, linux-arm64)	Execute official pinned binary on actual platform	2026-10-08T11:44:35.3369769Z       "/home/runner/work/printcraft-skills/printcraft-skills/native-evidence/models",
native (ubuntu-24.04-arm, linux-arm64)	Execute official pinned binary on actual platform	2026-10-08T11:44:35.3370858Z       "/home/runner/work/printcraft-skills/printcraft-skills/native-evidence/../Resources/models",
native (ubuntu-24.04-arm, linux-arm64)	Execute official pinned binary on actual platform	2026-10-08T11:44:35.3371816Z       "/home/runner/work/printcraft/printcraft/crates/ocr/../../assets/models"
native (ubuntu-24.04-arm, linux-arm64)	Execute official pinned binary on actual platform	2026-10-08T11:44:35.3372272Z     ]
native (ubuntu-24.04-arm, linux-arm64)	Execute official pinned binary on actual platform	2026-10-08T11:44:35.3372512Z   },
native (ubuntu-24.04-arm, linux-arm64)	Execute official pinned binary on actual platform	2026-10-08T11:44:35.3372837Z   "sourceUnchanged": true,
native (ubuntu-24.04-arm, linux-arm64)	Execute official pinned binary on actual platform	2026-10-08T11:44:35.3373157Z   "artifacts": {
native (ubuntu-24.04-arm, linux-arm64)	Execute official pinned binary on actual platform	2026-10-08T11:44:35.3373599Z     "001-call.json": "5bea3fedd7eeae64a3b72ad99bdfe8f8e3175bf270715ef247a4f00265debfc3",
native (ubuntu-24.04-arm, linux-arm64)	Execute official pinned binary on actual platform	2026-10-08T11:44:35.3374321Z     "001-stderr.log": "e3b0c44298fc1c149afbf4c8996fb92427ae41e4649b934ca495991b7852b855",
native (ubuntu-24.04-arm, linux-arm64)	Execute official pinned binary on actual platform	2026-10-08T11:44:35.3374986Z     "001-stdout.log": "260187c52b001191acc62e300b68203b492022e0c2b78b74db7f63ed6cf0eb9b",
native (ubuntu-24.04-arm, linux-arm64)	Execute official pinned binary on actual platform	2026-10-08T11:44:35.3375690Z     "002-call.json": "e44a6d5b24dfbbf9a357a5722714b0608e6d0902ed29e7080757cd1e45e8cc3b",
native (ubuntu-24.04-arm, linux-arm64)	Execute official pinned binary on actual platform	2026-10-08T11:44:35.3376361Z     "002-stderr.log": "e3b0c44298fc1c149afbf4c8996fb92427ae41e4649b934ca495991b7852b855",
native (ubuntu-24.04-arm, linux-arm64)	Execute official pinned binary on actual platform	2026-10-08T11:44:35.3377016Z     "002-stdout.log": "8ddb81c0382bacbdebf8ffdf242ec795135abc0a7723eebbe3b14123de64bea1",
native (ubuntu-24.04-arm, linux-arm64)	Execute official pinned binary on actual platform	2026-10-08T11:44:35.3377737Z     "003-call.json": "f22a8b916e1cf4a0cb7a4ed91003eb6ca5f7fe95081f15f28287b92a73f3117b",
native (ubuntu-24.04-arm, linux-arm64)	Execute official pinned binary on actual platform	2026-10-08T11:44:35.3378385Z     "003-stderr.log": "e3b0c44298fc1c149afbf4c8996fb92427ae41e4649b934ca495991b7852b855",
native (ubuntu-24.04-arm, linux-arm64)	Execute official pinned binary on actual platform	2026-10-08T11:44:35.3379074Z     "003-stdout.log": "3f920767520f0143c86016d9f520b66a4bdd4732b334fc690d611173b9f4e4ce",
native (ubuntu-24.04-arm, linux-arm64)	Execute official pinned binary on actual platform	2026-10-08T11:44:35.3379756Z     "004-call.json": "d88cf207091fa7b6e12402e3cf427f426c41101109e4c5ad1b5ea45596856eca",
native (ubuntu-24.04-arm, linux-arm64)	Execute official pinned binary on actual platform	2026-10-08T11:44:35.3380771Z     "004-stderr.log": "e3b0c44298fc1c149afbf4c8996fb92427ae41e4649b934ca495991b7852b855",
native (ubuntu-24.04-arm, linux-arm64)	Execute official pinned binary on actual platform	2026-10-08T11:44:35.3381533Z     "004-stdout.log": "810915fe6ec3230e87e23d42939bdf62f176bb431faf5085aaa1422318931aae",
native (ubuntu-24.04-arm, linux-arm64)	Execute official pinned binary on actual platform	2026-10-08T11:44:35.3382193Z     "005-call.json": "3c9453a60dfa96869fd67ae1e840352424e43e6e660914ad0c7d7b2469c6566c",
native (ubuntu-24.04-arm, linux-arm64)	Execute official pinned binary on actual platform	2026-10-08T11:44:35.3382891Z     "005-stderr.log": "e3b0c44298fc1c149afbf4c8996fb92427ae41e4649b934ca495991b7852b855",
native (ubuntu-24.04-arm, linux-arm64)	Execute official pinned binary on actual platform	2026-10-08T11:44:35.3383581Z     "005-stdout.log": "05a0254bf621f2c5607ace0e81c83d283b2c27685a1169e3ee97d808b0b72886",
native (ubuntu-24.04-arm, linux-arm64)	Execute official pinned binary on actual platform	2026-10-08T11:44:35.3384278Z     "006-call.json": "4182017ae48128fed543d99250b5c68c82d8f56126f933aaef2839ff2ead7228",
native (ubuntu-24.04-arm, linux-arm64)	Execute official pinned binary on actual platform	2026-10-08T11:44:35.3384996Z     "006-stderr.log": "e3b0c44298fc1c149afbf4c8996fb92427ae41e4649b934ca495991b7852b855",
native (ubuntu-24.04-arm, linux-arm64)	Execute official pinned binary on actual platform	2026-10-08T11:44:35.3385666Z     "006-stdout.log": "1a04a191ace245e98cc7421a421c6dc44d0237a6d3e2d591272e8eb36e84dd0b",
native (ubuntu-24.04-arm, linux-arm64)	Execute official pinned binary on actual platform	2026-10-08T11:44:35.3386362Z     "007-call.json": "7c7a9629f2a16cf7becc69425b680f8cc34374884f937f1f40b2499f47c0c679",
native (ubuntu-24.04-arm, linux-arm64)	Execute official pinned binary on actual platform	2026-10-08T11:44:35.3387040Z     "007-stderr.log": "e3b0c44298fc1c149afbf4c8996fb92427ae41e4649b934ca495991b7852b855",
native (ubuntu-24.04-arm, linux-arm64)	Execute official pinned binary on actual platform	2026-10-08T11:44:35.3387693Z     "007-stdout.log": "86696a16aacf0f57f3bb129451d6fc4beeb518901609ed93dab29339eec83057",
native (ubuntu-24.04-arm, linux-arm64)	Execute official pinned binary on actual platform	2026-10-08T11:44:35.3388390Z     "008-call.json": "803f2ba8a3251ddd1acbc07ff785c132deb9e34fff383075511fe6f8896dfa06",
native (ubuntu-24.04-arm, linux-arm64)	Execute official pinned binary on actual platform	2026-10-08T11:44:35.3389056Z     "008-stderr.log": "663ad9fe33812d072154f0800b9639bc0b896f44bfaa41d4733c452a5b0a5014",
native (ubuntu-24.04-arm, linux-arm64)	Execute official pinned binary on actual platform	2026-10-08T11:44:35.3389748Z     "008-stdout.log": "e3b0c44298fc1c149afbf4c8996fb92427ae41e4649b934ca495991b7852b855",
native (ubuntu-24.04-arm, linux-arm64)	Execute official pinned binary on actual platform	2026-10-08T11:44:35.3390609Z     "009-call.json": "c0f642ea5ba900b29cd0c7438cc26f0b88ba31006c4e50962023cf0377a7d352",
native (ubuntu-24.04-arm, linux-arm64)	Execute official pinned binary on actual platform	2026-10-08T11:44:35.3391515Z     "009-stderr.log": "e3b0c44298fc1c149afbf4c8996fb92427ae41e4649b934ca495991b7852b855",
native (ubuntu-24.04-arm, linux-arm64)	Execute official pinned binary on actual platform	2026-10-08T11:44:35.3392251Z     "009-stdout.log": "c364c32d7266f3134eec11d3a5b4dc4a400ebbc181e46cde904a8b9076a38fc2",
native (ubuntu-24.04-arm, linux-arm64)	Execute official pinned binary on actual platform	2026-10-08T11:44:35.3392898Z     "010-call.json": "d6673701c7258128e0426b8f8655f37f9aff353117fc43581fbb1fb2fe91c2ef",
native (ubuntu-24.04-arm, linux-arm64)	Execute official pinned binary on actual platform	2026-10-08T11:44:35.3393530Z     "010-stderr.log": "e3b0c44298fc1c149afbf4c8996fb92427ae41e4649b934ca495991b7852b855",
native (ubuntu-24.04-arm, linux-arm64)	Execute official pinned binary on actual platform	2026-10-08T11:44:35.3394283Z     "010-stdout.log": "f5d804267fce5d840106ed8237a2bcb34e5fad7052eb6052d6ce9cc11d360516",
native (ubuntu-24.04-arm, linux-arm64)	Execute official pinned binary on actual platform	2026-10-08T11:44:35.3394931Z     "011-call.json": "fa905cea4d8dc34679d46e65fdcbaa9d61cbd948ddea5ac317365548b3f4c545",
native (ubuntu-24.04-arm, linux-arm64)	Execute official pinned binary on actual platform	2026-10-08T11:44:35.3395621Z     "011-stderr.log": "e3b0c44298fc1c149afbf4c8996fb92427ae41e4649b934ca495991b7852b855",
native (ubuntu-24.04-arm, linux-arm64)	Execute official pinned binary on actual platform	2026-10-08T11:44:35.3396416Z     "011-stdout.log": "1a04a191ace245e98cc7421a421c6dc44d0237a6d3e2d591272e8eb36e84dd0b",
native (ubuntu-24.04-arm, linux-arm64)	Execute official pinned binary on actual platform	2026-10-08T11:44:35.3397068Z     "012-call.json": "6ac105b0b564af533b69e908a9c3140c01814c2892ba2d2e238796e5cf5c5300",
native (ubuntu-24.04-arm, linux-arm64)	Execute official pinned binary on actual platform	2026-10-08T11:44:35.3397776Z     "012-stderr.log": "e3b0c44298fc1c149afbf4c8996fb92427ae41e4649b934ca495991b7852b855",
native (ubuntu-24.04-arm, linux-arm64)	Execute official pinned binary on actual platform	2026-10-08T11:44:35.3398451Z     "012-stdout.log": "86696a16aacf0f57f3bb129451d6fc4beeb518901609ed93dab29339eec83057",
native (ubuntu-24.04-arm, linux-arm64)	Execute official pinned binary on actual platform	2026-10-08T11:44:35.3399152Z     "013-call.json": "ef1b0cc8d1831b7f256a5b5de1c5aa5b4fc86255cc7c960aab8f4cc72aafd5af",
native (ubuntu-24.04-arm, linux-arm64)	Execute official pinned binary on actual platform	2026-10-08T11:44:35.3399800Z     "013-stderr.log": "e3b0c44298fc1c149afbf4c8996fb92427ae41e4649b934ca495991b7852b855",
native (ubuntu-24.04-arm, linux-arm64)	Execute official pinned binary on actual platform	2026-10-08T11:44:35.3400754Z     "013-stdout.log": "05a0254bf621f2c5607ace0e81c83d283b2c27685a1169e3ee97d808b0b72886",
native (ubuntu-24.04-arm, linux-arm64)	Execute official pinned binary on actual platform	2026-10-08T11:44:35.3401457Z     "014-call.json": "6d417b7c528880786d72598ede19cee6c44dc6a9da02fe02189a023c7ee780ef",
native (ubuntu-24.04-arm, linux-arm64)	Execute official pinned binary on actual platform	2026-10-08T11:44:35.3402104Z     "014-stderr.log": "d7427b7c4bbfd5399e05a7ae3caf4d4d6767c96c7c2e0036e62b45551a14d229",
native (ubuntu-24.04-arm, linux-arm64)	Execute official pinned binary on actual platform	2026-10-08T11:44:35.3402825Z     "014-stdout.log": "e3b0c44298fc1c149afbf4c8996fb92427ae41e4649b934ca495991b7852b855",
native (ubuntu-24.04-arm, linux-arm64)	Execute official pinned binary on actual platform	2026-10-08T11:44:35.3403505Z     "015-call.json": "328113ca7e9514866f612080bb2d56edc161b7916b408de7717b4bbc1ab79dcb",
native (ubuntu-24.04-arm, linux-arm64)	Execute official pinned binary on actual platform	2026-10-08T11:44:35.3404186Z     "015-stderr.log": "e3b0c44298fc1c149afbf4c8996fb92427ae41e4649b934ca495991b7852b855",
native (ubuntu-24.04-arm, linux-arm64)	Execute official pinned binary on actual platform	2026-10-08T11:44:35.3404900Z     "015-stdout.log": "9f354d543f662a66ae475b3e0e8c513a1415b1a2304b9658945aa7ed9f46a3d7",
native (ubuntu-24.04-arm, linux-arm64)	Execute official pinned binary on actual platform	2026-10-08T11:44:35.3405547Z     "016-call.json": "b8ac41f68951cc4173dc13500ce26ae2a460c3b00bc735617bc54f5a86587b7e",
native (ubuntu-24.04-arm, linux-arm64)	Execute official pinned binary on actual platform	2026-10-08T11:44:35.3406252Z     "016-stderr.log": "e3b0c44298fc1c149afbf4c8996fb92427ae41e4649b934ca495991b7852b855",
native (ubuntu-24.04-arm, linux-arm64)	Execute official pinned binary on actual platform	2026-10-08T11:44:35.3406929Z     "016-stdout.log": "e316cb487510166bae8a302df6f3375925e15ece4ad62fcb95612ead2f157ca5",
native (ubuntu-24.04-arm, linux-arm64)	Execute official pinned binary on actual platform	2026-10-08T11:44:35.3407615Z     "017-call.json": "477e9b17ab21ae105a0fad4e5271dd91b5ff0331253fec4831dc8ce168268a17",
native (ubuntu-24.04-arm, linux-arm64)	Execute official pinned binary on actual platform	2026-10-08T11:44:35.3408347Z     "017-stderr.log": "e3b0c44298fc1c149afbf4c8996fb92427ae41e4649b934ca495991b7852b855",
native (ubuntu-24.04-arm, linux-arm64)	Execute official pinned binary on actual platform	2026-10-08T11:44:35.3409004Z     "017-stdout.log": "1a04a191ace245e98cc7421a421c6dc44d0237a6d3e2d591272e8eb36e84dd0b",
native (ubuntu-24.04-arm, linux-arm64)	Execute official pinned binary on actual platform	2026-10-08T11:44:35.3409705Z     "018-call.json": "6d7edfcf7c4a303369b7bf91f35ee55787b0de87a1e237ff304cb80b30266e8b",
native (ubuntu-24.04-arm, linux-arm64)	Execute official pinned binary on actual platform	2026-10-08T11:44:35.3410580Z     "018-stderr.log": "e3b0c44298fc1c149afbf4c8996fb92427ae41e4649b934ca495991b7852b855",
native (ubuntu-24.04-arm, linux-arm64)	Execute official pinned binary on actual platform	2026-10-08T11:44:35.3411258Z     "018-stdout.log": "86696a16aacf0f57f3bb129451d6fc4beeb518901609ed93dab29339eec83057",
native (ubuntu-24.04-arm, linux-arm64)	Execute official pinned binary on actual platform	2026-10-08T11:44:35.3412016Z     "019-call.json": "b5e2681fe9ad181e915fb96b11dd93c498eb41776312f6147121e4d87a92557e",
native (ubuntu-24.04-arm, linux-arm64)	Execute official pinned binary on actual platform	2026-10-08T11:44:35.3412696Z     "019-stderr.log": "e3b0c44298fc1c149afbf4c8996fb92427ae41e4649b934ca495991b7852b855",
native (ubuntu-24.04-arm, linux-arm64)	Execute official pinned binary on actual platform	2026-10-08T11:44:35.3413661Z     "019-stdout.log": "05a0254bf621f2c5607ace0e81c83d283b2c27685a1169e3ee97d808b0b72886",
native (ubuntu-24.04-arm, linux-arm64)	Execute official pinned binary on actual platform	2026-10-08T11:44:35.3414320Z     "020-call.json": "0cb1ec35f7ec9cfbbdc80e6647bcff0f794a17f75353109c34e224dd3a7f2d41",
native (ubuntu-24.04-arm, linux-arm64)	Execute official pinned binary on actual platform	2026-10-08T11:44:35.3415016Z     "020-stderr.log": "f3e7094f1e88f237c4824b8abc70883bc1fff948814c03f29059da1735c74873",
native (ubuntu-24.04-arm, linux-arm64)	Execute official pinned binary on actual platform	2026-10-08T11:44:35.3415700Z     "020-stdout.log": "e3b0c44298fc1c149afbf4c8996fb92427ae41e4649b934ca495991b7852b855",
native (ubuntu-24.04-arm, linux-arm64)	Execute official pinned binary on actual platform	2026-10-08T11:44:35.3416651Z     "021-call.json": "9d213b21ed05f04a22e594d68e77595cb25f67b44210762f42de1d7038236123",
native (ubuntu-24.04-arm, linux-arm64)	Execute official pinned binary on actual platform	2026-10-08T11:44:35.3417284Z     "021-stderr.log": "e3b0c44298fc1c149afbf4c8996fb92427ae41e4649b934ca495991b7852b855",
native (ubuntu-24.04-arm, linux-arm64)	Execute official pinned binary on actual platform	2026-10-08T11:44:35.3418049Z     "021-stdout.log": "88ae02944a0265579702d62dec4f42892189eb57eb95b1f6c7809becb664fd05",
native (ubuntu-24.04-arm, linux-arm64)	Execute official pinned binary on actual platform	2026-10-08T11:44:35.3418700Z     "022-call.json": "35db8c12908a90c3b4f6eca3d5317e5f3040872b765a64c46b60b45a71f328ce",
native (ubuntu-24.04-arm, linux-arm64)	Execute official pinned binary on actual platform	2026-10-08T11:44:35.3419422Z     "022-stderr.log": "e3b0c44298fc1c149afbf4c8996fb92427ae41e4649b934ca495991b7852b855",
native (ubuntu-24.04-arm, linux-arm64)	Execute official pinned binary on actual platform	2026-10-08T11:44:35.3420384Z     "022-stdout.log": "ef228c26029d28df1e14fd6db9fa637eaf45858f926f269a390a029725be1ea8",
native (ubuntu-24.04-arm, linux-arm64)	Execute official pinned binary on actual platform	2026-10-08T11:44:35.3421036Z     "023-call.json": "f01161ff4c3274080e6f608f87246170a428936ee66b6947a8853d91176212e1",
native (ubuntu-24.04-arm, linux-arm64)	Execute official pinned binary on actual platform	2026-10-08T11:44:35.3422011Z     "023-stderr.log": "e3b0c44298fc1c149afbf4c8996fb92427ae41e4649b934ca495991b7852b855",
native (ubuntu-24.04-arm, linux-arm64)	Execute official pinned binary on actual platform	2026-10-08T11:44:35.3422675Z     "023-stdout.log": "7d5ddacda7ca8a0eaa9c0518aa8b55830ece0bc70bfed8015d06491e2b06df3e",
native (ubuntu-24.04-arm, linux-arm64)	Execute official pinned binary on actual platform	2026-10-08T11:44:35.3423393Z     "024-call.json": "6257c17c69d79b9c50d38b78191e2a194778687030559ba8425c0aa3f05bdde0",
native (ubuntu-24.04-arm, linux-arm64)	Execute official pinned binary on actual platform	2026-10-08T11:44:35.3424029Z     "024-stderr.log": "e3b0c44298fc1c149afbf4c8996fb92427ae41e4649b934ca495991b7852b855",
native (ubuntu-24.04-arm, linux-arm64)	Execute official pinned binary on actual platform	2026-10-08T11:44:35.3424667Z     "024-stdout.log": "33343d8e3983017124cdc4cddc1e91d1f4a53f393adaa8d0155ed1f27ce1186e",
native (ubuntu-24.04-arm, linux-arm64)	Execute official pinned binary on actual platform	2026-10-08T11:44:35.3425382Z     "025-call.json": "557e95d0a23e850a2733f4d44102b07887709267a031f7ef5890edb322cfa83c",
native (ubuntu-24.04-arm, linux-arm64)	Execute official pinned binary on actual platform	2026-10-08T11:44:35.3426010Z     "025-stderr.log": "663ad9fe33812d072154f0800b9639bc0b896f44bfaa41d4733c452a5b0a5014",
native (ubuntu-24.04-arm, linux-arm64)	Execute official pinned binary on actual platform	2026-10-08T11:44:35.3426689Z     "025-stdout.log": "e3b0c44298fc1c149afbf4c8996fb92427ae41e4649b934ca495991b7852b855",
native (ubuntu-24.04-arm, linux-arm64)	Execute official pinned binary on actual platform	2026-10-08T11:44:35.3427383Z     "026-call.json": "ca1aea0f476a00cde22d73057515c94e205a1c82fad6899bb083ecb547e331cd",
native (ubuntu-24.04-arm, linux-arm64)	Execute official pinned binary on actual platform	2026-10-08T11:44:35.3428014Z     "026-stderr.log": "e3b0c44298fc1c149afbf4c8996fb92427ae41e4649b934ca495991b7852b855",
native (ubuntu-24.04-arm, linux-arm64)	Execute official pinned binary on actual platform	2026-10-08T11:44:35.3428769Z     "026-stdout.log": "c429e56e96dbd6ee1b7bd0abaca0b489d226b3aeccf14394017524ce74241082",
native (ubuntu-24.04-arm, linux-arm64)	Execute official pinned binary on actual platform	2026-10-08T11:44:35.3429418Z     "027-call.json": "e6e106b096c3dc12743f2f906c92781aca6677b7f9714a5b00e48d9f290e952f",
native (ubuntu-24.04-arm, linux-arm64)	Execute official pinned binary on actual platform	2026-10-08T11:44:35.3430320Z     "027-stderr.log": "e3b0c44298fc1c149afbf4c8996fb92427ae41e4649b934ca495991b7852b855",
native (ubuntu-24.04-arm, linux-arm64)	Execute official pinned binary on actual platform	2026-10-08T11:44:35.3431047Z     "027-stdout.log": "9e862b9dd8fbd4d8b90c5ba7c445378b524860cb577259632e5fe662d3a75277",
native (ubuntu-24.04-arm, linux-arm64)	Execute official pinned binary on actual platform	2026-10-08T11:44:35.3431707Z     "028-call.json": "b9aca428fdb51d76bf58937545be6046b8b02d4bbb8593e067c6d57b1f620a79",
native (ubuntu-24.04-arm, linux-arm64)	Execute official pinned binary on actual platform	2026-10-08T11:44:35.3432444Z     "028-stderr.log": "e3b0c44298fc1c149afbf4c8996fb92427ae41e4649b934ca495991b7852b855",
native (ubuntu-24.04-arm, linux-arm64)	Execute official pinned binary on actual platform	2026-10-08T11:44:35.3433092Z     "028-stdout.log": "01ba4719c80b6fe911b091a7c05124b64eeece964e09c058ef8f9805daca546b",
native (ubuntu-24.04-arm, linux-arm64)	Execute official pinned binary on actual platform	2026-10-08T11:44:35.3433917Z     "029-call.json": "81685174e8c72bb9d1915f708f81faf19d9d40f12cc59d6eee718717104b32cc",
native (ubuntu-24.04-arm, linux-arm64)	Execute official pinned binary on actual platform	2026-10-08T11:44:35.3434597Z     "029-stderr.log": "e3b0c44298fc1c149afbf4c8996fb92427ae41e4649b934ca495991b7852b855",
native (ubuntu-24.04-arm, linux-arm64)	Execute official pinned binary on actual platform	2026-10-08T11:44:35.3435285Z     "029-stdout.log": "95a440e71b414cde4c023ce9a1d3d7c3f3220c7010d303d1dcbd5446ed168b0f",
native (ubuntu-24.04-arm, linux-arm64)	Execute official pinned binary on actual platform	2026-10-08T11:44:35.3436006Z     "030-call.json": "9ce9c435f21d2140889a023f5a38bc56c5353f56ef1ec47a4b97297198bbf9c6",
native (ubuntu-24.04-arm, linux-arm64)	Execute official pinned binary on actual platform	2026-10-08T11:44:35.3436651Z     "030-stderr.log": "e3b0c44298fc1c149afbf4c8996fb92427ae41e4649b934ca495991b7852b855",
native (ubuntu-24.04-arm, linux-arm64)	Execute official pinned binary on actual platform	2026-10-08T11:44:35.3437344Z     "030-stdout.log": "05a0254bf621f2c5607ace0e81c83d283b2c27685a1169e3ee97d808b0b72886",
native (ubuntu-24.04-arm, linux-arm64)	Execute official pinned binary on actual platform	2026-10-08T11:44:35.3437997Z     "031-call.json": "6d26e399371677845cb7af260cc6c9cdf38c5f4a33db039684e5e762675bfca3",
native (ubuntu-24.04-arm, linux-arm64)	Execute official pinned binary on actual platform	2026-10-08T11:44:35.3438654Z     "031-stderr.log": "e3b0c44298fc1c149afbf4c8996fb92427ae41e4649b934ca495991b7852b855",
native (ubuntu-24.04-arm, linux-arm64)	Execute official pinned binary on actual platform	2026-10-08T11:44:35.3439414Z     "031-stdout.log": "0cf087262c2104be1be4084a7b48d95da456a2f2f96c5a6dbe9fcc60d5dd7f10",
native (ubuntu-24.04-arm, linux-arm64)	Execute official pinned binary on actual platform	2026-10-08T11:44:35.3440533Z     "032-call.json": "88664fe95d9689a97442cf0ece79f40eeafa77ffc9294ac9872d1828c51a8530",
native (ubuntu-24.04-arm, linux-arm64)	Execute official pinned binary on actual platform	2026-10-08T11:44:35.3441510Z     "032-stderr.log": "f9a8c8e6065b5aa575fd85f8a88fca10614bc2b4c149189399701de45be7f248",
native (ubuntu-24.04-arm, linux-arm64)	Execute official pinned binary on actual platform	2026-10-08T11:44:35.3442317Z     "032-stdout.log": "e3b0c44298fc1c149afbf4c8996fb92427ae41e4649b934ca495991b7852b855",
native (ubuntu-24.04-arm, linux-arm64)	Execute official pinned binary on actual platform	2026-10-08T11:44:35.3443013Z     "crop.json": "767007e3b2dc0d95c41c3c17ee05670392c0d191a1ed7a8eaceddf54f4ff0762",
native (ubuntu-24.04-arm, linux-arm64)	Execute official pinned binary on actual platform	2026-10-08T11:44:35.3443682Z     "crop.pam": "800e5debd6af3433e00f8d0661b056aba194e6399b6f6115cbf4c76a1e3d5a33",
native (ubuntu-24.04-arm, linux-arm64)	Execute official pinned binary on actual platform	2026-10-08T11:44:35.3444297Z     "crop.pdf": "3f3bef613a6020f1e413389afa96cad6b1df628700eb5f06163a2ca9ab9fb2a4",
native (ubuntu-24.04-arm, linux-arm64)	Execute official pinned binary on actual platform	2026-10-08T11:44:35.3444936Z     "form-reopen.json": "cb2e864ed2588f761a0f8c40fd7330416e0a78b3e3d1b0a0d8b2af9816893e41",
native (ubuntu-24.04-arm, linux-arm64)	Execute official pinned binary on actual platform	2026-10-08T11:44:35.3445633Z     "form.json": "240f354e3312db6589c3c5062569fe15143c1af038c44fbd0192eaf713772308",
native (ubuntu-24.04-arm, linux-arm64)	Execute official pinned binary on actual platform	2026-10-08T11:44:35.3446468Z     "form.pdf": "9b66abe20194f2e3ab556e639475bc9f86b2ef095cfff200d9dce3b1bf0215d3",
native (ubuntu-24.04-arm, linux-arm64)	Execute official pinned binary on actual platform	2026-10-08T11:44:35.3447191Z     "ocr-english.json": "811a4651133255d6430bbb1dadc0fd252f94bf7e24fbd0b2f436cf318198a642",
native (ubuntu-24.04-arm, linux-arm64)	Execute official pinned binary on actual platform	2026-10-08T11:44:35.3447883Z     "ocr-english.pam": "6db18d931d460ff50a4536ca589428ff9e7aadeb2f534bde9f96ae5521ea8f21",
native (ubuntu-24.04-arm, linux-arm64)	Execute official pinned binary on actual platform	2026-10-08T11:44:35.3448554Z     "ocr-english.pdf": "e0f63dafbc7ed11133cefe2289a759449f59a08f11924b74ee721beb71d969da",
native (ubuntu-24.04-arm, linux-arm64)	Execute official pinned binary on actual platform	2026-10-08T11:44:35.3449320Z     "ocr-model-status.json": "c1f6c98640836a6117fb41b8ad1492fadd5e3678fc977b2d526e059d51eda106",
native (ubuntu-24.04-arm, linux-arm64)	Execute official pinned binary on actual platform	2026-10-08T11:44:35.3450287Z     "ocr-status.json": "c1f6c98640836a6117fb41b8ad1492fadd5e3678fc977b2d526e059d51eda106",
native (ubuntu-24.04-arm, linux-arm64)	Execute official pinned binary on actual platform	2026-10-08T11:44:35.3451006Z     "redact.json": "7ac59572872adbef02973e52b52b299f8531df963bc980ba66e75f2d68bb4ff9",
native (ubuntu-24.04-arm, linux-arm64)	Execute official pinned binary on actual platform	2026-10-08T11:44:35.3451668Z     "redacted.pam": "91986fe8ceef5be0c48e7fd3613c9d3d8985018c621e5932e99d71191a20c7c9",
native (ubuntu-24.04-arm, linux-arm64)	Execute official pinned binary on actual platform	2026-10-08T11:44:35.3452352Z     "redacted.pdf": "a8d6ab67aa9b19bdead9811e0389e138faced706447ea401acfeb9b3dc5e67ad",
native (ubuntu-24.04-arm, linux-arm64)	Execute official pinned binary on actual platform	2026-10-08T11:44:35.3453116Z     "reorder.json": "b685a129250f75f973326da78277130c7417b52c39e6f249809bdfc6724342a8",
native (ubuntu-24.04-arm, linux-arm64)	Execute official pinned binary on actual platform	2026-10-08T11:44:35.3453748Z     "reorder.pam": "6db18d931d460ff50a4536ca589428ff9e7aadeb2f534bde9f96ae5521ea8f21",
native (ubuntu-24.04-arm, linux-arm64)	Execute official pinned binary on actual platform	2026-10-08T11:44:35.3454447Z     "reorder.pdf": "e338127bac33545a03f627a355b9e55805fd5b4770e0379d68d658181b07a7a6",
native (ubuntu-24.04-arm, linux-arm64)	Execute official pinned binary on actual platform	2026-10-08T11:44:35.3455091Z     "rotate.json": "e5777834e3f716133c7278d8812767e66eb7ebabd780b55f6fd61c0cbbac81f3",
native (ubuntu-24.04-arm, linux-arm64)	Execute official pinned binary on actual platform	2026-10-08T11:44:35.3455730Z     "rotate.pam": "6c8181dcc97ff857c58fb82b0409fbc8841793cb9fb0b348df5919555968d91e",
native (ubuntu-24.04-arm, linux-arm64)	Execute official pinned binary on actual platform	2026-10-08T11:44:35.3456471Z     "rotate.pdf": "1d8d3008b6a5e5d4bc22c0ea022cd964eaf1fdceceb535a9d4c1651d2dc21aab",
native (ubuntu-24.04-arm, linux-arm64)	Execute official pinned binary on actual platform	2026-10-08T11:44:35.3457131Z     "scan-english.pdf": "c244d838826a97532fa94f6c865ab46c8ae7d91713106ecabe8eb4844d33dddb",
native (ubuntu-24.04-arm, linux-arm64)	Execute official pinned binary on actual platform	2026-10-08T11:44:35.3457809Z     "source.pdf": "9d035b63e05cfeb06b0985db1582f14185f99931a51eda69718764e91fdc0a0a",
native (ubuntu-24.04-arm, linux-arm64)	Execute official pinned binary on actual platform	2026-10-08T11:44:35.3458440Z     "tools.json": "8ddb81c0382bacbdebf8ffdf242ec795135abc0a7723eebbe3b14123de64bea1"
native (ubuntu-24.04-arm, linux-arm64)	Execute official pinned binary on actual platform	2026-10-08T11:44:35.3458923Z   },
native (ubuntu-24.04-arm, linux-arm64)	Execute official pinned binary on actual platform	2026-10-08T11:44:35.3459308Z   "finishedAt": "2026-10-08T11:44:35.320641+00:00"
native (ubuntu-24.04-arm, linux-arm64)	Execute official pinned binary on actual platform	2026-10-08T11:44:35.3459666Z }
native (ubuntu-24.04-arm, linux-arm64)	Preserve native observations even on failure	﻿2026-10-08T11:44:35.3558271Z ##[group]Run actions/upload-artifact@v4
native (ubuntu-24.04-arm, linux-arm64)	Preserve native observations even on failure	2026-10-08T11:44:35.3558748Z with:
native (ubuntu-24.04-arm, linux-arm64)	Preserve native observations even on failure	2026-10-08T11:44:35.3559116Z   name: native-linux-arm64-37772042337
native (ubuntu-24.04-arm, linux-arm64)	Preserve native observations even on failure	2026-10-08T11:44:35.3559652Z   path: native-evidence/*.json
native (ubuntu-24.04-arm, linux-arm64)	Preserve native observations even on failure	native-evidence/*.log
native (ubuntu-24.04-arm, linux-arm64)	Preserve native observations even on failure	native-evidence/*.pdf
native (ubuntu-24.04-arm, linux-arm64)	Preserve native observations even on failure	native-evidence/*.pam
native (ubuntu-24.04-arm, linux-arm64)	Preserve native observations even on failure	
native (ubuntu-24.04-arm, linux-arm64)	Preserve native observations even on failure	2026-10-08T11:44:35.3560532Z   if-no-files-found: error
native (ubuntu-24.04-arm, linux-arm64)	Preserve native observations even on failure	2026-10-08T11:44:35.3560899Z   compression-level: 6
native (ubuntu-24.04-arm, linux-arm64)	Preserve native observations even on failure	2026-10-08T11:44:35.3561178Z   overwrite: false
native (ubuntu-24.04-arm, linux-arm64)	Preserve native observations even on failure	2026-10-08T11:44:35.3561446Z   include-hidden-files: false
native (ubuntu-24.04-arm, linux-arm64)	Preserve native observations even on failure	2026-10-08T11:44:35.3561793Z env:
native (ubuntu-24.04-arm, linux-arm64)	Preserve native observations even on failure	2026-10-08T11:44:35.3562155Z   pythonLocation: /opt/hostedtoolcache/Python/3.13.16/arm64
native (ubuntu-24.04-arm, linux-arm64)	Preserve native observations even on failure	2026-10-08T11:44:35.3562681Z   PKG_CONFIG_PATH: /opt/hostedtoolcache/Python/3.13.16/arm64/lib/pkgconfig
native (ubuntu-24.04-arm, linux-arm64)	Preserve native observations even on failure	2026-10-08T11:44:35.3563169Z   Python_ROOT_DIR: /opt/hostedtoolcache/Python/3.13.16/arm64
native (ubuntu-24.04-arm, linux-arm64)	Preserve native observations even on failure	2026-10-08T11:44:35.3563683Z   Python2_ROOT_DIR: /opt/hostedtoolcache/Python/3.13.16/arm64
native (ubuntu-24.04-arm, linux-arm64)	Preserve native observations even on failure	2026-10-08T11:44:35.3564151Z   Python3_ROOT_DIR: /opt/hostedtoolcache/Python/3.13.16/arm64
native (ubuntu-24.04-arm, linux-arm64)	Preserve native observations even on failure	2026-10-08T11:44:35.3564607Z   LD_LIBRARY_PATH: /opt/hostedtoolcache/Python/3.13.16/arm64/lib
native (ubuntu-24.04-arm, linux-arm64)	Preserve native observations even on failure	2026-10-08T11:44:35.3565414Z ##[endgroup]
native (ubuntu-24.04-arm, linux-arm64)	Preserve native observations even on failure	2026-10-08T11:44:35.4936013Z (node:2407) [DEP0040] DeprecationWarning: The `punycode` module is deprecated. Please use a userland alternative instead.
native (ubuntu-24.04-arm, linux-arm64)	Preserve native observations even on failure	2026-10-08T11:44:35.4937132Z (Use `node --trace-deprecation ...` to show where the warning was created)
native (ubuntu-24.04-arm, linux-arm64)	Preserve native observations even on failure	2026-10-08T11:44:35.5187798Z With the provided path, there will be 120 files uploaded
native (ubuntu-24.04-arm, linux-arm64)	Preserve native observations even on failure	2026-10-08T11:44:35.5192264Z Artifact name is valid!
native (ubuntu-24.04-arm, linux-arm64)	Preserve native observations even on failure	2026-10-08T11:44:35.5193269Z Root directory input is valid!
native (ubuntu-24.04-arm, linux-arm64)	Preserve native observations even on failure	2026-10-08T11:44:35.7722864Z Beginning upload of artifact content to blob storage
native (ubuntu-24.04-arm, linux-arm64)	Preserve native observations even on failure	2026-10-08T11:44:35.9544700Z (node:2407) [DEP0169] DeprecationWarning: `url.parse()` behavior is not standardized and prone to errors that have security implications. Use the WHATWG URL API instead. CVEs are not issued for `url.parse()` vulnerabilities.
native (ubuntu-24.04-arm, linux-arm64)	Preserve native observations even on failure	2026-10-08T11:44:36.1089621Z Uploaded bytes 113652
native (ubuntu-24.04-arm, linux-arm64)	Preserve native observations even on failure	2026-10-08T11:44:36.1408261Z Finished uploading artifact content to blob storage!
native (ubuntu-24.04-arm, linux-arm64)	Preserve native observations even on failure	2026-10-08T11:44:36.1409071Z SHA256 digest of uploaded artifact zip is f2ac43dca94de7292303968537fc01d9407c36a36d52e977718adc6a91b3d0ac
native (ubuntu-24.04-arm, linux-arm64)	Preserve native observations even on failure	2026-10-08T11:44:36.1410973Z Finalizing artifact upload
native (ubuntu-24.04-arm, linux-arm64)	Preserve native observations even on failure	2026-10-08T11:44:36.3610558Z Artifact native-linux-arm64-37772042337.zip successfully finalized. Artifact ID 11548407106
native (ubuntu-24.04-arm, linux-arm64)	Preserve native observations even on failure	2026-10-08T11:44:36.3611497Z Artifact native-linux-arm64-37772042337 has been successfully uploaded! Final size is 113652 bytes. Artifact ID is 11548407106
native (ubuntu-24.04-arm, linux-arm64)	Preserve native observations even on failure	2026-10-08T11:44:36.3617327Z Artifact download URL: https://github.com/full-aigc-skills/printcraft-skills/actions/runs/37772042337/artifacts/11548407106
native (ubuntu-24.04-arm, linux-arm64)	Post Run actions/setup-python@v5	﻿2026-10-08T11:44:36.3780691Z Post job cleanup.
native (ubuntu-24.04-arm, linux-arm64)	Post Run actions/setup-python@v5	2026-10-08T11:44:36.4777224Z (node:2419) [DEP0040] DeprecationWarning: The `punycode` module is deprecated. Please use a userland alternative instead.
native (ubuntu-24.04-arm, linux-arm64)	Post Run actions/setup-python@v5	2026-10-08T11:44:36.4778106Z (Use `node --trace-deprecation ...` to show where the warning was created)
native (ubuntu-24.04-arm, linux-arm64)	Post Run actions/checkout@v4	﻿2026-10-08T11:44:36.4916089Z Post job cleanup.
native (ubuntu-24.04-arm, linux-arm64)	Post Run actions/checkout@v4	2026-10-08T11:44:36.5608359Z [command]/usr/bin/git version
native (ubuntu-24.04-arm, linux-arm64)	Post Run actions/checkout@v4	2026-10-08T11:44:36.5643077Z git version 2.55.0
native (ubuntu-24.04-arm, linux-arm64)	Post Run actions/checkout@v4	2026-10-08T11:44:36.5675875Z Temporarily overriding HOME='/home/runner/work/_temp/9dcb1369-65a6-4de1-943c-f6f26613b941' before making global git config changes
native (ubuntu-24.04-arm, linux-arm64)	Post Run actions/checkout@v4	2026-10-08T11:44:36.5676678Z Adding repository directory to the temporary git global config as a safe directory
native (ubuntu-24.04-arm, linux-arm64)	Post Run actions/checkout@v4	2026-10-08T11:44:36.5680468Z [command]/usr/bin/git config --global --add safe.directory /home/runner/work/printcraft-skills/printcraft-skills
native (ubuntu-24.04-arm, linux-arm64)	Post Run actions/checkout@v4	2026-10-08T11:44:36.5720685Z [command]/usr/bin/git config --local --name-only --get-regexp core\.sshCommand
native (ubuntu-24.04-arm, linux-arm64)	Post Run actions/checkout@v4	2026-10-08T11:44:36.5754010Z [command]/usr/bin/git submodule foreach --recursive sh -c "git config --local --name-only --get-regexp 'core\.sshCommand' && git config --local --unset-all 'core.sshCommand' || :"
native (ubuntu-24.04-arm, linux-arm64)	Post Run actions/checkout@v4	2026-10-08T11:44:36.5945077Z [command]/usr/bin/git config --local --name-only --get-regexp http\.https\:\/\/github\.com\/\.extraheader
native (ubuntu-24.04-arm, linux-arm64)	Post Run actions/checkout@v4	2026-10-08T11:44:36.5964691Z http.https://github.com/.extraheader
native (ubuntu-24.04-arm, linux-arm64)	Post Run actions/checkout@v4	2026-10-08T11:44:36.5974598Z [command]/usr/bin/git config --local --unset-all http.https://github.com/.extraheader
native (ubuntu-24.04-arm, linux-arm64)	Post Run actions/checkout@v4	2026-10-08T11:44:36.6007510Z [command]/usr/bin/git submodule foreach --recursive sh -c "git config --local --name-only --get-regexp 'http\.https\:\/\/github\.com\/\.extraheader' && git config --local --unset-all 'http.https://github.com/.extraheader' || :"
native (ubuntu-24.04-arm, linux-arm64)	Post Run actions/checkout@v4	2026-10-08T11:44:36.6248849Z [command]/usr/bin/git config --local --name-only --get-regexp ^includeIf\.gitdir:
native (ubuntu-24.04-arm, linux-arm64)	Post Run actions/checkout@v4	2026-10-08T11:44:36.6277186Z [command]/usr/bin/git submodule foreach --recursive git config --local --show-origin --name-only --get-regexp remote.origin.url
native (ubuntu-24.04-arm, linux-arm64)	Complete job	﻿2026-10-08T11:44:36.6617985Z Cleaning up orphan processes
native (ubuntu-24.04-arm, linux-arm64)	Complete job	2026-10-08T11:44:36.6924707Z ##[warning]Node.js 20 is deprecated. The following actions target Node.js 20 but are being forced to run on Node.js 24: actions/checkout@v4, actions/setup-python@v5, actions/upload-artifact@v4. For more information see: https://github.blog/changelog/2025-09-19-deprecation-of-node-20-on-github-actions-runners/
native (macos-15-intel, darwin-x86_64)	Set up job	﻿2026-10-08T11:44:29.2221540Z Current runner version: '2.337.0'
native (macos-15-intel, darwin-x86_64)	Set up job	2026-10-08T11:44:29.2496200Z ##[group]Runner Image Provisioner
native (macos-15-intel, darwin-x86_64)	Set up job	2026-10-08T11:44:29.2512970Z Hosted Compute Agent
native (macos-15-intel, darwin-x86_64)	Set up job	2026-10-08T11:44:29.2533640Z Version: 20260819.586
native (macos-15-intel, darwin-x86_64)	Set up job	2026-10-08T11:44:29.2536390Z Commit: 3cc4a88dfa507ef76119ad1bb3eccc6378bb2b76
native (macos-15-intel, darwin-x86_64)	Set up job	2026-10-08T11:44:29.2538190Z Build Date: 2026-08-18T23:20:18Z
native (macos-15-intel, darwin-x86_64)	Set up job	2026-10-08T11:44:29.2548330Z Worker ID: {fdf26920-717d-4dc7-b63a-85ec7c54717c}
native (macos-15-intel, darwin-x86_64)	Set up job	2026-10-08T11:44:29.2578100Z Azure Region: westus
native (macos-15-intel, darwin-x86_64)	Set up job	2026-10-08T11:44:29.2581030Z ##[endgroup]
native (macos-15-intel, darwin-x86_64)	Set up job	2026-10-08T11:44:29.2589600Z ##[group]Operating System
native (macos-15-intel, darwin-x86_64)	Set up job	2026-10-08T11:44:29.2593560Z macOS
native (macos-15-intel, darwin-x86_64)	Set up job	2026-10-08T11:44:29.2595860Z 15.7.9
native (macos-15-intel, darwin-x86_64)	Set up job	2026-10-08T11:44:29.2601550Z 24G830
native (macos-15-intel, darwin-x86_64)	Set up job	2026-10-08T11:44:29.2604250Z ##[endgroup]
native (macos-15-intel, darwin-x86_64)	Set up job	2026-10-08T11:44:29.2606140Z ##[group]Runner Image
native (macos-15-intel, darwin-x86_64)	Set up job	2026-10-08T11:44:29.2609350Z Image: macos-15
native (macos-15-intel, darwin-x86_64)	Set up job	2026-10-08T11:44:29.2611860Z Version: 20260824.0482.1
native (macos-15-intel, darwin-x86_64)	Set up job	2026-10-08T11:44:29.2657450Z Included Software: https://github.com/actions/runner-images/blob/macos-15/20260824.0482/images/macos/macos-15-Readme.md
native (macos-15-intel, darwin-x86_64)	Set up job	2026-10-08T11:44:29.2671940Z Image Release: https://github.com/actions/runner-images/releases/tag/macos-15%2F20260824.0482
native (macos-15-intel, darwin-x86_64)	Set up job	2026-10-08T11:44:29.2679950Z ##[endgroup]
native (macos-15-intel, darwin-x86_64)	Set up job	2026-10-08T11:44:29.2704570Z ##[group]GITHUB_TOKEN Permissions
native (macos-15-intel, darwin-x86_64)	Set up job	2026-10-08T11:44:29.2723530Z Contents: read
native (macos-15-intel, darwin-x86_64)	Set up job	2026-10-08T11:44:29.2727780Z Metadata: read
native (macos-15-intel, darwin-x86_64)	Set up job	2026-10-08T11:44:29.2742630Z ##[endgroup]
native (macos-15-intel, darwin-x86_64)	Set up job	2026-10-08T11:44:29.2770450Z Secret source: Actions
native (macos-15-intel, darwin-x86_64)	Set up job	2026-10-08T11:44:29.2780740Z Cache mode: write
native (macos-15-intel, darwin-x86_64)	Set up job	2026-10-08T11:44:29.2791240Z Prepare workflow directory
native (macos-15-intel, darwin-x86_64)	Set up job	2026-10-08T11:44:29.3705520Z Prepare all required actions
native (macos-15-intel, darwin-x86_64)	Set up job	2026-10-08T11:44:29.3805820Z Getting action download info
native (macos-15-intel, darwin-x86_64)	Set up job	2026-10-08T11:44:29.8866620Z Download action repository 'actions/checkout@v4' (SHA:11d5960a326750d5838078e36cf38b85af677262)
native (macos-15-intel, darwin-x86_64)	Set up job	2026-10-08T11:44:30.3955560Z Download action repository 'actions/setup-python@v5' (SHA:a26af69be951a213d495a4c3e4e4022e16d87065)
native (macos-15-intel, darwin-x86_64)	Set up job	2026-10-08T11:44:30.8241470Z Download action repository 'actions/upload-artifact@v4' (SHA:ea165f8d65b6e75b540449e92b4886f43607fa02)
native (macos-15-intel, darwin-x86_64)	Set up job	2026-10-08T11:44:31.4109060Z Complete job name: native (macos-15-intel, darwin-x86_64)
native (macos-15-intel, darwin-x86_64)	Run actions/checkout@v4	﻿2026-10-08T11:44:31.5661810Z ##[group]Run actions/checkout@v4
native (macos-15-intel, darwin-x86_64)	Run actions/checkout@v4	2026-10-08T11:44:31.5666040Z with:
native (macos-15-intel, darwin-x86_64)	Run actions/checkout@v4	2026-10-08T11:44:31.5668280Z   repository: full-aigc-skills/printcraft-skills
native (macos-15-intel, darwin-x86_64)	Run actions/checkout@v4	2026-10-08T11:44:31.5695920Z   token: ***
native (macos-15-intel, darwin-x86_64)	Run actions/checkout@v4	2026-10-08T11:44:31.5697900Z   ssh-strict: true
native (macos-15-intel, darwin-x86_64)	Run actions/checkout@v4	2026-10-08T11:44:31.5699610Z   ssh-user: git
native (macos-15-intel, darwin-x86_64)	Run actions/checkout@v4	2026-10-08T11:44:31.5701370Z   persist-credentials: true
native (macos-15-intel, darwin-x86_64)	Run actions/checkout@v4	2026-10-08T11:44:31.5703460Z   clean: true
native (macos-15-intel, darwin-x86_64)	Run actions/checkout@v4	2026-10-08T11:44:31.5705270Z   sparse-checkout-cone-mode: true
native (macos-15-intel, darwin-x86_64)	Run actions/checkout@v4	2026-10-08T11:44:31.5708640Z   fetch-depth: 1
native (macos-15-intel, darwin-x86_64)	Run actions/checkout@v4	2026-10-08T11:44:31.5710520Z   fetch-tags: false
native (macos-15-intel, darwin-x86_64)	Run actions/checkout@v4	2026-10-08T11:44:31.5712150Z   show-progress: true
native (macos-15-intel, darwin-x86_64)	Run actions/checkout@v4	2026-10-08T11:44:31.5713760Z   lfs: false
native (macos-15-intel, darwin-x86_64)	Run actions/checkout@v4	2026-10-08T11:44:31.5715260Z   submodules: false
native (macos-15-intel, darwin-x86_64)	Run actions/checkout@v4	2026-10-08T11:44:31.5716890Z   set-safe-directory: true
native (macos-15-intel, darwin-x86_64)	Run actions/checkout@v4	2026-10-08T11:44:31.5718790Z   allow-unsafe-pr-checkout: false
native (macos-15-intel, darwin-x86_64)	Run actions/checkout@v4	2026-10-08T11:44:31.5722050Z ##[endgroup]
native (macos-15-intel, darwin-x86_64)	Run actions/checkout@v4	2026-10-08T11:44:32.0494880Z Syncing repository: full-aigc-skills/printcraft-skills
native (macos-15-intel, darwin-x86_64)	Run actions/checkout@v4	2026-10-08T11:44:32.0503410Z ##[group]Getting Git version info
native (macos-15-intel, darwin-x86_64)	Run actions/checkout@v4	2026-10-08T11:44:32.0508510Z Working directory is '/Users/runner/work/printcraft-skills/printcraft-skills'
native (macos-15-intel, darwin-x86_64)	Run actions/checkout@v4	2026-10-08T11:44:32.0516530Z [command]/usr/local/bin/git version
native (macos-15-intel, darwin-x86_64)	Run actions/checkout@v4	2026-10-08T11:44:32.0870420Z git version 2.55.0
native (macos-15-intel, darwin-x86_64)	Run actions/checkout@v4	2026-10-08T11:44:32.0916030Z ##[endgroup]
native (macos-15-intel, darwin-x86_64)	Run actions/checkout@v4	2026-10-08T11:44:32.0931010Z Copying '/Users/runner/.gitconfig' to '/Users/runner/work/_temp/b39c8a1d-8f8b-4c23-8e7c-b199517bb22d/.gitconfig'
native (macos-15-intel, darwin-x86_64)	Run actions/checkout@v4	2026-10-08T11:44:32.0954500Z Temporarily overriding HOME='/Users/runner/work/_temp/b39c8a1d-8f8b-4c23-8e7c-b199517bb22d' before making global git config changes
native (macos-15-intel, darwin-x86_64)	Run actions/checkout@v4	2026-10-08T11:44:32.0964400Z Adding repository directory to the temporary git global config as a safe directory
native (macos-15-intel, darwin-x86_64)	Run actions/checkout@v4	2026-10-08T11:44:32.0973700Z [command]/usr/local/bin/git config --global --add safe.directory /Users/runner/work/printcraft-skills/printcraft-skills
native (macos-15-intel, darwin-x86_64)	Run actions/checkout@v4	2026-10-08T11:44:32.1191870Z Deleting the contents of '/Users/runner/work/printcraft-skills/printcraft-skills'
native (macos-15-intel, darwin-x86_64)	Run actions/checkout@v4	2026-10-08T11:44:32.1203100Z ##[group]Initializing the repository
native (macos-15-intel, darwin-x86_64)	Run actions/checkout@v4	2026-10-08T11:44:32.1215400Z [command]/usr/local/bin/git init /Users/runner/work/printcraft-skills/printcraft-skills
native (macos-15-intel, darwin-x86_64)	Run actions/checkout@v4	2026-10-08T11:44:32.1803970Z hint: Using 'master' as the name for the initial branch. This default branch name
native (macos-15-intel, darwin-x86_64)	Run actions/checkout@v4	2026-10-08T11:44:32.1812070Z hint: will change to "main" in Git 3.0. To configure the initial branch name
native (macos-15-intel, darwin-x86_64)	Run actions/checkout@v4	2026-10-08T11:44:32.1818750Z hint: to use in all of your new repositories, which will suppress this warning,
native (macos-15-intel, darwin-x86_64)	Run actions/checkout@v4	2026-10-08T11:44:32.1824020Z hint: call:
native (macos-15-intel, darwin-x86_64)	Run actions/checkout@v4	2026-10-08T11:44:32.1826560Z hint:
native (macos-15-intel, darwin-x86_64)	Run actions/checkout@v4	2026-10-08T11:44:32.1829900Z hint: 	git config --global init.defaultBranch <name>
native (macos-15-intel, darwin-x86_64)	Run actions/checkout@v4	2026-10-08T11:44:32.1834060Z hint:
native (macos-15-intel, darwin-x86_64)	Run actions/checkout@v4	2026-10-08T11:44:32.1838520Z hint: Names commonly chosen instead of 'master' are 'main', 'trunk' and
native (macos-15-intel, darwin-x86_64)	Run actions/checkout@v4	2026-10-08T11:44:32.1845560Z hint: 'development'. The just-created branch can be renamed via this command:
native (macos-15-intel, darwin-x86_64)	Run actions/checkout@v4	2026-10-08T11:44:32.1851520Z hint:
native (macos-15-intel, darwin-x86_64)	Run actions/checkout@v4	2026-10-08T11:44:32.1855000Z hint: 	git branch -m <name>
native (macos-15-intel, darwin-x86_64)	Run actions/checkout@v4	2026-10-08T11:44:32.1859330Z hint:
native (macos-15-intel, darwin-x86_64)	Run actions/checkout@v4	2026-10-08T11:44:32.1864920Z hint: Disable this message with "git config set advice.defaultBranchName false"
native (macos-15-intel, darwin-x86_64)	Run actions/checkout@v4	2026-10-08T11:44:32.1874090Z Initialized empty Git repository in /Users/runner/work/printcraft-skills/printcraft-skills/.git/
native (macos-15-intel, darwin-x86_64)	Run actions/checkout@v4	2026-10-08T11:44:32.1887850Z [command]/usr/local/bin/git remote add origin https://github.com/full-aigc-skills/printcraft-skills
native (macos-15-intel, darwin-x86_64)	Run actions/checkout@v4	2026-10-08T11:44:32.2085620Z ##[endgroup]
native (macos-15-intel, darwin-x86_64)	Run actions/checkout@v4	2026-10-08T11:44:32.2092770Z ##[group]Disabling automatic garbage collection
native (macos-15-intel, darwin-x86_64)	Run actions/checkout@v4	2026-10-08T11:44:32.2098690Z [command]/usr/local/bin/git config --local gc.auto 0
native (macos-15-intel, darwin-x86_64)	Run actions/checkout@v4	2026-10-08T11:44:32.2300270Z ##[endgroup]
native (macos-15-intel, darwin-x86_64)	Run actions/checkout@v4	2026-10-08T11:44:32.2310750Z ##[group]Setting up auth
native (macos-15-intel, darwin-x86_64)	Run actions/checkout@v4	2026-10-08T11:44:32.2316200Z [command]/usr/local/bin/git config --local --name-only --get-regexp core\.sshCommand
native (macos-15-intel, darwin-x86_64)	Run actions/checkout@v4	2026-10-08T11:44:32.2506300Z [command]/usr/local/bin/git submodule foreach --recursive sh -c "git config --local --name-only --get-regexp 'core\.sshCommand' && git config --local --unset-all 'core.sshCommand' || :"
native (macos-15-intel, darwin-x86_64)	Run actions/checkout@v4	2026-10-08T11:44:32.4813980Z [command]/usr/local/bin/git config --local --name-only --get-regexp http\.https\:\/\/github\.com\/\.extraheader
native (macos-15-intel, darwin-x86_64)	Run actions/checkout@v4	2026-10-08T11:44:32.4950220Z [command]/usr/local/bin/git submodule foreach --recursive sh -c "git config --local --name-only --get-regexp 'http\.https\:\/\/github\.com\/\.extraheader' && git config --local --unset-all 'http.https://github.com/.extraheader' || :"
native (macos-15-intel, darwin-x86_64)	Run actions/checkout@v4	2026-10-08T11:44:32.6821190Z [command]/usr/local/bin/git config --local --name-only --get-regexp ^includeIf\.gitdir:
native (macos-15-intel, darwin-x86_64)	Run actions/checkout@v4	2026-10-08T11:44:32.6953310Z [command]/usr/local/bin/git submodule foreach --recursive git config --local --show-origin --name-only --get-regexp remote.origin.url
native (macos-15-intel, darwin-x86_64)	Run actions/checkout@v4	2026-10-08T11:44:32.9418090Z [command]/usr/local/bin/git config --local http.https://github.com/.extraheader AUTHORIZATION: basic ***
native (macos-15-intel, darwin-x86_64)	Run actions/checkout@v4	2026-10-08T11:44:32.9648210Z ##[endgroup]
native (macos-15-intel, darwin-x86_64)	Run actions/checkout@v4	2026-10-08T11:44:32.9653510Z ##[group]Fetching the repository
native (macos-15-intel, darwin-x86_64)	Run actions/checkout@v4	2026-10-08T11:44:32.9670540Z [command]/usr/local/bin/git -c protocol.version=2 fetch --no-tags --prune --no-recurse-submodules --depth=1 origin +bad64e181e1b6b4e8d60e10cdb7623b6d2710d74:refs/remotes/origin/main
native (macos-15-intel, darwin-x86_64)	Run actions/checkout@v4	2026-10-08T11:44:36.2262540Z From https://github.com/full-aigc-skills/printcraft-skills
native (macos-15-intel, darwin-x86_64)	Run actions/checkout@v4	2026-10-08T11:44:36.2264720Z  * [new ref]         bad64e181e1b6b4e8d60e10cdb7623b6d2710d74 -> origin/main
native (macos-15-intel, darwin-x86_64)	Run actions/checkout@v4	2026-10-08T11:44:36.2275060Z ##[endgroup]
native (macos-15-intel, darwin-x86_64)	Run actions/checkout@v4	2026-10-08T11:44:36.2276670Z ##[group]Determining the checkout info
native (macos-15-intel, darwin-x86_64)	Run actions/checkout@v4	2026-10-08T11:44:36.2278490Z ##[endgroup]
native (macos-15-intel, darwin-x86_64)	Run actions/checkout@v4	2026-10-08T11:44:36.2290370Z [command]/usr/local/bin/git sparse-checkout disable
native (macos-15-intel, darwin-x86_64)	Run actions/checkout@v4	2026-10-08T11:44:36.2461510Z [command]/usr/local/bin/git config --local --unset-all extensions.worktreeConfig
native (macos-15-intel, darwin-x86_64)	Run actions/checkout@v4	2026-10-08T11:44:36.2599590Z ##[group]Checking out the ref
native (macos-15-intel, darwin-x86_64)	Run actions/checkout@v4	2026-10-08T11:44:36.2608470Z [command]/usr/local/bin/git checkout --progress --force -B main refs/remotes/origin/main
native (macos-15-intel, darwin-x86_64)	Run actions/checkout@v4	2026-10-08T11:44:36.4376260Z Switched to a new branch 'main'
native (macos-15-intel, darwin-x86_64)	Run actions/checkout@v4	2026-10-08T11:44:36.4392970Z branch 'main' set up to track 'origin/main'.
native (macos-15-intel, darwin-x86_64)	Run actions/checkout@v4	2026-10-08T11:44:36.4403970Z ##[endgroup]
native (macos-15-intel, darwin-x86_64)	Run actions/checkout@v4	2026-10-08T11:44:36.4560180Z [command]/usr/local/bin/git log -1 --format=%H
native (macos-15-intel, darwin-x86_64)	Run actions/checkout@v4	2026-10-08T11:44:36.4709920Z bad64e181e1b6b4e8d60e10cdb7623b6d2710d74
native (macos-15-intel, darwin-x86_64)	Run actions/setup-python@v5	﻿2026-10-08T11:44:36.5327850Z ##[group]Run actions/setup-python@v5
native (macos-15-intel, darwin-x86_64)	Run actions/setup-python@v5	2026-10-08T11:44:36.5328680Z with:
native (macos-15-intel, darwin-x86_64)	Run actions/setup-python@v5	2026-10-08T11:44:36.5329170Z   python-version: 3.13
native (macos-15-intel, darwin-x86_64)	Run actions/setup-python@v5	2026-10-08T11:44:36.5329740Z   check-latest: false
native (macos-15-intel, darwin-x86_64)	Run actions/setup-python@v5	2026-10-08T11:44:36.5335600Z   token: ***
native (macos-15-intel, darwin-x86_64)	Run actions/setup-python@v5	2026-10-08T11:44:36.5336170Z   update-environment: true
native (macos-15-intel, darwin-x86_64)	Run actions/setup-python@v5	2026-10-08T11:44:36.5336760Z   allow-prereleases: false
native (macos-15-intel, darwin-x86_64)	Run actions/setup-python@v5	2026-10-08T11:44:36.5337340Z   freethreaded: false
native (macos-15-intel, darwin-x86_64)	Run actions/setup-python@v5	2026-10-08T11:44:36.5337860Z ##[endgroup]
native (macos-15-intel, darwin-x86_64)	Run actions/setup-python@v5	2026-10-08T11:44:37.0977820Z ##[group]Installed versions
native (macos-15-intel, darwin-x86_64)	Run actions/setup-python@v5	2026-10-08T11:44:37.1375880Z (node:1166) [DEP0040] DeprecationWarning: The `punycode` module is deprecated. Please use a userland alternative instead.
native (macos-15-intel, darwin-x86_64)	Run actions/setup-python@v5	2026-10-08T11:44:37.1443540Z (Use `node --trace-deprecation ...` to show where the warning was created)
native (macos-15-intel, darwin-x86_64)	Run actions/setup-python@v5	2026-10-08T11:44:37.1445150Z Successfully set up CPython (3.13.15)
native (macos-15-intel, darwin-x86_64)	Run actions/setup-python@v5	2026-10-08T11:44:37.1473210Z ##[endgroup]
native (macos-15-intel, darwin-x86_64)	Execute official pinned binary on actual platform	﻿2026-10-08T11:44:37.1806130Z ##[group]Run python -I -B tests/platform_acceptance.py --platform darwin-x86_64 --workdir native-evidence --with-english-models
native (macos-15-intel, darwin-x86_64)	Execute official pinned binary on actual platform	2026-10-08T11:44:37.1808880Z ^[[36;1mpython -I -B tests/platform_acceptance.py --platform darwin-x86_64 --workdir native-evidence --with-english-models^[[0m
native (macos-15-intel, darwin-x86_64)	Execute official pinned binary on actual platform	2026-10-08T11:44:37.1948750Z shell: /bin/bash -e {0}
native (macos-15-intel, darwin-x86_64)	Execute official pinned binary on actual platform	2026-10-08T11:44:37.1949690Z env:
native (macos-15-intel, darwin-x86_64)	Execute official pinned binary on actual platform	2026-10-08T11:44:37.1950780Z   pythonLocation: /Users/runner/hostedtoolcache/Python/3.13.15/x64
native (macos-15-intel, darwin-x86_64)	Execute official pinned binary on actual platform	2026-10-08T11:44:37.1952550Z   PKG_CONFIG_PATH: /Users/runner/hostedtoolcache/Python/3.13.15/x64/lib/pkgconfig
native (macos-15-intel, darwin-x86_64)	Execute official pinned binary on actual platform	2026-10-08T11:44:37.1954250Z   Python_ROOT_DIR: /Users/runner/hostedtoolcache/Python/3.13.15/x64
native (macos-15-intel, darwin-x86_64)	Execute official pinned binary on actual platform	2026-10-08T11:44:37.1955900Z   Python2_ROOT_DIR: /Users/runner/hostedtoolcache/Python/3.13.15/x64
native (macos-15-intel, darwin-x86_64)	Execute official pinned binary on actual platform	2026-10-08T11:44:37.1957560Z   Python3_ROOT_DIR: /Users/runner/hostedtoolcache/Python/3.13.15/x64
native (macos-15-intel, darwin-x86_64)	Execute official pinned binary on actual platform	2026-10-08T11:44:37.1958860Z ##[endgroup]
native (macos-15-intel, darwin-x86_64)	Execute official pinned binary on actual platform	2026-10-08T11:44:47.7483650Z {
native (macos-15-intel, darwin-x86_64)	Execute official pinned binary on actual platform	2026-10-08T11:44:47.7487390Z   "contract": "printcraft.native-platform-evidence/1",
native (macos-15-intel, darwin-x86_64)	Execute official pinned binary on actual platform	2026-10-08T11:44:47.7490490Z   "platform": "darwin-x86_64",
native (macos-15-intel, darwin-x86_64)	Execute official pinned binary on actual platform	2026-10-08T11:44:47.7522220Z   "sourceCommit": "bad64e181e1b6b4e8d60e10cdb7623b6d2710d74",
native (macos-15-intel, darwin-x86_64)	Execute official pinned binary on actual platform	2026-10-08T11:44:47.7528220Z   "startedAt": "2026-10-08T11:44:39.160530+00:00",
native (macos-15-intel, darwin-x86_64)	Execute official pinned binary on actual platform	2026-10-08T11:44:47.7532990Z   "sourceFiles": {
native (macos-15-intel, darwin-x86_64)	Execute official pinned binary on actual platform	2026-10-08T11:44:47.7629110Z     "tests/platform_acceptance.py": "5bad75cb385c12c26c9c7c1a489d141d208258834e42bdda2c6282b026a36325",
native (macos-15-intel, darwin-x86_64)	Execute official pinned binary on actual platform	2026-10-08T11:44:47.7635790Z     "tests/platform-artifacts.json": "8c03b465e51e8f53bb337ffef75eb67cba12d945c3c319ad70619bbe01929717",
native (macos-15-intel, darwin-x86_64)	Execute official pinned binary on actual platform	2026-10-08T11:44:47.7639650Z     "tests/fixtures/make_pdf.py": "c41f12f867c5f81e359c3197373214c65e89fc2e58ff5643198afbffd4ac7993",
native (macos-15-intel, darwin-x86_64)	Execute official pinned binary on actual platform	2026-10-08T11:44:47.7643950Z     "tests/ocr-models.json": "ee3d3f82d18485cf57f74bd551ba039c705ae3d9fb139e607e75822cf94a7fa8",
native (macos-15-intel, darwin-x86_64)	Execute official pinned binary on actual platform	2026-10-08T11:44:47.7648390Z     "tests/fixtures/scan_pdf.py": "b04c9bf09d7e3645f915c58539778ea9b2b5c26bce03067c28ded640c1831605"
native (macos-15-intel, darwin-x86_64)	Execute official pinned binary on actual platform	2026-10-08T11:44:47.7652240Z   },
native (macos-15-intel, darwin-x86_64)	Execute official pinned binary on actual platform	2026-10-08T11:44:47.7654170Z   "host": {
native (macos-15-intel, darwin-x86_64)	Execute official pinned binary on actual platform	2026-10-08T11:44:47.7656490Z     "system": "Darwin",
native (macos-15-intel, darwin-x86_64)	Execute official pinned binary on actual platform	2026-10-08T11:44:47.7700240Z     "machine": "x86_64",
native (macos-15-intel, darwin-x86_64)	Execute official pinned binary on actual platform	2026-10-08T11:44:47.7708010Z     "release": "24.6.0",
native (macos-15-intel, darwin-x86_64)	Execute official pinned binary on actual platform	2026-10-08T11:44:47.7710250Z     "python": "3.13.15"
native (macos-15-intel, darwin-x86_64)	Execute official pinned binary on actual platform	2026-10-08T11:44:47.7744430Z   },
native (macos-15-intel, darwin-x86_64)	Execute official pinned binary on actual platform	2026-10-08T11:44:47.7747400Z   "workflow": {
native (macos-15-intel, darwin-x86_64)	Execute official pinned binary on actual platform	2026-10-08T11:44:47.7766200Z     "runId": "37772042337",
native (macos-15-intel, darwin-x86_64)	Execute official pinned binary on actual platform	2026-10-08T11:44:47.7768720Z     "runAttempt": "1"
native (macos-15-intel, darwin-x86_64)	Execute official pinned binary on actual platform	2026-10-08T11:44:47.7770830Z   },
native (macos-15-intel, darwin-x86_64)	Execute official pinned binary on actual platform	2026-10-08T11:44:47.7773490Z   "runtime": {
native (macos-15-intel, darwin-x86_64)	Execute official pinned binary on actual platform	2026-10-08T11:44:47.7775530Z     "system": "darwin",
native (macos-15-intel, darwin-x86_64)	Execute official pinned binary on actual platform	2026-10-08T11:44:47.7777580Z     "machine": "x86_64",
native (macos-15-intel, darwin-x86_64)	Execute official pinned binary on actual platform	2026-10-08T11:44:47.7779900Z     "asset": "printcraft-cli-0.2.1-macos-universal.zip",
native (macos-15-intel, darwin-x86_64)	Execute official pinned binary on actual platform	2026-10-08T11:44:47.7784430Z     "url": "https://github.com/storytold/pdfcraft/releases/download/v0.2.1/printcraft-cli-0.2.1-macos-universal.zip",
native (macos-15-intel, darwin-x86_64)	Execute official pinned binary on actual platform	2026-10-08T11:44:47.7788320Z     "archiveSha256": "bda65829033916c5de5a7ddc0763437f8db2e8792ee43c8dc2676434acb3d495",
native (macos-15-intel, darwin-x86_64)	Execute official pinned binary on actual platform	2026-10-08T11:44:47.7792450Z     "member": "printcraft-cli-0.2.1-macos-universal/printcraft-cli",
native (macos-15-intel, darwin-x86_64)	Execute official pinned binary on actual platform	2026-10-08T11:44:47.7795420Z     "binarySha256": "b7783b596870ed5a326f29456d4647382d2e1e4d7b7ffe75ded192cd15b86995"
native (macos-15-intel, darwin-x86_64)	Execute official pinned binary on actual platform	2026-10-08T11:44:47.7800100Z   },
native (macos-15-intel, darwin-x86_64)	Execute official pinned binary on actual platform	2026-10-08T11:44:47.7840050Z   "results": {
native (macos-15-intel, darwin-x86_64)	Execute official pinned binary on actual platform	2026-10-08T11:44:47.7842290Z     "reorder_save_reopen_render": {
native (macos-15-intel, darwin-x86_64)	Execute official pinned binary on actual platform	2026-10-08T11:44:47.7843750Z       "status": "PASS",
native (macos-15-intel, darwin-x86_64)	Execute official pinned binary on actual platform	2026-10-08T11:44:47.7844950Z       "details": {
native (macos-15-intel, darwin-x86_64)	Execute official pinned binary on actual platform	2026-10-08T11:44:47.7847180Z         "outputSha256": "1f83a294fe160a4785c3d91f65300fe6daab2ba6fdeb41ead7494585bc65edbf",
native (macos-15-intel, darwin-x86_64)	Execute official pinned binary on actual platform	2026-10-08T11:44:47.7848880Z         "info": {
native (macos-15-intel, darwin-x86_64)	Execute official pinned binary on actual platform	2026-10-08T11:44:47.7851020Z           "annotations": 0,
native (macos-15-intel, darwin-x86_64)	Execute official pinned binary on actual platform	2026-10-08T11:44:47.7852810Z           "attachments": 0,
native (macos-15-intel, darwin-x86_64)	Execute official pinned binary on actual platform	2026-10-08T11:44:47.7853710Z           "author": null,
native (macos-15-intel, darwin-x86_64)	Execute official pinned binary on actual platform	2026-10-08T11:44:47.7854960Z           "bookmarks": 0,
native (macos-15-intel, darwin-x86_64)	Execute official pinned binary on actual platform	2026-10-08T11:44:47.7856720Z           "creator": null,
native (macos-15-intel, darwin-x86_64)	Execute official pinned binary on actual platform	2026-10-08T11:44:47.7858030Z           "encrypted": false,
native (macos-15-intel, darwin-x86_64)	Execute official pinned binary on actual platform	2026-10-08T11:44:47.7859800Z           "fields": 0,
native (macos-15-intel, darwin-x86_64)	Execute official pinned binary on actual platform	2026-10-08T11:44:47.7861330Z           "file": "/Users/runner/work/printcraft-skills/printcraft-skills/native-evidence/reorder.pdf",
native (macos-15-intel, darwin-x86_64)	Execute official pinned binary on actual platform	2026-10-08T11:44:47.7867560Z           "file_size": 918,
native (macos-15-intel, darwin-x86_64)	Execute official pinned binary on actual platform	2026-10-08T11:44:47.7868470Z           "first_page_pt": [
native (macos-15-intel, darwin-x86_64)	Execute official pinned binary on actual platform	2026-10-08T11:44:47.7869320Z             612.0,
native (macos-15-intel, darwin-x86_64)	Execute official pinned binary on actual platform	2026-10-08T11:44:47.7870210Z             792.0
native (macos-15-intel, darwin-x86_64)	Execute official pinned binary on actual platform	2026-10-08T11:44:47.7870930Z           ],
native (macos-15-intel, darwin-x86_64)	Execute official pinned binary on actual platform	2026-10-08T11:44:47.7871710Z           "javascript": false,
native (macos-15-intel, darwin-x86_64)	Execute official pinned binary on actual platform	2026-10-08T11:44:47.7872910Z           "layers": 0,
native (macos-15-intel, darwin-x86_64)	Execute official pinned binary on actual platform	2026-10-08T11:44:47.7874410Z           "links": 0,
native (macos-15-intel, darwin-x86_64)	Execute official pinned binary on actual platform	2026-10-08T11:44:47.7875210Z           "page_labels": [
native (macos-15-intel, darwin-x86_64)	Execute official pinned binary on actual platform	2026-10-08T11:44:47.7876850Z             "1",
native (macos-15-intel, darwin-x86_64)	Execute official pinned binary on actual platform	2026-10-08T11:44:47.7877690Z             "2",
native (macos-15-intel, darwin-x86_64)	Execute official pinned binary on actual platform	2026-10-08T11:44:47.7878470Z             "3"
native (macos-15-intel, darwin-x86_64)	Execute official pinned binary on actual platform	2026-10-08T11:44:47.7879180Z           ],
native (macos-15-intel, darwin-x86_64)	Execute official pinned binary on actual platform	2026-10-08T11:44:47.7879880Z           "pages": 3,
native (macos-15-intel, darwin-x86_64)	Execute official pinned binary on actual platform	2026-10-08T11:44:47.7880710Z           "pdf_version": "1.5",
native (macos-15-intel, darwin-x86_64)	Execute official pinned binary on actual platform	2026-10-08T11:44:47.7882000Z           "producer": null,
native (macos-15-intel, darwin-x86_64)	Execute official pinned binary on actual platform	2026-10-08T11:44:47.7882870Z           "tagged": false,
native (macos-15-intel, darwin-x86_64)	Execute official pinned binary on actual platform	2026-10-08T11:44:47.7884340Z           "title": null,
native (macos-15-intel, darwin-x86_64)	Execute official pinned binary on actual platform	2026-10-08T11:44:47.7885420Z           "warnings": [],
native (macos-15-intel, darwin-x86_64)	Execute official pinned binary on actual platform	2026-10-08T11:44:47.7886270Z           "xfa": null
native (macos-15-intel, darwin-x86_64)	Execute official pinned binary on actual platform	2026-10-08T11:44:47.7887280Z         },
native (macos-15-intel, darwin-x86_64)	Execute official pinned binary on actual platform	2026-10-08T11:44:47.7888300Z         "texts": [
native (macos-15-intel, darwin-x86_64)	Execute official pinned binary on actual platform	2026-10-08T11:44:47.7889060Z           "PAGE-GAMMA",
native (macos-15-intel, darwin-x86_64)	Execute official pinned binary on actual platform	2026-10-08T11:44:47.7889890Z           "PAGE-ALPHA",
native (macos-15-intel, darwin-x86_64)	Execute official pinned binary on actual platform	2026-10-08T11:44:47.7890680Z           "PAGE-BETA"
native (macos-15-intel, darwin-x86_64)	Execute official pinned binary on actual platform	2026-10-08T11:44:47.7891440Z         ]
native (macos-15-intel, darwin-x86_64)	Execute official pinned binary on actual platform	2026-10-08T11:44:47.7892100Z       }
native (macos-15-intel, darwin-x86_64)	Execute official pinned binary on actual platform	2026-10-08T11:44:47.7892710Z     },
native (macos-15-intel, darwin-x86_64)	Execute official pinned binary on actual platform	2026-10-08T11:44:47.7893410Z     "rotate_save_reopen_render": {
native (macos-15-intel, darwin-x86_64)	Execute official pinned binary on actual platform	2026-10-08T11:44:47.7894310Z       "status": "PASS",
native (macos-15-intel, darwin-x86_64)	Execute official pinned binary on actual platform	2026-10-08T11:44:47.7895080Z       "details": {
native (macos-15-intel, darwin-x86_64)	Execute official pinned binary on actual platform	2026-10-08T11:44:47.7896440Z         "outputSha256": "fdd153e07120194045161e8b97607a0da60897a84f1afae96794e3b85577fd0e",
native (macos-15-intel, darwin-x86_64)	Execute official pinned binary on actual platform	2026-10-08T11:44:47.7898280Z         "info": {
native (macos-15-intel, darwin-x86_64)	Execute official pinned binary on actual platform	2026-10-08T11:44:47.7899070Z           "annotations": 0,
native (macos-15-intel, darwin-x86_64)	Execute official pinned binary on actual platform	2026-10-08T11:44:47.7900620Z           "attachments": 0,
native (macos-15-intel, darwin-x86_64)	Execute official pinned binary on actual platform	2026-10-08T11:44:47.7901460Z           "author": null,
native (macos-15-intel, darwin-x86_64)	Execute official pinned binary on actual platform	2026-10-08T11:44:47.7902210Z           "bookmarks": 0,
native (macos-15-intel, darwin-x86_64)	Execute official pinned binary on actual platform	2026-10-08T11:44:47.7902930Z           "creator": null,
native (macos-15-intel, darwin-x86_64)	Execute official pinned binary on actual platform	2026-10-08T11:44:47.7903880Z           "encrypted": false,
native (macos-15-intel, darwin-x86_64)	Execute official pinned binary on actual platform	2026-10-08T11:44:47.7904710Z           "fields": 0,
native (macos-15-intel, darwin-x86_64)	Execute official pinned binary on actual platform	2026-10-08T11:44:47.7906080Z           "file": "/Users/runner/work/printcraft-skills/printcraft-skills/native-evidence/rotate.pdf",
native (macos-15-intel, darwin-x86_64)	Execute official pinned binary on actual platform	2026-10-08T11:44:47.7907730Z           "file_size": 927,
native (macos-15-intel, darwin-x86_64)	Execute official pinned binary on actual platform	2026-10-08T11:44:47.7908820Z           "first_page_pt": [
native (macos-15-intel, darwin-x86_64)	Execute official pinned binary on actual platform	2026-10-08T11:44:47.7909620Z             792.0,
native (macos-15-intel, darwin-x86_64)	Execute official pinned binary on actual platform	2026-10-08T11:44:47.7910290Z             612.0
native (macos-15-intel, darwin-x86_64)	Execute official pinned binary on actual platform	2026-10-08T11:44:47.7910990Z           ],
native (macos-15-intel, darwin-x86_64)	Execute official pinned binary on actual platform	2026-10-08T11:44:47.7911690Z           "javascript": false,
native (macos-15-intel, darwin-x86_64)	Execute official pinned binary on actual platform	2026-10-08T11:44:47.7912490Z           "layers": 0,
native (macos-15-intel, darwin-x86_64)	Execute official pinned binary on actual platform	2026-10-08T11:44:47.7913200Z           "links": 0,
native (macos-15-intel, darwin-x86_64)	Execute official pinned binary on actual platform	2026-10-08T11:44:47.7914210Z           "page_labels": [
native (macos-15-intel, darwin-x86_64)	Execute official pinned binary on actual platform	2026-10-08T11:44:47.7915000Z             "1",
native (macos-15-intel, darwin-x86_64)	Execute official pinned binary on actual platform	2026-10-08T11:44:47.7915650Z             "2",
native (macos-15-intel, darwin-x86_64)	Execute official pinned binary on actual platform	2026-10-08T11:44:47.7916300Z             "3"
native (macos-15-intel, darwin-x86_64)	Execute official pinned binary on actual platform	2026-10-08T11:44:47.7916960Z           ],
native (macos-15-intel, darwin-x86_64)	Execute official pinned binary on actual platform	2026-10-08T11:44:47.7917620Z           "pages": 3,
native (macos-15-intel, darwin-x86_64)	Execute official pinned binary on actual platform	2026-10-08T11:44:47.7918580Z           "pdf_version": "1.5",
native (macos-15-intel, darwin-x86_64)	Execute official pinned binary on actual platform	2026-10-08T11:44:47.7919520Z           "producer": null,
native (macos-15-intel, darwin-x86_64)	Execute official pinned binary on actual platform	2026-10-08T11:44:47.7924490Z           "tagged": false,
native (macos-15-intel, darwin-x86_64)	Execute official pinned binary on actual platform	2026-10-08T11:44:47.7925490Z           "title": null,
native (macos-15-intel, darwin-x86_64)	Execute official pinned binary on actual platform	2026-10-08T11:44:47.7926380Z           "warnings": [],
native (macos-15-intel, darwin-x86_64)	Execute official pinned binary on actual platform	2026-10-08T11:44:47.7927920Z           "xfa": null
native (macos-15-intel, darwin-x86_64)	Execute official pinned binary on actual platform	2026-10-08T11:44:47.7928740Z         },
native (macos-15-intel, darwin-x86_64)	Execute official pinned binary on actual platform	2026-10-08T11:44:47.7929560Z         "texts": [
native (macos-15-intel, darwin-x86_64)	Execute official pinned binary on actual platform	2026-10-08T11:44:47.7930350Z           "PAGE-ALPHA",
native (macos-15-intel, darwin-x86_64)	Execute official pinned binary on actual platform	2026-10-08T11:44:47.7931200Z           "PAGE-BETA",
native (macos-15-intel, darwin-x86_64)	Execute official pinned binary on actual platform	2026-10-08T11:44:47.7932060Z           "PAGE-GAMMA"
native (macos-15-intel, darwin-x86_64)	Execute official pinned binary on actual platform	2026-10-08T11:44:47.7932870Z         ]
native (macos-15-intel, darwin-x86_64)	Execute official pinned binary on actual platform	2026-10-08T11:44:47.7933610Z       }
native (macos-15-intel, darwin-x86_64)	Execute official pinned binary on actual platform	2026-10-08T11:44:47.7934380Z     },
native (macos-15-intel, darwin-x86_64)	Execute official pinned binary on actual platform	2026-10-08T11:44:47.7935320Z     "crop_save_reopen_render": {
native (macos-15-intel, darwin-x86_64)	Execute official pinned binary on actual platform	2026-10-08T11:44:47.7936330Z       "status": "PASS",
native (macos-15-intel, darwin-x86_64)	Execute official pinned binary on actual platform	2026-10-08T11:44:47.7937150Z       "details": {
native (macos-15-intel, darwin-x86_64)	Execute official pinned binary on actual platform	2026-10-08T11:44:47.7938560Z         "outputSha256": "1a0e5e67e5e2072f44ba3f5b46c69db7b372eefeb7600e9eb467b5f2a7428d7c",
native (macos-15-intel, darwin-x86_64)	Execute official pinned binary on actual platform	2026-10-08T11:44:47.8002860Z         "info": {
native (macos-15-intel, darwin-x86_64)	Execute official pinned binary on actual platform	2026-10-08T11:44:47.8003820Z           "annotations": 0,
native (macos-15-intel, darwin-x86_64)	Execute official pinned binary on actual platform	2026-10-08T11:44:47.8004660Z           "attachments": 0,
native (macos-15-intel, darwin-x86_64)	Execute official pinned binary on actual platform	2026-10-08T11:44:47.8008340Z           "author": null,
native (macos-15-intel, darwin-x86_64)	Execute official pinned binary on actual platform	2026-10-08T11:44:47.8009340Z           "bookmarks": 0,
native (macos-15-intel, darwin-x86_64)	Execute official pinned binary on actual platform	2026-10-08T11:44:47.8010270Z           "creator": null,
native (macos-15-intel, darwin-x86_64)	Execute official pinned binary on actual platform	2026-10-08T11:44:47.8011470Z           "encrypted": false,
native (macos-15-intel, darwin-x86_64)	Execute official pinned binary on actual platform	2026-10-08T11:44:47.8013570Z           "fields": 0,
native (macos-15-intel, darwin-x86_64)	Execute official pinned binary on actual platform	2026-10-08T11:44:47.8015060Z           "file": "/Users/runner/work/printcraft-skills/printcraft-skills/native-evidence/crop.pdf",
native (macos-15-intel, darwin-x86_64)	Execute official pinned binary on actual platform	2026-10-08T11:44:47.8016770Z           "file_size": 933,
native (macos-15-intel, darwin-x86_64)	Execute official pinned binary on actual platform	2026-10-08T11:44:47.8017660Z           "first_page_pt": [
native (macos-15-intel, darwin-x86_64)	Execute official pinned binary on actual platform	2026-10-08T11:44:47.8018710Z             592.0,
native (macos-15-intel, darwin-x86_64)	Execute official pinned binary on actual platform	2026-10-08T11:44:47.8019590Z             772.0
native (macos-15-intel, darwin-x86_64)	Execute official pinned binary on actual platform	2026-10-08T11:44:47.8020440Z           ],
native (macos-15-intel, darwin-x86_64)	Execute official pinned binary on actual platform	2026-10-08T11:44:47.8021330Z           "javascript": false,
native (macos-15-intel, darwin-x86_64)	Execute official pinned binary on actual platform	2026-10-08T11:44:47.8022330Z           "layers": 0,
native (macos-15-intel, darwin-x86_64)	Execute official pinned binary on actual platform	2026-10-08T11:44:47.8023090Z           "links": 0,
native (macos-15-intel, darwin-x86_64)	Execute official pinned binary on actual platform	2026-10-08T11:44:47.8023860Z           "page_labels": [
native (macos-15-intel, darwin-x86_64)	Execute official pinned binary on actual platform	2026-10-08T11:44:47.8024680Z             "1",
native (macos-15-intel, darwin-x86_64)	Execute official pinned binary on actual platform	2026-10-08T11:44:47.8025320Z             "2",
native (macos-15-intel, darwin-x86_64)	Execute official pinned binary on actual platform	2026-10-08T11:44:47.8025980Z             "3"
native (macos-15-intel, darwin-x86_64)	Execute official pinned binary on actual platform	2026-10-08T11:44:47.8026950Z           ],
native (macos-15-intel, darwin-x86_64)	Execute official pinned binary on actual platform	2026-10-08T11:44:47.8027660Z           "pages": 3,
native (macos-15-intel, darwin-x86_64)	Execute official pinned binary on actual platform	2026-10-08T11:44:47.8028400Z           "pdf_version": "1.5",
native (macos-15-intel, darwin-x86_64)	Execute official pinned binary on actual platform	2026-10-08T11:44:47.8029350Z           "producer": null,
native (macos-15-intel, darwin-x86_64)	Execute official pinned binary on actual platform	2026-10-08T11:44:47.8030460Z           "tagged": false,
native (macos-15-intel, darwin-x86_64)	Execute official pinned binary on actual platform	2026-10-08T11:44:47.8031470Z           "title": null,
native (macos-15-intel, darwin-x86_64)	Execute official pinned binary on actual platform	2026-10-08T11:44:47.8032300Z           "warnings": [],
native (macos-15-intel, darwin-x86_64)	Execute official pinned binary on actual platform	2026-10-08T11:44:47.8033090Z           "xfa": null
native (macos-15-intel, darwin-x86_64)	Execute official pinned binary on actual platform	2026-10-08T11:44:47.8033800Z         },
native (macos-15-intel, darwin-x86_64)	Execute official pinned binary on actual platform	2026-10-08T11:44:47.8034590Z         "texts": [
native (macos-15-intel, darwin-x86_64)	Execute official pinned binary on actual platform	2026-10-08T11:44:47.8035340Z           "PAGE-ALPHA",
native (macos-15-intel, darwin-x86_64)	Execute official pinned binary on actual platform	2026-10-08T11:44:47.8036280Z           "PAGE-BETA",
native (macos-15-intel, darwin-x86_64)	Execute official pinned binary on actual platform	2026-10-08T11:44:47.8037080Z           "PAGE-GAMMA"
native (macos-15-intel, darwin-x86_64)	Execute official pinned binary on actual platform	2026-10-08T11:44:47.8038300Z         ]
native (macos-15-intel, darwin-x86_64)	Execute official pinned binary on actual platform	2026-10-08T11:44:47.8039290Z       }
native (macos-15-intel, darwin-x86_64)	Execute official pinned binary on actual platform	2026-10-08T11:44:47.8040080Z     },
native (macos-15-intel, darwin-x86_64)	Execute official pinned binary on actual platform	2026-10-08T11:44:47.8040800Z     "form_save_reopen": {
native (macos-15-intel, darwin-x86_64)	Execute official pinned binary on actual platform	2026-10-08T11:44:47.8041620Z       "status": "PASS",
native (macos-15-intel, darwin-x86_64)	Execute official pinned binary on actual platform	2026-10-08T11:44:47.8042380Z       "details": {
native (macos-15-intel, darwin-x86_64)	Execute official pinned binary on actual platform	2026-10-08T11:44:47.8043220Z         "fields": {
native (macos-15-intel, darwin-x86_64)	Execute official pinned binary on actual platform	2026-10-08T11:44:47.8043950Z           "count": 1,
native (macos-15-intel, darwin-x86_64)	Execute official pinned binary on actual platform	2026-10-08T11:44:47.8044790Z           "fields": [
native (macos-15-intel, darwin-x86_64)	Execute official pinned binary on actual platform	2026-10-08T11:44:47.8045550Z             {
native (macos-15-intel, darwin-x86_64)	Execute official pinned binary on actual platform	2026-10-08T11:44:47.8046290Z               "multiline": false,
native (macos-15-intel, darwin-x86_64)	Execute official pinned binary on actual platform	2026-10-08T11:44:47.8047230Z               "name": "sample",
native (macos-15-intel, darwin-x86_64)	Execute official pinned binary on actual platform	2026-10-08T11:44:47.8048070Z               "page": 1,
native (macos-15-intel, darwin-x86_64)	Execute official pinned binary on actual platform	2026-10-08T11:44:47.8048960Z               "read_only": false,
native (macos-15-intel, darwin-x86_64)	Execute official pinned binary on actual platform	2026-10-08T11:44:47.8049860Z               "rect": [
native (macos-15-intel, darwin-x86_64)	Execute official pinned binary on actual platform	2026-10-08T11:44:47.8051100Z                 72.0,
native (macos-15-intel, darwin-x86_64)	Execute official pinned binary on actual platform	2026-10-08T11:44:47.8052000Z                 120.0,
native (macos-15-intel, darwin-x86_64)	Execute official pinned binary on actual platform	2026-10-08T11:44:47.8052740Z                 200.0,
native (macos-15-intel, darwin-x86_64)	Execute official pinned binary on actual platform	2026-10-08T11:44:47.8053440Z                 150.0
native (macos-15-intel, darwin-x86_64)	Execute official pinned binary on actual platform	2026-10-08T11:44:47.8054170Z               ],
native (macos-15-intel, darwin-x86_64)	Execute official pinned binary on actual platform	2026-10-08T11:44:47.8054880Z               "required": false,
native (macos-15-intel, darwin-x86_64)	Execute official pinned binary on actual platform	2026-10-08T11:44:47.8055720Z               "type": "text",
native (macos-15-intel, darwin-x86_64)	Execute official pinned binary on actual platform	2026-10-08T11:44:47.8056580Z               "value": "verified form"
native (macos-15-intel, darwin-x86_64)	Execute official pinned binary on actual platform	2026-10-08T11:44:47.8057490Z             }
native (macos-15-intel, darwin-x86_64)	Execute official pinned binary on actual platform	2026-10-08T11:44:47.8058230Z           ]
native (macos-15-intel, darwin-x86_64)	Execute official pinned binary on actual platform	2026-10-08T11:44:47.8058820Z         },
native (macos-15-intel, darwin-x86_64)	Execute official pinned binary on actual platform	2026-10-08T11:44:47.8060130Z         "outputSha256": "71960b4cc121daa241846f8f3d049375fcae4110e98131c24fabf4969af0ae12"
native (macos-15-intel, darwin-x86_64)	Execute official pinned binary on actual platform	2026-10-08T11:44:47.8062950Z       }
native (macos-15-intel, darwin-x86_64)	Execute official pinned binary on actual platform	2026-10-08T11:44:47.8063600Z     },
native (macos-15-intel, darwin-x86_64)	Execute official pinned binary on actual platform	2026-10-08T11:44:47.8064350Z     "redact_text_objects_render": {
native (macos-15-intel, darwin-x86_64)	Execute official pinned binary on actual platform	2026-10-08T11:44:47.8065290Z       "status": "PASS",
native (macos-15-intel, darwin-x86_64)	Execute official pinned binary on actual platform	2026-10-08T11:44:47.8066100Z       "details": {
native (macos-15-intel, darwin-x86_64)	Execute official pinned binary on actual platform	2026-10-08T11:44:47.8067310Z         "outputSha256": "d3f496e156800ac4f5f49028ef3ba2c78f93649c1c27a7684602f592efba4277",
native (macos-15-intel, darwin-x86_64)	Execute official pinned binary on actual platform	2026-10-08T11:44:47.8068900Z         "textAndObjectBytesAbsent": true,
native (macos-15-intel, darwin-x86_64)	Execute official pinned binary on actual platform	2026-10-08T11:44:47.8069880Z         "visualReview": "NOT_RUN"
native (macos-15-intel, darwin-x86_64)	Execute official pinned binary on actual platform	2026-10-08T11:44:47.8070770Z       }
native (macos-15-intel, darwin-x86_64)	Execute official pinned binary on actual platform	2026-10-08T11:44:47.8071570Z     },
native (macos-15-intel, darwin-x86_64)	Execute official pinned binary on actual platform	2026-10-08T11:44:47.8072340Z     "english_ocr_scan_save_reopen": {
native (macos-15-intel, darwin-x86_64)	Execute official pinned binary on actual platform	2026-10-08T11:44:47.8073260Z       "status": "PASS",
native (macos-15-intel, darwin-x86_64)	Execute official pinned binary on actual platform	2026-10-08T11:44:47.8074010Z       "details": {
native (macos-15-intel, darwin-x86_64)	Execute official pinned binary on actual platform	2026-10-08T11:44:47.8075460Z         "inputSha256": "c244d838826a97532fa94f6c865ab46c8ae7d91713106ecabe8eb4844d33dddb",
native (macos-15-intel, darwin-x86_64)	Execute official pinned binary on actual platform	2026-10-08T11:44:47.8077750Z         "outputSha256": "9f0403fe4983a933eee86bad639072216c864f93954d905ed631597cf7779cdf",
native (macos-15-intel, darwin-x86_64)	Execute official pinned binary on actual platform	2026-10-08T11:44:47.8081040Z         "nativeResults": [
native (macos-15-intel, darwin-x86_64)	Execute official pinned binary on actual platform	2026-10-08T11:44:47.8081940Z           {
native (macos-15-intel, darwin-x86_64)	Execute official pinned binary on actual platform	2026-10-08T11:44:47.8082670Z             "dirty": false,
native (macos-15-intel, darwin-x86_64)	Execute official pinned binary on actual platform	2026-10-08T11:44:47.8083470Z             "doc": 1,
native (macos-15-intel, darwin-x86_64)	Execute official pinned binary on actual platform	2026-10-08T11:44:47.8084390Z             "editable": true,
native (macos-15-intel, darwin-x86_64)	Execute official pinned binary on actual platform	2026-10-08T11:44:47.8085260Z             "encrypted": false,
native (macos-15-intel, darwin-x86_64)	Execute official pinned binary on actual platform	2026-10-08T11:44:47.8086150Z             "name": "scan-english.pdf",
native (macos-15-intel, darwin-x86_64)	Execute official pinned binary on actual platform	2026-10-08T11:44:47.8087090Z             "pages": 1,
native (macos-15-intel, darwin-x86_64)	Execute official pinned binary on actual platform	2026-10-08T11:44:47.8088700Z             "path": "/Users/runner/work/printcraft-skills/printcraft-skills/native-evidence/scan-english.pdf",
native (macos-15-intel, darwin-x86_64)	Execute official pinned binary on actual platform	2026-10-08T11:44:47.8090470Z             "read_only_reason": null,
native (macos-15-intel, darwin-x86_64)	Execute official pinned binary on actual platform	2026-10-08T11:44:47.8091370Z             "redo": null,
native (macos-15-intel, darwin-x86_64)	Execute official pinned binary on actual platform	2026-10-08T11:44:47.8092210Z             "undo": null
native (macos-15-intel, darwin-x86_64)	Execute official pinned binary on actual platform	2026-10-08T11:44:47.8093000Z           },
native (macos-15-intel, darwin-x86_64)	Execute official pinned binary on actual platform	2026-10-08T11:44:47.8093620Z           {
native (macos-15-intel, darwin-x86_64)	Execute official pinned binary on actual platform	2026-10-08T11:44:47.8094230Z             "pages": [
native (macos-15-intel, darwin-x86_64)	Execute official pinned binary on actual platform	2026-10-08T11:44:47.8094960Z               {
native (macos-15-intel, darwin-x86_64)	Execute official pinned binary on actual platform	2026-10-08T11:44:47.8095680Z                 "page": 1,
native (macos-15-intel, darwin-x86_64)	Execute official pinned binary on actual platform	2026-10-08T11:44:47.8096560Z                 "text": "PAGE-GAMMA",
native (macos-15-intel, darwin-x86_64)	Execute official pinned binary on actual platform	2026-10-08T11:44:47.8097530Z                 "words": 1
native (macos-15-intel, darwin-x86_64)	Execute official pinned binary on actual platform	2026-10-08T11:44:47.8098290Z               }
native (macos-15-intel, darwin-x86_64)	Execute official pinned binary on actual platform	2026-10-08T11:44:47.8098950Z             ],
native (macos-15-intel, darwin-x86_64)	Execute official pinned binary on actual platform	2026-10-08T11:44:47.8099550Z             "words": 1
native (macos-15-intel, darwin-x86_64)	Execute official pinned binary on actual platform	2026-10-08T11:44:47.8100950Z           },
native (macos-15-intel, darwin-x86_64)	Execute official pinned binary on actual platform	2026-10-08T11:44:47.8101570Z           {
native (macos-15-intel, darwin-x86_64)	Execute official pinned binary on actual platform	2026-10-08T11:44:47.8102330Z             "bytes": 7838,
native (macos-15-intel, darwin-x86_64)	Execute official pinned binary on actual platform	2026-10-08T11:44:47.8103010Z             "document": {
native (macos-15-intel, darwin-x86_64)	Execute official pinned binary on actual platform	2026-10-08T11:44:47.8103590Z               "dirty": false,
native (macos-15-intel, darwin-x86_64)	Execute official pinned binary on actual platform	2026-10-08T11:44:47.8104310Z               "doc": 1,
native (macos-15-intel, darwin-x86_64)	Execute official pinned binary on actual platform	2026-10-08T11:44:47.8104990Z               "editable": true,
native (macos-15-intel, darwin-x86_64)	Execute official pinned binary on actual platform	2026-10-08T11:44:47.8105770Z               "encrypted": false,
native (macos-15-intel, darwin-x86_64)	Execute official pinned binary on actual platform	2026-10-08T11:44:47.8106580Z               "name": "ocr-english.pdf",
native (macos-15-intel, darwin-x86_64)	Execute official pinned binary on actual platform	2026-10-08T11:44:47.8107290Z               "pages": 1,
native (macos-15-intel, darwin-x86_64)	Execute official pinned binary on actual platform	2026-10-08T11:44:47.8108500Z               "path": "/Users/runner/work/printcraft-skills/printcraft-skills/native-evidence/ocr-english.pdf",
native (macos-15-intel, darwin-x86_64)	Execute official pinned binary on actual platform	2026-10-08T11:44:47.8110330Z               "read_only_reason": null,
native (macos-15-intel, darwin-x86_64)	Execute official pinned binary on actual platform	2026-10-08T11:44:47.8111240Z               "redo": null,
native (macos-15-intel, darwin-x86_64)	Execute official pinned binary on actual platform	2026-10-08T11:44:47.8111900Z               "undo": "Recognize text"
native (macos-15-intel, darwin-x86_64)	Execute official pinned binary on actual platform	2026-10-08T11:44:47.8112450Z             },
native (macos-15-intel, darwin-x86_64)	Execute official pinned binary on actual platform	2026-10-08T11:44:47.8113010Z             "incremental": false,
native (macos-15-intel, darwin-x86_64)	Execute official pinned binary on actual platform	2026-10-08T11:44:47.8114450Z             "path": "/Users/runner/work/printcraft-skills/printcraft-skills/native-evidence/ocr-english.pdf"
native (macos-15-intel, darwin-x86_64)	Execute official pinned binary on actual platform	2026-10-08T11:44:47.8115970Z           }
native (macos-15-intel, darwin-x86_64)	Execute official pinned binary on actual platform	2026-10-08T11:44:47.8116490Z         ],
native (macos-15-intel, darwin-x86_64)	Execute official pinned binary on actual platform	2026-10-08T11:44:47.8117110Z         "reopenedText": "PAGE-GAMMA\n",
native (macos-15-intel, darwin-x86_64)	Execute official pinned binary on actual platform	2026-10-08T11:44:47.8117990Z         "sourceUnchanged": true
native (macos-15-intel, darwin-x86_64)	Execute official pinned binary on actual platform	2026-10-08T11:44:47.8118730Z       }
native (macos-15-intel, darwin-x86_64)	Execute official pinned binary on actual platform	2026-10-08T11:44:47.8119260Z     }
native (macos-15-intel, darwin-x86_64)	Execute official pinned binary on actual platform	2026-10-08T11:44:47.8119790Z   },
native (macos-15-intel, darwin-x86_64)	Execute official pinned binary on actual platform	2026-10-08T11:44:47.8120540Z   "scope": "DIRECT_NATIVE_ONLY_SKILL_INSTALLER_NOT_TESTED",
native (macos-15-intel, darwin-x86_64)	Execute official pinned binary on actual platform	2026-10-08T11:44:47.8121820Z   "chineseRecognition": "NOT_RUN_THIS_HARNESS",
native (macos-15-intel, darwin-x86_64)	Execute official pinned binary on actual platform	2026-10-08T11:44:47.8122800Z   "visualReview": "NOT_RUN",
native (macos-15-intel, darwin-x86_64)	Execute official pinned binary on actual platform	2026-10-08T11:44:47.8123600Z   "status": "PASS_SCOPED_NATIVE",
native (macos-15-intel, darwin-x86_64)	Execute official pinned binary on actual platform	2026-10-08T11:44:47.8125160Z   "runtimeArchiveSha256": "bda65829033916c5de5a7ddc0763437f8db2e8792ee43c8dc2676434acb3d495",
native (macos-15-intel, darwin-x86_64)	Execute official pinned binary on actual platform	2026-10-08T11:44:47.8128700Z   "runtimeBinarySha256": "b7783b596870ed5a326f29456d4647382d2e1e4d7b7ffe75ded192cd15b86995",
native (macos-15-intel, darwin-x86_64)	Execute official pinned binary on actual platform	2026-10-08T11:44:47.8132250Z   "versionOutput": "printcraft-cli 0.2.1\nDiscord: https://discord.gg/artcraft  (help and feedback)\nWeb:     https://getartcraft.com/apps/printcraft\nSource:  https://github.com/storytold/printcraft\n",
native (macos-15-intel, darwin-x86_64)	Execute official pinned binary on actual platform	2026-10-08T11:44:47.8136420Z   "catalogSha256": "8ddb81c0382bacbdebf8ffdf242ec795135abc0a7723eebbe3b14123de64bea1",
native (macos-15-intel, darwin-x86_64)	Execute official pinned binary on actual platform	2026-10-08T11:44:47.8137980Z   "catalogToolCount": 123,
native (macos-15-intel, darwin-x86_64)	Execute official pinned binary on actual platform	2026-10-08T11:44:47.8138760Z   "ocrLanguageSchema": [
native (macos-15-intel, darwin-x86_64)	Execute official pinned binary on actual platform	2026-10-08T11:44:47.8139450Z     "en"
native (macos-15-intel, darwin-x86_64)	Execute official pinned binary on actual platform	2026-10-08T11:44:47.8139970Z   ],
native (macos-15-intel, darwin-x86_64)	Execute official pinned binary on actual platform	2026-10-08T11:44:47.8141320Z   "inputSha256": "9d035b63e05cfeb06b0985db1582f14185f99931a51eda69718764e91fdc0a0a",
native (macos-15-intel, darwin-x86_64)	Execute official pinned binary on actual platform	2026-10-08T11:44:47.8143220Z   "ocrStatus": {
native (macos-15-intel, darwin-x86_64)	Execute official pinned binary on actual platform	2026-10-08T11:44:47.8143890Z     "available": false,
native (macos-15-intel, darwin-x86_64)	Execute official pinned binary on actual platform	2026-10-08T11:44:47.8145030Z     "languages": [
native (macos-15-intel, darwin-x86_64)	Execute official pinned binary on actual platform	2026-10-08T11:44:47.8145680Z       {
native (macos-15-intel, darwin-x86_64)	Execute official pinned binary on actual platform	2026-10-08T11:44:47.8147910Z         "code": "en",
native (macos-15-intel, darwin-x86_64)	Execute official pinned binary on actual platform	2026-10-08T11:44:47.8148600Z         "name": "English"
native (macos-15-intel, darwin-x86_64)	Execute official pinned binary on actual platform	2026-10-08T11:44:47.8149270Z       }
native (macos-15-intel, darwin-x86_64)	Execute official pinned binary on actual platform	2026-10-08T11:44:47.8149790Z     ],
native (macos-15-intel, darwin-x86_64)	Execute official pinned binary on actual platform	2026-10-08T11:44:47.8150330Z     "search_dirs": [
native (macos-15-intel, darwin-x86_64)	Execute official pinned binary on actual platform	2026-10-08T11:44:47.8151450Z       "/Users/runner/work/printcraft-skills/printcraft-skills/native-evidence/models",
native (macos-15-intel, darwin-x86_64)	Execute official pinned binary on actual platform	2026-10-08T11:44:47.8153540Z       "/Users/runner/work/printcraft-skills/printcraft-skills/native-evidence/../Resources/models",
native (macos-15-intel, darwin-x86_64)	Execute official pinned binary on actual platform	2026-10-08T11:44:47.8154990Z       "/Users/runner/work/printcraft/printcraft/crates/ocr/../../assets/models"
native (macos-15-intel, darwin-x86_64)	Execute official pinned binary on actual platform	2026-10-08T11:44:47.8155880Z     ]
native (macos-15-intel, darwin-x86_64)	Execute official pinned binary on actual platform	2026-10-08T11:44:47.8156230Z   },
native (macos-15-intel, darwin-x86_64)	Execute official pinned binary on actual platform	2026-10-08T11:44:47.8156590Z   "ocrModels": {
native (macos-15-intel, darwin-x86_64)	Execute official pinned binary on actual platform	2026-10-08T11:44:47.8157480Z     "source": "https://github.com/storytold/pdfcraft/blob/v0.2.1/ATTRIBUTION.toml",
native (macos-15-intel, darwin-x86_64)	Execute official pinned binary on actual platform	2026-10-08T11:44:47.8158770Z     "nativeVersion": "0.2.1",
native (macos-15-intel, darwin-x86_64)	Execute official pinned binary on actual platform	2026-10-08T11:44:47.8159490Z     "models": [
native (macos-15-intel, darwin-x86_64)	Execute official pinned binary on actual platform	2026-10-08T11:44:47.8159920Z       {
native (macos-15-intel, darwin-x86_64)	Execute official pinned binary on actual platform	2026-10-08T11:44:47.8160340Z         "file": "text-detection.rten",
native (macos-15-intel, darwin-x86_64)	Execute official pinned binary on actual platform	2026-10-08T11:44:47.8162080Z         "url": "https://ocrs-models.s3-accelerate.amazonaws.com/text-detection.rten",
native (macos-15-intel, darwin-x86_64)	Execute official pinned binary on actual platform	2026-10-08T11:44:47.8163590Z         "title": "Ocrs text detection model",
native (macos-15-intel, darwin-x86_64)	Execute official pinned binary on actual platform	2026-10-08T11:44:47.8164680Z         "author": "Robert Knight (ocrs-models; trained on HierText, CC-BY-SA-4.0)",
native (macos-15-intel, darwin-x86_64)	Execute official pinned binary on actual platform	2026-10-08T11:44:47.8167210Z         "source": "https://github.com/robertknight/ocrs-models (the models ocrs downloads; model card: https://huggingface.co/robertknight/ocrs, cc-by-sa-4.0)",
native (macos-15-intel, darwin-x86_64)	Execute official pinned binary on actual platform	2026-10-08T11:44:47.8169200Z         "licence": "CC-BY-SA-4.0",
native (macos-15-intel, darwin-x86_64)	Execute official pinned binary on actual platform	2026-10-08T11:44:47.8170720Z         "licence_url": "https://creativecommons.org/licenses/by-sa/4.0/legalcode.txt",
native (macos-15-intel, darwin-x86_64)	Execute official pinned binary on actual platform	2026-10-08T11:44:47.8172660Z         "licence_sha256": "28a9529c7d0bb4dc51f4bf5c116a3d16ef247a052f7591466768ddf563fd1cf5",
native (macos-15-intel, darwin-x86_64)	Execute official pinned binary on actual platform	2026-10-08T11:44:47.8173950Z         "kind": "model",
native (macos-15-intel, darwin-x86_64)	Execute official pinned binary on actual platform	2026-10-08T11:44:47.8174950Z         "usage": "Scan & OCR: finds words on page images (cargo xtask models)",
native (macos-15-intel, darwin-x86_64)	Execute official pinned binary on actual platform	2026-10-08T11:44:47.8176480Z         "sha256": "f15cfb56bd02c4bf478a20343986504a1f01e1665c2b3a0ad66340f054b1b5ca"
native (macos-15-intel, darwin-x86_64)	Execute official pinned binary on actual platform	2026-10-08T11:44:47.8177790Z       },
native (macos-15-intel, darwin-x86_64)	Execute official pinned binary on actual platform	2026-10-08T11:44:47.8178340Z       {
native (macos-15-intel, darwin-x86_64)	Execute official pinned binary on actual platform	2026-10-08T11:44:47.8178970Z         "file": "text-recognition.rten",
native (macos-15-intel, darwin-x86_64)	Execute official pinned binary on actual platform	2026-10-08T11:44:47.8180480Z         "url": "https://ocrs-models.s3-accelerate.amazonaws.com/text-recognition.rten",
native (macos-15-intel, darwin-x86_64)	Execute official pinned binary on actual platform	2026-10-08T11:44:47.8181980Z         "title": "Ocrs text recognition model",
native (macos-15-intel, darwin-x86_64)	Execute official pinned binary on actual platform	2026-10-08T11:44:47.8183260Z         "author": "Robert Knight (ocrs-models; trained on HierText, CC-BY-SA-4.0)",
native (macos-15-intel, darwin-x86_64)	Execute official pinned binary on actual platform	2026-10-08T11:44:47.8185890Z         "source": "https://github.com/robertknight/ocrs-models (the models ocrs downloads; model card: https://huggingface.co/robertknight/ocrs, cc-by-sa-4.0)",
native (macos-15-intel, darwin-x86_64)	Execute official pinned binary on actual platform	2026-10-08T11:44:47.8188390Z         "licence": "CC-BY-SA-4.0",
native (macos-15-intel, darwin-x86_64)	Execute official pinned binary on actual platform	2026-10-08T11:44:47.8189690Z         "licence_url": "https://creativecommons.org/licenses/by-sa/4.0/legalcode.txt",
native (macos-15-intel, darwin-x86_64)	Execute official pinned binary on actual platform	2026-10-08T11:44:47.8191850Z         "licence_sha256": "28a9529c7d0bb4dc51f4bf5c116a3d16ef247a052f7591466768ddf563fd1cf5",
native (macos-15-intel, darwin-x86_64)	Execute official pinned binary on actual platform	2026-10-08T11:44:47.8193270Z         "kind": "model",
native (macos-15-intel, darwin-x86_64)	Execute official pinned binary on actual platform	2026-10-08T11:44:47.8195430Z         "usage": "Scan & OCR: reads the words it finds (cargo xtask models)",
native (macos-15-intel, darwin-x86_64)	Execute official pinned binary on actual platform	2026-10-08T11:44:47.8196980Z         "sha256": "e484866d4cce403175bd8d00b128feb08ab42e208de30e42cd9889d8f1735a6e"
native (macos-15-intel, darwin-x86_64)	Execute official pinned binary on actual platform	2026-10-08T11:44:47.8198010Z       }
native (macos-15-intel, darwin-x86_64)	Execute official pinned binary on actual platform	2026-10-08T11:44:47.8198470Z     ]
native (macos-15-intel, darwin-x86_64)	Execute official pinned binary on actual platform	2026-10-08T11:44:47.8198910Z   },
native (macos-15-intel, darwin-x86_64)	Execute official pinned binary on actual platform	2026-10-08T11:44:47.8199500Z   "ocrStatusWithModels": {
native (macos-15-intel, darwin-x86_64)	Execute official pinned binary on actual platform	2026-10-08T11:44:47.8200360Z     "available": true,
native (macos-15-intel, darwin-x86_64)	Execute official pinned binary on actual platform	2026-10-08T11:44:47.8201050Z     "languages": [
native (macos-15-intel, darwin-x86_64)	Execute official pinned binary on actual platform	2026-10-08T11:44:47.8201660Z       {
native (macos-15-intel, darwin-x86_64)	Execute official pinned binary on actual platform	2026-10-08T11:44:47.8202310Z         "code": "en",
native (macos-15-intel, darwin-x86_64)	Execute official pinned binary on actual platform	2026-10-08T11:44:47.8203060Z         "name": "English"
native (macos-15-intel, darwin-x86_64)	Execute official pinned binary on actual platform	2026-10-08T11:44:47.8203720Z       }
native (macos-15-intel, darwin-x86_64)	Execute official pinned binary on actual platform	2026-10-08T11:44:47.8204250Z     ],
native (macos-15-intel, darwin-x86_64)	Execute official pinned binary on actual platform	2026-10-08T11:44:47.8204810Z     "search_dirs": [
native (macos-15-intel, darwin-x86_64)	Execute official pinned binary on actual platform	2026-10-08T11:44:47.8206020Z       "/Users/runner/work/printcraft-skills/printcraft-skills/native-evidence/models",
native (macos-15-intel, darwin-x86_64)	Execute official pinned binary on actual platform	2026-10-08T11:44:47.8208110Z       "/Users/runner/work/printcraft-skills/printcraft-skills/native-evidence/../Resources/models",
native (macos-15-intel, darwin-x86_64)	Execute official pinned binary on actual platform	2026-10-08T11:44:47.8211180Z       "/Users/runner/work/printcraft/printcraft/crates/ocr/../../assets/models"
native (macos-15-intel, darwin-x86_64)	Execute official pinned binary on actual platform	2026-10-08T11:44:47.8212540Z     ]
native (macos-15-intel, darwin-x86_64)	Execute official pinned binary on actual platform	2026-10-08T11:44:47.8213140Z   },
native (macos-15-intel, darwin-x86_64)	Execute official pinned binary on actual platform	2026-10-08T11:44:47.8213740Z   "sourceUnchanged": true,
native (macos-15-intel, darwin-x86_64)	Execute official pinned binary on actual platform	2026-10-08T11:44:47.8214470Z   "artifacts": {
native (macos-15-intel, darwin-x86_64)	Execute official pinned binary on actual platform	2026-10-08T11:44:47.8215430Z     "001-call.json": "5bea3fedd7eeae64a3b72ad99bdfe8f8e3175bf270715ef247a4f00265debfc3",
native (macos-15-intel, darwin-x86_64)	Execute official pinned binary on actual platform	2026-10-08T11:44:47.8217630Z     "001-stderr.log": "e3b0c44298fc1c149afbf4c8996fb92427ae41e4649b934ca495991b7852b855",
native (macos-15-intel, darwin-x86_64)	Execute official pinned binary on actual platform	2026-10-08T11:44:47.8219690Z     "001-stdout.log": "260187c52b001191acc62e300b68203b492022e0c2b78b74db7f63ed6cf0eb9b",
native (macos-15-intel, darwin-x86_64)	Execute official pinned binary on actual platform	2026-10-08T11:44:47.8221810Z     "002-call.json": "e44a6d5b24dfbbf9a357a5722714b0608e6d0902ed29e7080757cd1e45e8cc3b",
native (macos-15-intel, darwin-x86_64)	Execute official pinned binary on actual platform	2026-10-08T11:44:47.8223850Z     "002-stderr.log": "e3b0c44298fc1c149afbf4c8996fb92427ae41e4649b934ca495991b7852b855",
native (macos-15-intel, darwin-x86_64)	Execute official pinned binary on actual platform	2026-10-08T11:44:47.8225570Z     "002-stdout.log": "8ddb81c0382bacbdebf8ffdf242ec795135abc0a7723eebbe3b14123de64bea1",
native (macos-15-intel, darwin-x86_64)	Execute official pinned binary on actual platform	2026-10-08T11:44:47.8227530Z     "003-call.json": "584bf4c02e7caf23485889b918004758aec0311642a8ecb49f19fb9b1f89b71e",
native (macos-15-intel, darwin-x86_64)	Execute official pinned binary on actual platform	2026-10-08T11:44:47.8229590Z     "003-stderr.log": "e3b0c44298fc1c149afbf4c8996fb92427ae41e4649b934ca495991b7852b855",
native (macos-15-intel, darwin-x86_64)	Execute official pinned binary on actual platform	2026-10-08T11:44:47.8231440Z     "003-stdout.log": "e386028c4227510857e0d37f5997f34aad25ed99ef64243feee48fa2a4dbd5cf",
native (macos-15-intel, darwin-x86_64)	Execute official pinned binary on actual platform	2026-10-08T11:44:47.8233870Z     "004-call.json": "68a9f44486983eef1e98669c29b53c5207431b49af9d504de59d6c37d73b2c36",
native (macos-15-intel, darwin-x86_64)	Execute official pinned binary on actual platform	2026-10-08T11:44:47.8236030Z     "004-stderr.log": "e3b0c44298fc1c149afbf4c8996fb92427ae41e4649b934ca495991b7852b855",
native (macos-15-intel, darwin-x86_64)	Execute official pinned binary on actual platform	2026-10-08T11:44:47.8237880Z     "004-stdout.log": "06a0356a3929db45cc722b204446e32b8f5fe01e62a9813206ab32dd6a076b7b",
native (macos-15-intel, darwin-x86_64)	Execute official pinned binary on actual platform	2026-10-08T11:44:47.8239970Z     "005-call.json": "fb944fbaad4fb2c90bc6d3039c3d59bd7b4484fb63effa626a7c8d0b8a9eebca",
native (macos-15-intel, darwin-x86_64)	Execute official pinned binary on actual platform	2026-10-08T11:44:47.8241970Z     "005-stderr.log": "e3b0c44298fc1c149afbf4c8996fb92427ae41e4649b934ca495991b7852b855",
native (macos-15-intel, darwin-x86_64)	Execute official pinned binary on actual platform	2026-10-08T11:44:47.8243890Z     "005-stdout.log": "05a0254bf621f2c5607ace0e81c83d283b2c27685a1169e3ee97d808b0b72886",
native (macos-15-intel, darwin-x86_64)	Execute official pinned binary on actual platform	2026-10-08T11:44:47.8245820Z     "006-call.json": "8ec64d7877dc242e620b5686f24a6ef99a6d5c79c232e1145dada6e389962b97",
native (macos-15-intel, darwin-x86_64)	Execute official pinned binary on actual platform	2026-10-08T11:44:47.8247760Z     "006-stderr.log": "e3b0c44298fc1c149afbf4c8996fb92427ae41e4649b934ca495991b7852b855",
native (macos-15-intel, darwin-x86_64)	Execute official pinned binary on actual platform	2026-10-08T11:44:47.8249890Z     "006-stdout.log": "1a04a191ace245e98cc7421a421c6dc44d0237a6d3e2d591272e8eb36e84dd0b",
native (macos-15-intel, darwin-x86_64)	Execute official pinned binary on actual platform	2026-10-08T11:44:47.8251940Z     "007-call.json": "cff061bd9e55123bca0df3858e7b128c328f23ad6a0d86f4e4cc8e4aea0d9fb2",
native (macos-15-intel, darwin-x86_64)	Execute official pinned binary on actual platform	2026-10-08T11:44:47.8254030Z     "007-stderr.log": "e3b0c44298fc1c149afbf4c8996fb92427ae41e4649b934ca495991b7852b855",
native (macos-15-intel, darwin-x86_64)	Execute official pinned binary on actual platform	2026-10-08T11:44:47.8256180Z     "007-stdout.log": "86696a16aacf0f57f3bb129451d6fc4beeb518901609ed93dab29339eec83057",
native (macos-15-intel, darwin-x86_64)	Execute official pinned binary on actual platform	2026-10-08T11:44:47.8258270Z     "008-call.json": "4e7840c3a0f4e95db70e6837d0b5f10525e775b57b02eb3445d5b70e7ba47163",
native (macos-15-intel, darwin-x86_64)	Execute official pinned binary on actual platform	2026-10-08T11:44:47.8260330Z     "008-stderr.log": "1733d88416842cd1ad6d56f5ebf3f7caed599a28df8bb96a08cd0eb5f0f999c0",
native (macos-15-intel, darwin-x86_64)	Execute official pinned binary on actual platform	2026-10-08T11:44:47.8262420Z     "008-stdout.log": "e3b0c44298fc1c149afbf4c8996fb92427ae41e4649b934ca495991b7852b855",
native (macos-15-intel, darwin-x86_64)	Execute official pinned binary on actual platform	2026-10-08T11:44:47.8266010Z     "009-call.json": "21106011a84d3e805d348a33752771db72253fef469998e47e085a1263a7ce68",
native (macos-15-intel, darwin-x86_64)	Execute official pinned binary on actual platform	2026-10-08T11:44:47.8268180Z     "009-stderr.log": "e3b0c44298fc1c149afbf4c8996fb92427ae41e4649b934ca495991b7852b855",
native (macos-15-intel, darwin-x86_64)	Execute official pinned binary on actual platform	2026-10-08T11:44:47.8270390Z     "009-stdout.log": "71de51dc871e57349d47fe5354953f93aee0cbb0095d651693b83ef9693b9056",
native (macos-15-intel, darwin-x86_64)	Execute official pinned binary on actual platform	2026-10-08T11:44:47.8272600Z     "010-call.json": "611e68fc000aca5e872ab728ec8beebe00e401bd8157e5a7e6f71600efaab91c",
native (macos-15-intel, darwin-x86_64)	Execute official pinned binary on actual platform	2026-10-08T11:44:47.8274680Z     "010-stderr.log": "e3b0c44298fc1c149afbf4c8996fb92427ae41e4649b934ca495991b7852b855",
native (macos-15-intel, darwin-x86_64)	Execute official pinned binary on actual platform	2026-10-08T11:44:47.8276750Z     "010-stdout.log": "60d16464a7a580726651e7be8afa712aa86dcc7774a8e224f9ee95f1e7d4ff2c",
native (macos-15-intel, darwin-x86_64)	Execute official pinned binary on actual platform	2026-10-08T11:44:47.8278750Z     "011-call.json": "609cb4fd4326e040f66b43e28f7ad15ef9f49d6f38dc04ec3a4e33298190eb2e",
native (macos-15-intel, darwin-x86_64)	Execute official pinned binary on actual platform	2026-10-08T11:44:47.8280550Z     "011-stderr.log": "e3b0c44298fc1c149afbf4c8996fb92427ae41e4649b934ca495991b7852b855",
native (macos-15-intel, darwin-x86_64)	Execute official pinned binary on actual platform	2026-10-08T11:44:47.8283770Z     "011-stdout.log": "1a04a191ace245e98cc7421a421c6dc44d0237a6d3e2d591272e8eb36e84dd0b",
native (macos-15-intel, darwin-x86_64)	Execute official pinned binary on actual platform	2026-10-08T11:44:47.8285900Z     "012-call.json": "51e0e918efde4c15ab2c0d901263d272a091d0e2d1859386e755026bd5d2a7b8",
native (macos-15-intel, darwin-x86_64)	Execute official pinned binary on actual platform	2026-10-08T11:44:47.8287980Z     "012-stderr.log": "e3b0c44298fc1c149afbf4c8996fb92427ae41e4649b934ca495991b7852b855",
native (macos-15-intel, darwin-x86_64)	Execute official pinned binary on actual platform	2026-10-08T11:44:47.8290010Z     "012-stdout.log": "86696a16aacf0f57f3bb129451d6fc4beeb518901609ed93dab29339eec83057",
native (macos-15-intel, darwin-x86_64)	Execute official pinned binary on actual platform	2026-10-08T11:44:47.8292130Z     "013-call.json": "bb85808cb6860d1d9a30fe9e74df8cc9198ff9e2e59f4e83af1201db9cf07ebb",
native (macos-15-intel, darwin-x86_64)	Execute official pinned binary on actual platform	2026-10-08T11:44:47.8294540Z     "013-stderr.log": "e3b0c44298fc1c149afbf4c8996fb92427ae41e4649b934ca495991b7852b855",
native (macos-15-intel, darwin-x86_64)	Execute official pinned binary on actual platform	2026-10-08T11:44:47.8296530Z     "013-stdout.log": "05a0254bf621f2c5607ace0e81c83d283b2c27685a1169e3ee97d808b0b72886",
native (macos-15-intel, darwin-x86_64)	Execute official pinned binary on actual platform	2026-10-08T11:44:47.8298450Z     "014-call.json": "6aae8f53f51fa338f5f9cd643a34f0848df2d1e5a45a8b7cd46a75f460702948",
native (macos-15-intel, darwin-x86_64)	Execute official pinned binary on actual platform	2026-10-08T11:44:47.8300550Z     "014-stderr.log": "0866c3fea8702f05d891699cc3ae79b76a1f8ce8f590b42d145e62cf5a8983ab",
native (macos-15-intel, darwin-x86_64)	Execute official pinned binary on actual platform	2026-10-08T11:44:47.8302770Z     "014-stdout.log": "e3b0c44298fc1c149afbf4c8996fb92427ae41e4649b934ca495991b7852b855",
native (macos-15-intel, darwin-x86_64)	Execute official pinned binary on actual platform	2026-10-08T11:44:47.8304550Z     "015-call.json": "76d9ecaf683afe175f8ae2947f12d5d4944093d464133f592efbdda3c29b47f9",
native (macos-15-intel, darwin-x86_64)	Execute official pinned binary on actual platform	2026-10-08T11:44:47.8306830Z     "015-stderr.log": "e3b0c44298fc1c149afbf4c8996fb92427ae41e4649b934ca495991b7852b855",
native (macos-15-intel, darwin-x86_64)	Execute official pinned binary on actual platform	2026-10-08T11:44:47.8309160Z     "015-stdout.log": "1960fe51f3730a30b99d2a2fc87b1dd3a63ac307437690bf4c8cf72dae68e5f4",
native (macos-15-intel, darwin-x86_64)	Execute official pinned binary on actual platform	2026-10-08T11:44:47.8311640Z     "016-call.json": "cbda547e7072db4ab2bded11d82afd67a637eb76ea3072bbc37230397df32d1f",
native (macos-15-intel, darwin-x86_64)	Execute official pinned binary on actual platform	2026-10-08T11:44:47.8313980Z     "016-stderr.log": "e3b0c44298fc1c149afbf4c8996fb92427ae41e4649b934ca495991b7852b855",
native (macos-15-intel, darwin-x86_64)	Execute official pinned binary on actual platform	2026-10-08T11:44:47.8333150Z     "016-stdout.log": "9de4b3f8e05b5dd23d0b82fb046a52ef743ba210a024490618109c595cac5a06",
native (macos-15-intel, darwin-x86_64)	Execute official pinned binary on actual platform	2026-10-08T11:44:47.8335090Z     "017-call.json": "ff3c59a7d2e79bd165ab72fdd6dd94402c456b3a432df15b0eaf3cd4be48874d",
native (macos-15-intel, darwin-x86_64)	Execute official pinned binary on actual platform	2026-10-08T11:44:47.8337700Z     "017-stderr.log": "e3b0c44298fc1c149afbf4c8996fb92427ae41e4649b934ca495991b7852b855",
native (macos-15-intel, darwin-x86_64)	Execute official pinned binary on actual platform	2026-10-08T11:44:47.8339820Z     "017-stdout.log": "1a04a191ace245e98cc7421a421c6dc44d0237a6d3e2d591272e8eb36e84dd0b",
native (macos-15-intel, darwin-x86_64)	Execute official pinned binary on actual platform	2026-10-08T11:44:47.8342220Z     "018-call.json": "f0f299117363555ac4bdead9334d42ccf09d98ae3735adaaa633e981c879433b",
native (macos-15-intel, darwin-x86_64)	Execute official pinned binary on actual platform	2026-10-08T11:44:47.8344710Z     "018-stderr.log": "e3b0c44298fc1c149afbf4c8996fb92427ae41e4649b934ca495991b7852b855",
native (macos-15-intel, darwin-x86_64)	Execute official pinned binary on actual platform	2026-10-08T11:44:47.8346800Z     "018-stdout.log": "86696a16aacf0f57f3bb129451d6fc4beeb518901609ed93dab29339eec83057",
native (macos-15-intel, darwin-x86_64)	Execute official pinned binary on actual platform	2026-10-08T11:44:47.8348750Z     "019-call.json": "88483a391fe345a123b4ae66962a6237f65b15cfc68fa1b5e8aa226282860f87",
native (macos-15-intel, darwin-x86_64)	Execute official pinned binary on actual platform	2026-10-08T11:44:47.8350690Z     "019-stderr.log": "e3b0c44298fc1c149afbf4c8996fb92427ae41e4649b934ca495991b7852b855",
native (macos-15-intel, darwin-x86_64)	Execute official pinned binary on actual platform	2026-10-08T11:44:47.8354110Z     "019-stdout.log": "05a0254bf621f2c5607ace0e81c83d283b2c27685a1169e3ee97d808b0b72886",
native (macos-15-intel, darwin-x86_64)	Execute official pinned binary on actual platform	2026-10-08T11:44:47.8356460Z     "020-call.json": "a71d7bb29b0cab26159f6486b210713db9df9f87725bbae878266ce117961e3d",
native (macos-15-intel, darwin-x86_64)	Execute official pinned binary on actual platform	2026-10-08T11:44:47.8358380Z     "020-stderr.log": "713bf786f4d9664af6f9b16cc37bd63acd9780ea5146207bb2faab7c21d96388",
native (macos-15-intel, darwin-x86_64)	Execute official pinned binary on actual platform	2026-10-08T11:44:47.8361890Z     "020-stdout.log": "e3b0c44298fc1c149afbf4c8996fb92427ae41e4649b934ca495991b7852b855",
native (macos-15-intel, darwin-x86_64)	Execute official pinned binary on actual platform	2026-10-08T11:44:47.8364000Z     "021-call.json": "465d88c5b625a3dd6c91f2deaf1f77d88820e71e9e37cdcb932f090411ca6523",
native (macos-15-intel, darwin-x86_64)	Execute official pinned binary on actual platform	2026-10-08T11:44:47.8365990Z     "021-stderr.log": "e3b0c44298fc1c149afbf4c8996fb92427ae41e4649b934ca495991b7852b855",
native (macos-15-intel, darwin-x86_64)	Execute official pinned binary on actual platform	2026-10-08T11:44:47.8370230Z     "021-stdout.log": "f323814040bc27a82453ea0ff97ca0fce37258fb2dd2a9b39718e05397e20879",
native (macos-15-intel, darwin-x86_64)	Execute official pinned binary on actual platform	2026-10-08T11:44:47.8372970Z     "022-call.json": "6b1932adb41c2710c5573efa308a2fd338a2026248d58f7ebf7b83b18fb4f706",
native (macos-15-intel, darwin-x86_64)	Execute official pinned binary on actual platform	2026-10-08T11:44:47.8375700Z     "022-stderr.log": "e3b0c44298fc1c149afbf4c8996fb92427ae41e4649b934ca495991b7852b855",
native (macos-15-intel, darwin-x86_64)	Execute official pinned binary on actual platform	2026-10-08T11:44:47.8377700Z     "022-stdout.log": "593eb16125aec2999d9e6b130fb5cc7c517aa7976c7931221c75ea8b5b8d583f",
native (macos-15-intel, darwin-x86_64)	Execute official pinned binary on actual platform	2026-10-08T11:44:47.8380010Z     "023-call.json": "b19019d1506086d339598a6631cfa882b22b340f20f7e40e536c9b08ae325890",
native (macos-15-intel, darwin-x86_64)	Execute official pinned binary on actual platform	2026-10-08T11:44:47.8383560Z     "023-stderr.log": "e3b0c44298fc1c149afbf4c8996fb92427ae41e4649b934ca495991b7852b855",
native (macos-15-intel, darwin-x86_64)	Execute official pinned binary on actual platform	2026-10-08T11:44:47.8385650Z     "023-stdout.log": "3b04ff17bbe32a175df85ed5e534f36cd3eb3badd5bb6f5a7c312f2e2e37e33f",
native (macos-15-intel, darwin-x86_64)	Execute official pinned binary on actual platform	2026-10-08T11:44:47.8387490Z     "024-call.json": "282dc4a6b142b6b7674249a91bd16336ae325060ae13301349aeb04f7f51322d",
native (macos-15-intel, darwin-x86_64)	Execute official pinned binary on actual platform	2026-10-08T11:44:47.8389290Z     "024-stderr.log": "e3b0c44298fc1c149afbf4c8996fb92427ae41e4649b934ca495991b7852b855",
native (macos-15-intel, darwin-x86_64)	Execute official pinned binary on actual platform	2026-10-08T11:44:47.8391080Z     "024-stdout.log": "33343d8e3983017124cdc4cddc1e91d1f4a53f393adaa8d0155ed1f27ce1186e",
native (macos-15-intel, darwin-x86_64)	Execute official pinned binary on actual platform	2026-10-08T11:44:47.8393150Z     "025-call.json": "1c24eb595b34f5feb8f15717bc38199603f123ea75008b047af8add945f39be2",
native (macos-15-intel, darwin-x86_64)	Execute official pinned binary on actual platform	2026-10-08T11:44:47.8394950Z     "025-stderr.log": "0e74a5c63ba1831af12e95f960ae9b2850cf2fc085f1ae86052907d256468363",
native (macos-15-intel, darwin-x86_64)	Execute official pinned binary on actual platform	2026-10-08T11:44:47.8396870Z     "025-stdout.log": "e3b0c44298fc1c149afbf4c8996fb92427ae41e4649b934ca495991b7852b855",
native (macos-15-intel, darwin-x86_64)	Execute official pinned binary on actual platform	2026-10-08T11:44:47.8398830Z     "026-call.json": "ab0e8eee5b303437e78c8d7fd085104399acbfe298191ad89b2f69250478ec7b",
native (macos-15-intel, darwin-x86_64)	Execute official pinned binary on actual platform	2026-10-08T11:44:47.8400930Z     "026-stderr.log": "e3b0c44298fc1c149afbf4c8996fb92427ae41e4649b934ca495991b7852b855",
native (macos-15-intel, darwin-x86_64)	Execute official pinned binary on actual platform	2026-10-08T11:44:47.8403260Z     "026-stdout.log": "1782005dd98370f6d5796e83851ff904f173bace60493b7594b0923afe1a1f5b",
native (macos-15-intel, darwin-x86_64)	Execute official pinned binary on actual platform	2026-10-08T11:44:47.8405900Z     "027-call.json": "0c79812571a6ac9be5ad54a898d115f9e5fe56b3439a9e4b2f3070e51e8aa467",
native (macos-15-intel, darwin-x86_64)	Execute official pinned binary on actual platform	2026-10-08T11:44:47.8409000Z     "027-stderr.log": "e3b0c44298fc1c149afbf4c8996fb92427ae41e4649b934ca495991b7852b855",
native (macos-15-intel, darwin-x86_64)	Execute official pinned binary on actual platform	2026-10-08T11:44:47.8411740Z     "027-stdout.log": "61e3af4bd46e95733098bd9c3692dca56931325cd853ccc504db1245d3805851",
native (macos-15-intel, darwin-x86_64)	Execute official pinned binary on actual platform	2026-10-08T11:44:47.8414400Z     "028-call.json": "067f138078d6aeea350231a11730e1bc78775c6f5ca89ffc7e8f9854cfbd09cf",
native (macos-15-intel, darwin-x86_64)	Execute official pinned binary on actual platform	2026-10-08T11:44:47.8417050Z     "028-stderr.log": "e3b0c44298fc1c149afbf4c8996fb92427ae41e4649b934ca495991b7852b855",
native (macos-15-intel, darwin-x86_64)	Execute official pinned binary on actual platform	2026-10-08T11:44:47.8419840Z     "028-stdout.log": "01ba4719c80b6fe911b091a7c05124b64eeece964e09c058ef8f9805daca546b",
native (macos-15-intel, darwin-x86_64)	Execute official pinned binary on actual platform	2026-10-08T11:44:47.8422540Z     "029-call.json": "8f935becaf1f69963dbdf2024f918973c648a1a5a4e1d654f5d7cef37ffdc1fa",
native (macos-15-intel, darwin-x86_64)	Execute official pinned binary on actual platform	2026-10-08T11:44:47.8425140Z     "029-stderr.log": "e3b0c44298fc1c149afbf4c8996fb92427ae41e4649b934ca495991b7852b855",
native (macos-15-intel, darwin-x86_64)	Execute official pinned binary on actual platform	2026-10-08T11:44:47.8428020Z     "029-stdout.log": "e30587fb2e0ada6dee54394de23b03196baa4a6e88fff5a59c95211301845394",
native (macos-15-intel, darwin-x86_64)	Execute official pinned binary on actual platform	2026-10-08T11:44:47.8429920Z     "030-call.json": "6b3ba1feb38128214012bab1c61124ea23ec98d870b55524d788ddc85ef4cc10",
native (macos-15-intel, darwin-x86_64)	Execute official pinned binary on actual platform	2026-10-08T11:44:47.8431560Z     "030-stderr.log": "e3b0c44298fc1c149afbf4c8996fb92427ae41e4649b934ca495991b7852b855",
native (macos-15-intel, darwin-x86_64)	Execute official pinned binary on actual platform	2026-10-08T11:44:47.8433420Z     "030-stdout.log": "05a0254bf621f2c5607ace0e81c83d283b2c27685a1169e3ee97d808b0b72886",
native (macos-15-intel, darwin-x86_64)	Execute official pinned binary on actual platform	2026-10-08T11:44:47.8435350Z     "031-call.json": "9cdde18e30875377d6fc43139ec7784d04bdfafe5fd354b76ee599bca9f9cc3f",
native (macos-15-intel, darwin-x86_64)	Execute official pinned binary on actual platform	2026-10-08T11:44:47.8437580Z     "031-stderr.log": "e3b0c44298fc1c149afbf4c8996fb92427ae41e4649b934ca495991b7852b855",
native (macos-15-intel, darwin-x86_64)	Execute official pinned binary on actual platform	2026-10-08T11:44:47.8440230Z     "031-stdout.log": "3dbf2ce3dc127fabc7b7add11fba183b7df5841e69a975a966d03be0e3200e3a",
native (macos-15-intel, darwin-x86_64)	Execute official pinned binary on actual platform	2026-10-08T11:44:47.8445040Z     "032-call.json": "014924148b8c745a22793a2670cf35713d040732ae8f1ffc0213fb81e1ee8827",
native (macos-15-intel, darwin-x86_64)	Execute official pinned binary on actual platform	2026-10-08T11:44:47.8448540Z     "032-stderr.log": "60cf7d4e574f7d65978a7a7cea29235f6b97ad4267fdd44c432abaebfdfd2b44",
native (macos-15-intel, darwin-x86_64)	Execute official pinned binary on actual platform	2026-10-08T11:44:47.8451890Z     "032-stdout.log": "e3b0c44298fc1c149afbf4c8996fb92427ae41e4649b934ca495991b7852b855",
native (macos-15-intel, darwin-x86_64)	Execute official pinned binary on actual platform	2026-10-08T11:44:47.8455160Z     "crop.json": "e951c9c1db0cddc21f3fd49c38d38bc3aac6b7ba54cf640d53be7d5dac836fc1",
native (macos-15-intel, darwin-x86_64)	Execute official pinned binary on actual platform	2026-10-08T11:44:47.8458130Z     "crop.pam": "800e5debd6af3433e00f8d0661b056aba194e6399b6f6115cbf4c76a1e3d5a33",
native (macos-15-intel, darwin-x86_64)	Execute official pinned binary on actual platform	2026-10-08T11:44:47.8461380Z     "crop.pdf": "1a0e5e67e5e2072f44ba3f5b46c69db7b372eefeb7600e9eb467b5f2a7428d7c",
native (macos-15-intel, darwin-x86_64)	Execute official pinned binary on actual platform	2026-10-08T11:44:47.8464570Z     "form-reopen.json": "751df5d153a48ca7367b97c8e2640b60929e52dc90b80644e0045966c101c28a",
native (macos-15-intel, darwin-x86_64)	Execute official pinned binary on actual platform	2026-10-08T11:44:47.8467820Z     "form.json": "b6e66f92767ced592a7e6c08297a7c2fe1502f398631379af4dfa7ea3138c481",
native (macos-15-intel, darwin-x86_64)	Execute official pinned binary on actual platform	2026-10-08T11:44:47.8470230Z     "form.pdf": "71960b4cc121daa241846f8f3d049375fcae4110e98131c24fabf4969af0ae12",
native (macos-15-intel, darwin-x86_64)	Execute official pinned binary on actual platform	2026-10-08T11:44:47.8475390Z     "ocr-english.json": "92b191f5675799365a2911a38d967c2fbae3d3e85e7aec1e71280a8a839c8b89",
native (macos-15-intel, darwin-x86_64)	Execute official pinned binary on actual platform	2026-10-08T11:44:47.8477990Z     "ocr-english.pam": "6db18d931d460ff50a4536ca589428ff9e7aadeb2f534bde9f96ae5521ea8f21",
native (macos-15-intel, darwin-x86_64)	Execute official pinned binary on actual platform	2026-10-08T11:44:47.8480360Z     "ocr-english.pdf": "9f0403fe4983a933eee86bad639072216c864f93954d905ed631597cf7779cdf",
native (macos-15-intel, darwin-x86_64)	Execute official pinned binary on actual platform	2026-10-08T11:44:47.8483800Z     "ocr-model-status.json": "c1e2272eb0b04dd03cde92ae4387f987210b9598f98183d3bf1624ff0a25b24e",
native (macos-15-intel, darwin-x86_64)	Execute official pinned binary on actual platform	2026-10-08T11:44:47.8488200Z     "ocr-status.json": "c1e2272eb0b04dd03cde92ae4387f987210b9598f98183d3bf1624ff0a25b24e",
native (macos-15-intel, darwin-x86_64)	Execute official pinned binary on actual platform	2026-10-08T11:44:47.8492260Z     "redact.json": "c1e72e7c1e692da374eb2e50023b0bc6c30df6a15ac53b1c632361eb1e643df2",
native (macos-15-intel, darwin-x86_64)	Execute official pinned binary on actual platform	2026-10-08T11:44:47.8495690Z     "redacted.pam": "91986fe8ceef5be0c48e7fd3613c9d3d8985018c621e5932e99d71191a20c7c9",
native (macos-15-intel, darwin-x86_64)	Execute official pinned binary on actual platform	2026-10-08T11:44:47.8498700Z     "redacted.pdf": "d3f496e156800ac4f5f49028ef3ba2c78f93649c1c27a7684602f592efba4277",
native (macos-15-intel, darwin-x86_64)	Execute official pinned binary on actual platform	2026-10-08T11:44:47.8501760Z     "reorder.json": "d73e62bcf276cf944288ed61fa08418956f28ee0fc654c849e7115dfecfbed55",
native (macos-15-intel, darwin-x86_64)	Execute official pinned binary on actual platform	2026-10-08T11:44:47.8505060Z     "reorder.pam": "6db18d931d460ff50a4536ca589428ff9e7aadeb2f534bde9f96ae5521ea8f21",
native (macos-15-intel, darwin-x86_64)	Execute official pinned binary on actual platform	2026-10-08T11:44:47.8508270Z     "reorder.pdf": "1f83a294fe160a4785c3d91f65300fe6daab2ba6fdeb41ead7494585bc65edbf",
native (macos-15-intel, darwin-x86_64)	Execute official pinned binary on actual platform	2026-10-08T11:44:47.8511160Z     "rotate.json": "63e3286f708aa71b9b2525c937b5a7929073e7f549f001337cb81f3054b377ba",
native (macos-15-intel, darwin-x86_64)	Execute official pinned binary on actual platform	2026-10-08T11:44:47.8514180Z     "rotate.pam": "6c8181dcc97ff857c58fb82b0409fbc8841793cb9fb0b348df5919555968d91e",
native (macos-15-intel, darwin-x86_64)	Execute official pinned binary on actual platform	2026-10-08T11:44:47.8517220Z     "rotate.pdf": "fdd153e07120194045161e8b97607a0da60897a84f1afae96794e3b85577fd0e",
native (macos-15-intel, darwin-x86_64)	Execute official pinned binary on actual platform	2026-10-08T11:44:47.8520570Z     "scan-english.pdf": "c244d838826a97532fa94f6c865ab46c8ae7d91713106ecabe8eb4844d33dddb",
native (macos-15-intel, darwin-x86_64)	Execute official pinned binary on actual platform	2026-10-08T11:44:47.8523910Z     "source.pdf": "9d035b63e05cfeb06b0985db1582f14185f99931a51eda69718764e91fdc0a0a",
native (macos-15-intel, darwin-x86_64)	Execute official pinned binary on actual platform	2026-10-08T11:44:47.8527020Z     "tools.json": "8ddb81c0382bacbdebf8ffdf242ec795135abc0a7723eebbe3b14123de64bea1"
native (macos-15-intel, darwin-x86_64)	Execute official pinned binary on actual platform	2026-10-08T11:44:47.8529300Z   },
native (macos-15-intel, darwin-x86_64)	Execute official pinned binary on actual platform	2026-10-08T11:44:47.8530310Z   "finishedAt": "2026-10-08T11:44:47.746853+00:00"
native (macos-15-intel, darwin-x86_64)	Execute official pinned binary on actual platform	2026-10-08T11:44:47.8531420Z }
native (macos-15-intel, darwin-x86_64)	Preserve native observations even on failure	﻿2026-10-08T11:44:47.8849450Z ##[group]Run actions/upload-artifact@v4
native (macos-15-intel, darwin-x86_64)	Preserve native observations even on failure	2026-10-08T11:44:47.8850200Z with:
native (macos-15-intel, darwin-x86_64)	Preserve native observations even on failure	2026-10-08T11:44:47.8850640Z   name: native-darwin-x86_64-37772042337
native (macos-15-intel, darwin-x86_64)	Preserve native observations even on failure	2026-10-08T11:44:47.8851780Z   path: native-evidence/*.json
native (macos-15-intel, darwin-x86_64)	Preserve native observations even on failure	native-evidence/*.log
native (macos-15-intel, darwin-x86_64)	Preserve native observations even on failure	native-evidence/*.pdf
native (macos-15-intel, darwin-x86_64)	Preserve native observations even on failure	native-evidence/*.pam
native (macos-15-intel, darwin-x86_64)	Preserve native observations even on failure	
native (macos-15-intel, darwin-x86_64)	Preserve native observations even on failure	2026-10-08T11:44:47.8853050Z   if-no-files-found: error
native (macos-15-intel, darwin-x86_64)	Preserve native observations even on failure	2026-10-08T11:44:47.8853570Z   compression-level: 6
native (macos-15-intel, darwin-x86_64)	Preserve native observations even on failure	2026-10-08T11:44:47.8854190Z   overwrite: false
native (macos-15-intel, darwin-x86_64)	Preserve native observations even on failure	2026-10-08T11:44:47.8854750Z   include-hidden-files: false
native (macos-15-intel, darwin-x86_64)	Preserve native observations even on failure	2026-10-08T11:44:47.8855340Z env:
native (macos-15-intel, darwin-x86_64)	Preserve native observations even on failure	2026-10-08T11:44:47.8855960Z   pythonLocation: /Users/runner/hostedtoolcache/Python/3.13.15/x64
native (macos-15-intel, darwin-x86_64)	Preserve native observations even on failure	2026-10-08T11:44:47.8857210Z   PKG_CONFIG_PATH: /Users/runner/hostedtoolcache/Python/3.13.15/x64/lib/pkgconfig
native (macos-15-intel, darwin-x86_64)	Preserve native observations even on failure	2026-10-08T11:44:47.8858510Z   Python_ROOT_DIR: /Users/runner/hostedtoolcache/Python/3.13.15/x64
native (macos-15-intel, darwin-x86_64)	Preserve native observations even on failure	2026-10-08T11:44:47.8859810Z   Python2_ROOT_DIR: /Users/runner/hostedtoolcache/Python/3.13.15/x64
native (macos-15-intel, darwin-x86_64)	Preserve native observations even on failure	2026-10-08T11:44:47.8862360Z   Python3_ROOT_DIR: /Users/runner/hostedtoolcache/Python/3.13.15/x64
native (macos-15-intel, darwin-x86_64)	Preserve native observations even on failure	2026-10-08T11:44:47.8863440Z ##[endgroup]
native (macos-15-intel, darwin-x86_64)	Preserve native observations even on failure	2026-10-08T11:44:48.6370180Z (node:1236) [DEP0040] DeprecationWarning: The `punycode` module is deprecated. Please use a userland alternative instead.
native (macos-15-intel, darwin-x86_64)	Preserve native observations even on failure	2026-10-08T11:44:48.7376090Z (Use `node --trace-deprecation ...` to show where the warning was created)
native (macos-15-intel, darwin-x86_64)	Preserve native observations even on failure	2026-10-08T11:44:50.2192670Z (node:1236) [DEP0169] DeprecationWarning: `url.parse()` behavior is not standardized and prone to errors that have security implications. Use the WHATWG URL API instead. CVEs are not issued for `url.parse()` vulnerabilities.
native (macos-15-intel, darwin-x86_64)	Preserve native observations even on failure	2026-10-08T11:44:50.5715850Z With the provided path, there will be 120 files uploaded
native (macos-15-intel, darwin-x86_64)	Preserve native observations even on failure	2026-10-08T11:44:50.5721230Z Artifact name is valid!
native (macos-15-intel, darwin-x86_64)	Preserve native observations even on failure	2026-10-08T11:44:50.5723460Z Root directory input is valid!
native (macos-15-intel, darwin-x86_64)	Preserve native observations even on failure	2026-10-08T11:44:50.5768170Z Beginning upload of artifact content to blob storage
native (macos-15-intel, darwin-x86_64)	Preserve native observations even on failure	2026-10-08T11:44:50.5779950Z Uploaded bytes 113746
native (macos-15-intel, darwin-x86_64)	Preserve native observations even on failure	2026-10-08T11:44:50.5783340Z Finished uploading artifact content to blob storage!
native (macos-15-intel, darwin-x86_64)	Preserve native observations even on failure	2026-10-08T11:44:50.5787500Z SHA256 digest of uploaded artifact zip is 4a2e66789b5a123c52cce59d45fea8b4de99692c1c6a827647aa9bdd1de8ba5e
native (macos-15-intel, darwin-x86_64)	Preserve native observations even on failure	2026-10-08T11:44:50.5791560Z Finalizing artifact upload
native (macos-15-intel, darwin-x86_64)	Preserve native observations even on failure	2026-10-08T11:44:50.5804990Z Artifact native-darwin-x86_64-37772042337.zip successfully finalized. Artifact ID 11548037872
native (macos-15-intel, darwin-x86_64)	Preserve native observations even on failure	2026-10-08T11:44:50.5809550Z Artifact native-darwin-x86_64-37772042337 has been successfully uploaded! Final size is 113746 bytes. Artifact ID is 11548037872
native (macos-15-intel, darwin-x86_64)	Preserve native observations even on failure	2026-10-08T11:44:50.5814340Z Artifact download URL: https://github.com/full-aigc-skills/printcraft-skills/actions/runs/37772042337/artifacts/11548037872
native (macos-15-intel, darwin-x86_64)	Post Run actions/setup-python@v5	﻿2026-10-08T11:44:50.7400410Z Post job cleanup.
native (macos-15-intel, darwin-x86_64)	Post Run actions/setup-python@v5	2026-10-08T11:44:52.0477780Z (node:1263) [DEP0040] DeprecationWarning: The `punycode` module is deprecated. Please use a userland alternative instead.
native (macos-15-intel, darwin-x86_64)	Post Run actions/setup-python@v5	2026-10-08T11:44:52.0480490Z (Use `node --trace-deprecation ...` to show where the warning was created)
native (macos-15-intel, darwin-x86_64)	Post Run actions/checkout@v4	﻿2026-10-08T11:44:52.3417320Z Post job cleanup.
native (macos-15-intel, darwin-x86_64)	Post Run actions/checkout@v4	2026-10-08T11:44:52.8847730Z [command]/usr/local/bin/git version
native (macos-15-intel, darwin-x86_64)	Post Run actions/checkout@v4	2026-10-08T11:44:52.9145670Z git version 2.55.0
native (macos-15-intel, darwin-x86_64)	Post Run actions/checkout@v4	2026-10-08T11:44:53.3368970Z Copying '/Users/runner/.gitconfig' to '/Users/runner/work/_temp/9867ea1e-706b-447a-9990-bcf22639efb7/.gitconfig'
native (macos-15-intel, darwin-x86_64)	Post Run actions/checkout@v4	2026-10-08T11:44:53.4377010Z Temporarily overriding HOME='/Users/runner/work/_temp/9867ea1e-706b-447a-9990-bcf22639efb7' before making global git config changes
native (macos-15-intel, darwin-x86_64)	Post Run actions/checkout@v4	2026-10-08T11:44:53.5362510Z Adding repository directory to the temporary git global config as a safe directory
native (macos-15-intel, darwin-x86_64)	Post Run actions/checkout@v4	2026-10-08T11:44:53.5365430Z [command]/usr/local/bin/git config --global --add safe.directory /Users/runner/work/printcraft-skills/printcraft-skills
native (macos-15-intel, darwin-x86_64)	Post Run actions/checkout@v4	2026-10-08T11:44:53.5369310Z [command]/usr/local/bin/git config --local --name-only --get-regexp core\.sshCommand
native (macos-15-intel, darwin-x86_64)	Post Run actions/checkout@v4	2026-10-08T11:44:53.5373700Z [command]/usr/local/bin/git submodule foreach --recursive sh -c "git config --local --name-only --get-regexp 'core\.sshCommand' && git config --local --unset-all 'core.sshCommand' || :"
native (macos-15-intel, darwin-x86_64)	Post Run actions/checkout@v4	2026-10-08T11:44:53.5379780Z [command]/usr/local/bin/git config --local --name-only --get-regexp http\.https\:\/\/github\.com\/\.extraheader
native (macos-15-intel, darwin-x86_64)	Post Run actions/checkout@v4	2026-10-08T11:44:53.5382560Z http.https://github.com/.extraheader
native (macos-15-intel, darwin-x86_64)	Post Run actions/checkout@v4	2026-10-08T11:44:53.5385690Z [command]/usr/local/bin/git config --local --unset-all http.https://github.com/.extraheader
native (macos-15-intel, darwin-x86_64)	Post Run actions/checkout@v4	2026-10-08T11:44:53.5391290Z [command]/usr/local/bin/git submodule foreach --recursive sh -c "git config --local --name-only --get-regexp 'http\.https\:\/\/github\.com\/\.extraheader' && git config --local --unset-all 'http.https://github.com/.extraheader' || :"
native (macos-15-intel, darwin-x86_64)	Post Run actions/checkout@v4	2026-10-08T11:44:54.5270650Z [command]/usr/local/bin/git config --local --name-only --get-regexp ^includeIf\.gitdir:
native (macos-15-intel, darwin-x86_64)	Post Run actions/checkout@v4	2026-10-08T11:44:54.8309050Z [command]/usr/local/bin/git submodule foreach --recursive git config --local --show-origin --name-only --get-regexp remote.origin.url
native (macos-15-intel, darwin-x86_64)	Complete job	﻿2026-10-08T11:44:55.2748470Z Cleaning up orphan processes
native (macos-15-intel, darwin-x86_64)	Complete job	2026-10-08T11:44:58.0795420Z ##[warning]Node.js 20 is deprecated. The following actions target Node.js 20 but are being forced to run on Node.js 24: actions/checkout@v4, actions/setup-python@v5, actions/upload-artifact@v4. For more information see: https://github.blog/changelog/2025-09-19-deprecation-of-node-20-on-github-actions-runners/
