native (macos-15-intel, darwin-x86_64)	Set up job	﻿2026-10-08T11:39:03.3612680Z Current runner version: '2.337.0'
native (macos-15-intel, darwin-x86_64)	Set up job	2026-10-08T11:39:03.3660110Z ##[group]Runner Image Provisioner
native (macos-15-intel, darwin-x86_64)	Set up job	2026-10-08T11:39:03.3661370Z Hosted Compute Agent
native (macos-15-intel, darwin-x86_64)	Set up job	2026-10-08T11:39:03.3662090Z Version: 20260819.586
native (macos-15-intel, darwin-x86_64)	Set up job	2026-10-08T11:39:03.3662920Z Commit: 3cc4a88dfa507ef76119ad1bb3eccc6378bb2b76
native (macos-15-intel, darwin-x86_64)	Set up job	2026-10-08T11:39:03.3663870Z Build Date: 2026-08-18T23:20:18Z
native (macos-15-intel, darwin-x86_64)	Set up job	2026-10-08T11:39:03.3664730Z Worker ID: {13dfffe5-a1c4-447c-8214-a1ad1b01ba44}
native (macos-15-intel, darwin-x86_64)	Set up job	2026-10-08T11:39:03.3665650Z Azure Region: westus
native (macos-15-intel, darwin-x86_64)	Set up job	2026-10-08T11:39:03.3666360Z ##[endgroup]
native (macos-15-intel, darwin-x86_64)	Set up job	2026-10-08T11:39:03.3668940Z ##[group]Operating System
native (macos-15-intel, darwin-x86_64)	Set up job	2026-10-08T11:39:03.3669850Z macOS
native (macos-15-intel, darwin-x86_64)	Set up job	2026-10-08T11:39:03.3670710Z 15.7.9
native (macos-15-intel, darwin-x86_64)	Set up job	2026-10-08T11:39:03.3671430Z 24G830
native (macos-15-intel, darwin-x86_64)	Set up job	2026-10-08T11:39:03.3672230Z ##[endgroup]
native (macos-15-intel, darwin-x86_64)	Set up job	2026-10-08T11:39:03.3672970Z ##[group]Runner Image
native (macos-15-intel, darwin-x86_64)	Set up job	2026-10-08T11:39:03.3673990Z Image: macos-15
native (macos-15-intel, darwin-x86_64)	Set up job	2026-10-08T11:39:03.3674870Z Version: 20260824.0482.1
native (macos-15-intel, darwin-x86_64)	Set up job	2026-10-08T11:39:03.3676620Z Included Software: https://github.com/actions/runner-images/blob/macos-15/20260824.0482/images/macos/macos-15-Readme.md
native (macos-15-intel, darwin-x86_64)	Set up job	2026-10-08T11:39:03.3679750Z Image Release: https://github.com/actions/runner-images/releases/tag/macos-15%2F20260824.0482
native (macos-15-intel, darwin-x86_64)	Set up job	2026-10-08T11:39:03.3681430Z ##[endgroup]
native (macos-15-intel, darwin-x86_64)	Set up job	2026-10-08T11:39:03.3683610Z ##[group]GITHUB_TOKEN Permissions
native (macos-15-intel, darwin-x86_64)	Set up job	2026-10-08T11:39:03.3687680Z Contents: read
native (macos-15-intel, darwin-x86_64)	Set up job	2026-10-08T11:39:03.3688530Z Metadata: read
native (macos-15-intel, darwin-x86_64)	Set up job	2026-10-08T11:39:03.3689900Z ##[endgroup]
native (macos-15-intel, darwin-x86_64)	Set up job	2026-10-08T11:39:03.3693620Z Secret source: Actions
native (macos-15-intel, darwin-x86_64)	Set up job	2026-10-08T11:39:03.3695330Z Cache mode: write
native (macos-15-intel, darwin-x86_64)	Set up job	2026-10-08T11:39:03.3696870Z Prepare workflow directory
native (macos-15-intel, darwin-x86_64)	Set up job	2026-10-08T11:39:03.4362530Z Prepare all required actions
native (macos-15-intel, darwin-x86_64)	Set up job	2026-10-08T11:39:03.4472180Z Getting action download info
native (macos-15-intel, darwin-x86_64)	Set up job	2026-10-08T11:39:03.9940990Z Download action repository 'actions/checkout@v4' (SHA:11d5960a326750d5838078e36cf38b85af677262)
native (macos-15-intel, darwin-x86_64)	Set up job	2026-10-08T11:39:04.2848270Z Download action repository 'actions/setup-python@v5' (SHA:a26af69be951a213d495a4c3e4e4022e16d87065)
native (macos-15-intel, darwin-x86_64)	Set up job	2026-10-08T11:39:04.5052770Z Download action repository 'actions/upload-artifact@v4' (SHA:ea165f8d65b6e75b540449e92b4886f43607fa02)
native (macos-15-intel, darwin-x86_64)	Set up job	2026-10-08T11:39:04.9968250Z Complete job name: native (macos-15-intel, darwin-x86_64)
native (macos-15-intel, darwin-x86_64)	Run actions/checkout@v4	﻿2026-10-08T11:39:05.1276730Z ##[group]Run actions/checkout@v4
native (macos-15-intel, darwin-x86_64)	Run actions/checkout@v4	2026-10-08T11:39:05.1279050Z with:
native (macos-15-intel, darwin-x86_64)	Run actions/checkout@v4	2026-10-08T11:39:05.1280000Z   repository: full-aigc-skills/printcraft-skills
native (macos-15-intel, darwin-x86_64)	Run actions/checkout@v4	2026-10-08T11:39:05.1295520Z   token: ***
native (macos-15-intel, darwin-x86_64)	Run actions/checkout@v4	2026-10-08T11:39:05.1296800Z   ssh-strict: true
native (macos-15-intel, darwin-x86_64)	Run actions/checkout@v4	2026-10-08T11:39:05.1297920Z   ssh-user: git
native (macos-15-intel, darwin-x86_64)	Run actions/checkout@v4	2026-10-08T11:39:05.1298940Z   persist-credentials: true
native (macos-15-intel, darwin-x86_64)	Run actions/checkout@v4	2026-10-08T11:39:05.1302280Z   clean: true
native (macos-15-intel, darwin-x86_64)	Run actions/checkout@v4	2026-10-08T11:39:05.1303590Z   sparse-checkout-cone-mode: true
native (macos-15-intel, darwin-x86_64)	Run actions/checkout@v4	2026-10-08T11:39:05.1305060Z   fetch-depth: 1
native (macos-15-intel, darwin-x86_64)	Run actions/checkout@v4	2026-10-08T11:39:05.1306560Z   fetch-tags: false
native (macos-15-intel, darwin-x86_64)	Run actions/checkout@v4	2026-10-08T11:39:05.1307560Z   show-progress: true
native (macos-15-intel, darwin-x86_64)	Run actions/checkout@v4	2026-10-08T11:39:05.1308740Z   lfs: false
native (macos-15-intel, darwin-x86_64)	Run actions/checkout@v4	2026-10-08T11:39:05.1309820Z   submodules: false
native (macos-15-intel, darwin-x86_64)	Run actions/checkout@v4	2026-10-08T11:39:05.1311110Z   set-safe-directory: true
native (macos-15-intel, darwin-x86_64)	Run actions/checkout@v4	2026-10-08T11:39:05.1312380Z   allow-unsafe-pr-checkout: false
native (macos-15-intel, darwin-x86_64)	Run actions/checkout@v4	2026-10-08T11:39:05.1315270Z ##[endgroup]
native (macos-15-intel, darwin-x86_64)	Run actions/checkout@v4	2026-10-08T11:39:05.4523600Z Syncing repository: full-aigc-skills/printcraft-skills
native (macos-15-intel, darwin-x86_64)	Run actions/checkout@v4	2026-10-08T11:39:05.4527410Z ##[group]Getting Git version info
native (macos-15-intel, darwin-x86_64)	Run actions/checkout@v4	2026-10-08T11:39:05.4528990Z Working directory is '/Users/runner/work/printcraft-skills/printcraft-skills'
native (macos-15-intel, darwin-x86_64)	Run actions/checkout@v4	2026-10-08T11:39:05.4531190Z [command]/usr/local/bin/git version
native (macos-15-intel, darwin-x86_64)	Run actions/checkout@v4	2026-10-08T11:39:05.4849430Z git version 2.55.0
native (macos-15-intel, darwin-x86_64)	Run actions/checkout@v4	2026-10-08T11:39:05.4873790Z ##[endgroup]
native (macos-15-intel, darwin-x86_64)	Run actions/checkout@v4	2026-10-08T11:39:05.4890150Z Copying '/Users/runner/.gitconfig' to '/Users/runner/work/_temp/b998781e-9be0-41c5-9f56-36f0352fee6f/.gitconfig'
native (macos-15-intel, darwin-x86_64)	Run actions/checkout@v4	2026-10-08T11:39:05.4909040Z Temporarily overriding HOME='/Users/runner/work/_temp/b998781e-9be0-41c5-9f56-36f0352fee6f' before making global git config changes
native (macos-15-intel, darwin-x86_64)	Run actions/checkout@v4	2026-10-08T11:39:05.4912220Z Adding repository directory to the temporary git global config as a safe directory
native (macos-15-intel, darwin-x86_64)	Run actions/checkout@v4	2026-10-08T11:39:05.4915420Z [command]/usr/local/bin/git config --global --add safe.directory /Users/runner/work/printcraft-skills/printcraft-skills
native (macos-15-intel, darwin-x86_64)	Run actions/checkout@v4	2026-10-08T11:39:05.5070420Z Deleting the contents of '/Users/runner/work/printcraft-skills/printcraft-skills'
native (macos-15-intel, darwin-x86_64)	Run actions/checkout@v4	2026-10-08T11:39:05.5080020Z ##[group]Initializing the repository
native (macos-15-intel, darwin-x86_64)	Run actions/checkout@v4	2026-10-08T11:39:05.5090570Z [command]/usr/local/bin/git init /Users/runner/work/printcraft-skills/printcraft-skills
native (macos-15-intel, darwin-x86_64)	Run actions/checkout@v4	2026-10-08T11:39:05.5623070Z hint: Using 'master' as the name for the initial branch. This default branch name
native (macos-15-intel, darwin-x86_64)	Run actions/checkout@v4	2026-10-08T11:39:05.5871500Z hint: will change to "main" in Git 3.0. To configure the initial branch name
native (macos-15-intel, darwin-x86_64)	Run actions/checkout@v4	2026-10-08T11:39:05.6637560Z hint: to use in all of your new repositories, which will suppress this warning,
native (macos-15-intel, darwin-x86_64)	Run actions/checkout@v4	2026-10-08T11:39:05.7220870Z hint: call:
native (macos-15-intel, darwin-x86_64)	Run actions/checkout@v4	2026-10-08T11:39:05.7235470Z hint:
native (macos-15-intel, darwin-x86_64)	Run actions/checkout@v4	2026-10-08T11:39:05.7238550Z hint: 	git config --global init.defaultBranch <name>
native (macos-15-intel, darwin-x86_64)	Run actions/checkout@v4	2026-10-08T11:39:05.7241500Z hint:
native (macos-15-intel, darwin-x86_64)	Run actions/checkout@v4	2026-10-08T11:39:05.7253150Z hint: Names commonly chosen instead of 'master' are 'main', 'trunk' and
native (macos-15-intel, darwin-x86_64)	Run actions/checkout@v4	2026-10-08T11:39:05.7259550Z hint: 'development'. The just-created branch can be renamed via this command:
native (macos-15-intel, darwin-x86_64)	Run actions/checkout@v4	2026-10-08T11:39:05.7262610Z hint:
native (macos-15-intel, darwin-x86_64)	Run actions/checkout@v4	2026-10-08T11:39:05.7264900Z hint: 	git branch -m <name>
native (macos-15-intel, darwin-x86_64)	Run actions/checkout@v4	2026-10-08T11:39:05.7267110Z hint:
native (macos-15-intel, darwin-x86_64)	Run actions/checkout@v4	2026-10-08T11:39:05.7269860Z hint: Disable this message with "git config set advice.defaultBranchName false"
native (macos-15-intel, darwin-x86_64)	Run actions/checkout@v4	2026-10-08T11:39:05.7277300Z Initialized empty Git repository in /Users/runner/work/printcraft-skills/printcraft-skills/.git/
native (macos-15-intel, darwin-x86_64)	Run actions/checkout@v4	2026-10-08T11:39:05.9316020Z [command]/usr/local/bin/git remote add origin https://github.com/full-aigc-skills/printcraft-skills
native (macos-15-intel, darwin-x86_64)	Run actions/checkout@v4	2026-10-08T11:39:06.0282480Z ##[endgroup]
native (macos-15-intel, darwin-x86_64)	Run actions/checkout@v4	2026-10-08T11:39:06.0313420Z ##[group]Disabling automatic garbage collection
native (macos-15-intel, darwin-x86_64)	Run actions/checkout@v4	2026-10-08T11:39:06.0382320Z [command]/usr/local/bin/git config --local gc.auto 0
native (macos-15-intel, darwin-x86_64)	Run actions/checkout@v4	2026-10-08T11:39:06.0710490Z ##[endgroup]
native (macos-15-intel, darwin-x86_64)	Run actions/checkout@v4	2026-10-08T11:39:06.1590590Z ##[group]Setting up auth
native (macos-15-intel, darwin-x86_64)	Run actions/checkout@v4	2026-10-08T11:39:06.1749640Z [command]/usr/local/bin/git config --local --name-only --get-regexp core\.sshCommand
native (macos-15-intel, darwin-x86_64)	Run actions/checkout@v4	2026-10-08T11:39:06.1950740Z [command]/usr/local/bin/git submodule foreach --recursive sh -c "git config --local --name-only --get-regexp 'core\.sshCommand' && git config --local --unset-all 'core.sshCommand' || :"
native (macos-15-intel, darwin-x86_64)	Run actions/checkout@v4	2026-10-08T11:39:06.2616810Z [command]/usr/local/bin/git config --local --name-only --get-regexp http\.https\:\/\/github\.com\/\.extraheader
native (macos-15-intel, darwin-x86_64)	Run actions/checkout@v4	2026-10-08T11:39:06.2688410Z [command]/usr/local/bin/git submodule foreach --recursive sh -c "git config --local --name-only --get-regexp 'http\.https\:\/\/github\.com\/\.extraheader' && git config --local --unset-all 'http.https://github.com/.extraheader' || :"
native (macos-15-intel, darwin-x86_64)	Run actions/checkout@v4	2026-10-08T11:39:06.2957990Z [command]/usr/local/bin/git config --local --name-only --get-regexp ^includeIf\.gitdir:
native (macos-15-intel, darwin-x86_64)	Run actions/checkout@v4	2026-10-08T11:39:06.3208760Z [command]/usr/local/bin/git submodule foreach --recursive git config --local --show-origin --name-only --get-regexp remote.origin.url
native (macos-15-intel, darwin-x86_64)	Run actions/checkout@v4	2026-10-08T11:39:06.5378810Z [command]/usr/local/bin/git config --local http.https://github.com/.extraheader AUTHORIZATION: basic ***
native (macos-15-intel, darwin-x86_64)	Run actions/checkout@v4	2026-10-08T11:39:06.5554400Z ##[endgroup]
native (macos-15-intel, darwin-x86_64)	Run actions/checkout@v4	2026-10-08T11:39:06.5567160Z ##[group]Fetching the repository
native (macos-15-intel, darwin-x86_64)	Run actions/checkout@v4	2026-10-08T11:39:06.5704150Z [command]/usr/local/bin/git -c protocol.version=2 fetch --no-tags --prune --no-recurse-submodules --depth=1 origin +8b43297a2f91ac3d286361ed9b1d92af820815bf:refs/remotes/origin/main
native (macos-15-intel, darwin-x86_64)	Run actions/checkout@v4	2026-10-08T11:39:07.2971230Z From https://github.com/full-aigc-skills/printcraft-skills
native (macos-15-intel, darwin-x86_64)	Run actions/checkout@v4	2026-10-08T11:39:07.3057290Z  * [new ref]         8b43297a2f91ac3d286361ed9b1d92af820815bf -> origin/main
native (macos-15-intel, darwin-x86_64)	Run actions/checkout@v4	2026-10-08T11:39:07.3135610Z ##[endgroup]
native (macos-15-intel, darwin-x86_64)	Run actions/checkout@v4	2026-10-08T11:39:07.3184040Z ##[group]Determining the checkout info
native (macos-15-intel, darwin-x86_64)	Run actions/checkout@v4	2026-10-08T11:39:07.3188430Z ##[endgroup]
native (macos-15-intel, darwin-x86_64)	Run actions/checkout@v4	2026-10-08T11:39:07.3192320Z [command]/usr/local/bin/git sparse-checkout disable
native (macos-15-intel, darwin-x86_64)	Run actions/checkout@v4	2026-10-08T11:39:07.3200560Z [command]/usr/local/bin/git config --local --unset-all extensions.worktreeConfig
native (macos-15-intel, darwin-x86_64)	Run actions/checkout@v4	2026-10-08T11:39:07.3291750Z ##[group]Checking out the ref
native (macos-15-intel, darwin-x86_64)	Run actions/checkout@v4	2026-10-08T11:39:07.3297060Z [command]/usr/local/bin/git checkout --progress --force -B main refs/remotes/origin/main
native (macos-15-intel, darwin-x86_64)	Run actions/checkout@v4	2026-10-08T11:39:07.7732610Z Switched to a new branch 'main'
native (macos-15-intel, darwin-x86_64)	Run actions/checkout@v4	2026-10-08T11:39:07.7755600Z branch 'main' set up to track 'origin/main'.
native (macos-15-intel, darwin-x86_64)	Run actions/checkout@v4	2026-10-08T11:39:07.7767710Z ##[endgroup]
native (macos-15-intel, darwin-x86_64)	Run actions/checkout@v4	2026-10-08T11:39:07.7953120Z [command]/usr/local/bin/git log -1 --format=%H
native (macos-15-intel, darwin-x86_64)	Run actions/checkout@v4	2026-10-08T11:39:07.8105760Z 8b43297a2f91ac3d286361ed9b1d92af820815bf
native (macos-15-intel, darwin-x86_64)	Run actions/setup-python@v5	﻿2026-10-08T11:39:07.9433400Z ##[group]Run actions/setup-python@v5
native (macos-15-intel, darwin-x86_64)	Run actions/setup-python@v5	2026-10-08T11:39:07.9436540Z with:
native (macos-15-intel, darwin-x86_64)	Run actions/setup-python@v5	2026-10-08T11:39:07.9438630Z   python-version: 3.13
native (macos-15-intel, darwin-x86_64)	Run actions/setup-python@v5	2026-10-08T11:39:07.9441310Z   check-latest: false
native (macos-15-intel, darwin-x86_64)	Run actions/setup-python@v5	2026-10-08T11:39:07.9472050Z   token: ***
native (macos-15-intel, darwin-x86_64)	Run actions/setup-python@v5	2026-10-08T11:39:07.9474950Z   update-environment: true
native (macos-15-intel, darwin-x86_64)	Run actions/setup-python@v5	2026-10-08T11:39:07.9477740Z   allow-prereleases: false
native (macos-15-intel, darwin-x86_64)	Run actions/setup-python@v5	2026-10-08T11:39:07.9480190Z   freethreaded: false
native (macos-15-intel, darwin-x86_64)	Run actions/setup-python@v5	2026-10-08T11:39:07.9482640Z ##[endgroup]
native (macos-15-intel, darwin-x86_64)	Run actions/setup-python@v5	2026-10-08T11:39:08.4907620Z (node:2007) [DEP0040] DeprecationWarning: The `punycode` module is deprecated. Please use a userland alternative instead.
native (macos-15-intel, darwin-x86_64)	Run actions/setup-python@v5	2026-10-08T11:39:08.4932170Z ##[group]Installed versions
native (macos-15-intel, darwin-x86_64)	Run actions/setup-python@v5	2026-10-08T11:39:08.4937040Z (Use `node --trace-deprecation ...` to show where the warning was created)
native (macos-15-intel, darwin-x86_64)	Run actions/setup-python@v5	2026-10-08T11:39:08.5424820Z Successfully set up CPython (3.13.15)
native (macos-15-intel, darwin-x86_64)	Run actions/setup-python@v5	2026-10-08T11:39:08.5429680Z ##[endgroup]
native (macos-15-intel, darwin-x86_64)	Execute official pinned binary on actual platform	﻿2026-10-08T11:39:08.5664090Z ##[group]Run python -I -B tests/platform_acceptance.py --platform darwin-x86_64 --workdir native-evidence
native (macos-15-intel, darwin-x86_64)	Execute official pinned binary on actual platform	2026-10-08T11:39:08.5670000Z ^[[36;1mpython -I -B tests/platform_acceptance.py --platform darwin-x86_64 --workdir native-evidence^[[0m
native (macos-15-intel, darwin-x86_64)	Execute official pinned binary on actual platform	2026-10-08T11:39:08.5773450Z shell: /bin/bash -e {0}
native (macos-15-intel, darwin-x86_64)	Execute official pinned binary on actual platform	2026-10-08T11:39:08.5775570Z env:
native (macos-15-intel, darwin-x86_64)	Execute official pinned binary on actual platform	2026-10-08T11:39:08.5778010Z   pythonLocation: /Users/runner/hostedtoolcache/Python/3.13.15/x64
native (macos-15-intel, darwin-x86_64)	Execute official pinned binary on actual platform	2026-10-08T11:39:08.5782120Z   PKG_CONFIG_PATH: /Users/runner/hostedtoolcache/Python/3.13.15/x64/lib/pkgconfig
native (macos-15-intel, darwin-x86_64)	Execute official pinned binary on actual platform	2026-10-08T11:39:08.5786430Z   Python_ROOT_DIR: /Users/runner/hostedtoolcache/Python/3.13.15/x64
native (macos-15-intel, darwin-x86_64)	Execute official pinned binary on actual platform	2026-10-08T11:39:08.5790350Z   Python2_ROOT_DIR: /Users/runner/hostedtoolcache/Python/3.13.15/x64
native (macos-15-intel, darwin-x86_64)	Execute official pinned binary on actual platform	2026-10-08T11:39:08.5794180Z   Python3_ROOT_DIR: /Users/runner/hostedtoolcache/Python/3.13.15/x64
native (macos-15-intel, darwin-x86_64)	Execute official pinned binary on actual platform	2026-10-08T11:39:08.5797380Z ##[endgroup]
native (macos-15-intel, darwin-x86_64)	Execute official pinned binary on actual platform	2026-10-08T11:39:13.5938390Z {
native (macos-15-intel, darwin-x86_64)	Execute official pinned binary on actual platform	2026-10-08T11:39:13.6000310Z   "contract": "printcraft.native-platform-evidence/1",
native (macos-15-intel, darwin-x86_64)	Execute official pinned binary on actual platform	2026-10-08T11:39:13.6058650Z   "platform": "darwin-x86_64",
native (macos-15-intel, darwin-x86_64)	Execute official pinned binary on actual platform	2026-10-08T11:39:13.6088330Z   "sourceCommit": "8b43297a2f91ac3d286361ed9b1d92af820815bf",
native (macos-15-intel, darwin-x86_64)	Execute official pinned binary on actual platform	2026-10-08T11:39:13.6128500Z   "startedAt": "2026-10-08T11:39:09.417062+00:00",
native (macos-15-intel, darwin-x86_64)	Execute official pinned binary on actual platform	2026-10-08T11:39:13.6158550Z   "sourceFiles": {
native (macos-15-intel, darwin-x86_64)	Execute official pinned binary on actual platform	2026-10-08T11:39:13.6178710Z     "tests/platform_acceptance.py": "14bee53d0f8cbdb8e0e7d26f7d852e9fc6ae1209a5f2dcfc48a596abff6fd18b",
native (macos-15-intel, darwin-x86_64)	Execute official pinned binary on actual platform	2026-10-08T11:39:13.6208190Z     "tests/platform-artifacts.json": "8c03b465e51e8f53bb337ffef75eb67cba12d945c3c319ad70619bbe01929717",
native (macos-15-intel, darwin-x86_64)	Execute official pinned binary on actual platform	2026-10-08T11:39:13.6227550Z     "tests/fixtures/make_pdf.py": "c41f12f867c5f81e359c3197373214c65e89fc2e58ff5643198afbffd4ac7993"
native (macos-15-intel, darwin-x86_64)	Execute official pinned binary on actual platform	2026-10-08T11:39:13.6253260Z   },
native (macos-15-intel, darwin-x86_64)	Execute official pinned binary on actual platform	2026-10-08T11:39:13.6277170Z   "host": {
native (macos-15-intel, darwin-x86_64)	Execute official pinned binary on actual platform	2026-10-08T11:39:13.6299950Z     "system": "Darwin",
native (macos-15-intel, darwin-x86_64)	Execute official pinned binary on actual platform	2026-10-08T11:39:13.6308240Z     "machine": "x86_64",
native (macos-15-intel, darwin-x86_64)	Execute official pinned binary on actual platform	2026-10-08T11:39:13.6329210Z     "release": "24.6.0",
native (macos-15-intel, darwin-x86_64)	Execute official pinned binary on actual platform	2026-10-08T11:39:13.6330400Z     "python": "3.13.15"
native (macos-15-intel, darwin-x86_64)	Execute official pinned binary on actual platform	2026-10-08T11:39:13.6331240Z   },
native (macos-15-intel, darwin-x86_64)	Execute official pinned binary on actual platform	2026-10-08T11:39:13.6332090Z   "workflow": {
native (macos-15-intel, darwin-x86_64)	Execute official pinned binary on actual platform	2026-10-08T11:39:13.6332980Z     "runId": "37771440411",
native (macos-15-intel, darwin-x86_64)	Execute official pinned binary on actual platform	2026-10-08T11:39:13.6528080Z     "runAttempt": "1"
native (macos-15-intel, darwin-x86_64)	Execute official pinned binary on actual platform	2026-10-08T11:39:13.6558840Z   },
native (macos-15-intel, darwin-x86_64)	Execute official pinned binary on actual platform	2026-10-08T11:39:13.6620300Z   "runtime": {
native (macos-15-intel, darwin-x86_64)	Execute official pinned binary on actual platform	2026-10-08T11:39:13.6763400Z     "system": "darwin",
native (macos-15-intel, darwin-x86_64)	Execute official pinned binary on actual platform	2026-10-08T11:39:13.6792060Z     "machine": "x86_64",
native (macos-15-intel, darwin-x86_64)	Execute official pinned binary on actual platform	2026-10-08T11:39:13.6807080Z     "asset": "printcraft-cli-0.2.1-macos-universal.zip",
native (macos-15-intel, darwin-x86_64)	Execute official pinned binary on actual platform	2026-10-08T11:39:13.6830260Z     "url": "https://github.com/storytold/pdfcraft/releases/download/v0.2.1/printcraft-cli-0.2.1-macos-universal.zip",
native (macos-15-intel, darwin-x86_64)	Execute official pinned binary on actual platform	2026-10-08T11:39:13.6841040Z     "archiveSha256": "bda65829033916c5de5a7ddc0763437f8db2e8792ee43c8dc2676434acb3d495",
native (macos-15-intel, darwin-x86_64)	Execute official pinned binary on actual platform	2026-10-08T11:39:13.6885920Z     "member": "printcraft-cli-0.2.1-macos-universal/printcraft-cli",
native (macos-15-intel, darwin-x86_64)	Execute official pinned binary on actual platform	2026-10-08T11:39:13.6888130Z     "binarySha256": "b7783b596870ed5a326f29456d4647382d2e1e4d7b7ffe75ded192cd15b86995"
native (macos-15-intel, darwin-x86_64)	Execute official pinned binary on actual platform	2026-10-08T11:39:13.6916180Z   },
native (macos-15-intel, darwin-x86_64)	Execute official pinned binary on actual platform	2026-10-08T11:39:13.6940540Z   "results": {
native (macos-15-intel, darwin-x86_64)	Execute official pinned binary on actual platform	2026-10-08T11:39:13.6947340Z     "reorder_save_reopen_render": {
native (macos-15-intel, darwin-x86_64)	Execute official pinned binary on actual platform	2026-10-08T11:39:13.7088960Z       "status": "PASS",
native (macos-15-intel, darwin-x86_64)	Execute official pinned binary on actual platform	2026-10-08T11:39:13.7124870Z       "details": {
native (macos-15-intel, darwin-x86_64)	Execute official pinned binary on actual platform	2026-10-08T11:39:13.7128140Z         "outputSha256": "9ef33fcdec81bd447f375a57e1f818a1f14c3db5b45e2ed337e5cef959a66f77",
native (macos-15-intel, darwin-x86_64)	Execute official pinned binary on actual platform	2026-10-08T11:39:13.7166220Z         "info": {
native (macos-15-intel, darwin-x86_64)	Execute official pinned binary on actual platform	2026-10-08T11:39:13.7189840Z           "annotations": 0,
native (macos-15-intel, darwin-x86_64)	Execute official pinned binary on actual platform	2026-10-08T11:39:13.7196890Z           "attachments": 0,
native (macos-15-intel, darwin-x86_64)	Execute official pinned binary on actual platform	2026-10-08T11:39:13.7227100Z           "author": null,
native (macos-15-intel, darwin-x86_64)	Execute official pinned binary on actual platform	2026-10-08T11:39:13.7250620Z           "bookmarks": 0,
native (macos-15-intel, darwin-x86_64)	Execute official pinned binary on actual platform	2026-10-08T11:39:13.7260210Z           "creator": null,
native (macos-15-intel, darwin-x86_64)	Execute official pinned binary on actual platform	2026-10-08T11:39:13.7275740Z           "encrypted": false,
native (macos-15-intel, darwin-x86_64)	Execute official pinned binary on actual platform	2026-10-08T11:39:13.7299480Z           "fields": 0,
native (macos-15-intel, darwin-x86_64)	Execute official pinned binary on actual platform	2026-10-08T11:39:13.7314730Z           "file": "/Users/runner/work/printcraft-skills/printcraft-skills/native-evidence/reorder.pdf",
native (macos-15-intel, darwin-x86_64)	Execute official pinned binary on actual platform	2026-10-08T11:39:13.7353520Z           "file_size": 918,
native (macos-15-intel, darwin-x86_64)	Execute official pinned binary on actual platform	2026-10-08T11:39:13.7370400Z           "first_page_pt": [
native (macos-15-intel, darwin-x86_64)	Execute official pinned binary on actual platform	2026-10-08T11:39:13.7387440Z             612.0,
native (macos-15-intel, darwin-x86_64)	Execute official pinned binary on actual platform	2026-10-08T11:39:13.7398650Z             792.0
native (macos-15-intel, darwin-x86_64)	Execute official pinned binary on actual platform	2026-10-08T11:39:13.7419770Z           ],
native (macos-15-intel, darwin-x86_64)	Execute official pinned binary on actual platform	2026-10-08T11:39:13.7448380Z           "javascript": false,
native (macos-15-intel, darwin-x86_64)	Execute official pinned binary on actual platform	2026-10-08T11:39:13.7482720Z           "layers": 0,
native (macos-15-intel, darwin-x86_64)	Execute official pinned binary on actual platform	2026-10-08T11:39:13.7486470Z           "links": 0,
native (macos-15-intel, darwin-x86_64)	Execute official pinned binary on actual platform	2026-10-08T11:39:13.7492360Z           "page_labels": [
native (macos-15-intel, darwin-x86_64)	Execute official pinned binary on actual platform	2026-10-08T11:39:13.7493660Z             "1",
native (macos-15-intel, darwin-x86_64)	Execute official pinned binary on actual platform	2026-10-08T11:39:13.7494270Z             "2",
native (macos-15-intel, darwin-x86_64)	Execute official pinned binary on actual platform	2026-10-08T11:39:13.7516760Z             "3"
native (macos-15-intel, darwin-x86_64)	Execute official pinned binary on actual platform	2026-10-08T11:39:13.7522940Z           ],
native (macos-15-intel, darwin-x86_64)	Execute official pinned binary on actual platform	2026-10-08T11:39:13.7526080Z           "pages": 3,
native (macos-15-intel, darwin-x86_64)	Execute official pinned binary on actual platform	2026-10-08T11:39:13.7528110Z           "pdf_version": "1.5",
native (macos-15-intel, darwin-x86_64)	Execute official pinned binary on actual platform	2026-10-08T11:39:13.7530660Z           "producer": null,
native (macos-15-intel, darwin-x86_64)	Execute official pinned binary on actual platform	2026-10-08T11:39:13.7538630Z           "tagged": false,
native (macos-15-intel, darwin-x86_64)	Execute official pinned binary on actual platform	2026-10-08T11:39:13.7645740Z           "title": null,
native (macos-15-intel, darwin-x86_64)	Execute official pinned binary on actual platform	2026-10-08T11:39:13.7714750Z           "warnings": [],
native (macos-15-intel, darwin-x86_64)	Execute official pinned binary on actual platform	2026-10-08T11:39:13.7772270Z           "xfa": null
native (macos-15-intel, darwin-x86_64)	Execute official pinned binary on actual platform	2026-10-08T11:39:13.7834270Z         },
native (macos-15-intel, darwin-x86_64)	Execute official pinned binary on actual platform	2026-10-08T11:39:13.7882220Z         "texts": [
native (macos-15-intel, darwin-x86_64)	Execute official pinned binary on actual platform	2026-10-08T11:39:13.7912560Z           "PAGE-GAMMA",
native (macos-15-intel, darwin-x86_64)	Execute official pinned binary on actual platform	2026-10-08T11:39:13.7952730Z           "PAGE-ALPHA",
native (macos-15-intel, darwin-x86_64)	Execute official pinned binary on actual platform	2026-10-08T11:39:13.7957660Z           "PAGE-BETA"
native (macos-15-intel, darwin-x86_64)	Execute official pinned binary on actual platform	2026-10-08T11:39:13.7995530Z         ]
native (macos-15-intel, darwin-x86_64)	Execute official pinned binary on actual platform	2026-10-08T11:39:13.8009910Z       }
native (macos-15-intel, darwin-x86_64)	Execute official pinned binary on actual platform	2026-10-08T11:39:13.8021770Z     },
native (macos-15-intel, darwin-x86_64)	Execute official pinned binary on actual platform	2026-10-08T11:39:13.8039170Z     "rotate_save_reopen_render": {
native (macos-15-intel, darwin-x86_64)	Execute official pinned binary on actual platform	2026-10-08T11:39:13.8065980Z       "status": "PASS",
native (macos-15-intel, darwin-x86_64)	Execute official pinned binary on actual platform	2026-10-08T11:39:13.8088440Z       "details": {
native (macos-15-intel, darwin-x86_64)	Execute official pinned binary on actual platform	2026-10-08T11:39:13.8101110Z         "outputSha256": "543a8d33cd175c92e0579d21b5726f911d65a0b9b9f3c9829e0133b6cab74a37",
native (macos-15-intel, darwin-x86_64)	Execute official pinned binary on actual platform	2026-10-08T11:39:13.8109040Z         "info": {
native (macos-15-intel, darwin-x86_64)	Execute official pinned binary on actual platform	2026-10-08T11:39:13.8132580Z           "annotations": 0,
native (macos-15-intel, darwin-x86_64)	Execute official pinned binary on actual platform	2026-10-08T11:39:13.8160680Z           "attachments": 0,
native (macos-15-intel, darwin-x86_64)	Execute official pinned binary on actual platform	2026-10-08T11:39:13.8190940Z           "author": null,
native (macos-15-intel, darwin-x86_64)	Execute official pinned binary on actual platform	2026-10-08T11:39:13.8210900Z           "bookmarks": 0,
native (macos-15-intel, darwin-x86_64)	Execute official pinned binary on actual platform	2026-10-08T11:39:13.8239630Z           "creator": null,
native (macos-15-intel, darwin-x86_64)	Execute official pinned binary on actual platform	2026-10-08T11:39:13.8262100Z           "encrypted": false,
native (macos-15-intel, darwin-x86_64)	Execute official pinned binary on actual platform	2026-10-08T11:39:13.8290430Z           "fields": 0,
native (macos-15-intel, darwin-x86_64)	Execute official pinned binary on actual platform	2026-10-08T11:39:13.8314980Z           "file": "/Users/runner/work/printcraft-skills/printcraft-skills/native-evidence/rotate.pdf",
native (macos-15-intel, darwin-x86_64)	Execute official pinned binary on actual platform	2026-10-08T11:39:13.8337720Z           "file_size": 928,
native (macos-15-intel, darwin-x86_64)	Execute official pinned binary on actual platform	2026-10-08T11:39:13.8364610Z           "first_page_pt": [
native (macos-15-intel, darwin-x86_64)	Execute official pinned binary on actual platform	2026-10-08T11:39:13.8392060Z             792.0,
native (macos-15-intel, darwin-x86_64)	Execute official pinned binary on actual platform	2026-10-08T11:39:13.8418240Z             612.0
native (macos-15-intel, darwin-x86_64)	Execute official pinned binary on actual platform	2026-10-08T11:39:13.8445080Z           ],
native (macos-15-intel, darwin-x86_64)	Execute official pinned binary on actual platform	2026-10-08T11:39:13.8466030Z           "javascript": false,
native (macos-15-intel, darwin-x86_64)	Execute official pinned binary on actual platform	2026-10-08T11:39:13.8489610Z           "layers": 0,
native (macos-15-intel, darwin-x86_64)	Execute official pinned binary on actual platform	2026-10-08T11:39:13.8505530Z           "links": 0,
native (macos-15-intel, darwin-x86_64)	Execute official pinned binary on actual platform	2026-10-08T11:39:13.8517100Z           "page_labels": [
native (macos-15-intel, darwin-x86_64)	Execute official pinned binary on actual platform	2026-10-08T11:39:13.8539620Z             "1",
native (macos-15-intel, darwin-x86_64)	Execute official pinned binary on actual platform	2026-10-08T11:39:13.8553470Z             "2",
native (macos-15-intel, darwin-x86_64)	Execute official pinned binary on actual platform	2026-10-08T11:39:13.8577250Z             "3"
native (macos-15-intel, darwin-x86_64)	Execute official pinned binary on actual platform	2026-10-08T11:39:13.8587930Z           ],
native (macos-15-intel, darwin-x86_64)	Execute official pinned binary on actual platform	2026-10-08T11:39:13.8630840Z           "pages": 3,
native (macos-15-intel, darwin-x86_64)	Execute official pinned binary on actual platform	2026-10-08T11:39:13.8639510Z           "pdf_version": "1.5",
native (macos-15-intel, darwin-x86_64)	Execute official pinned binary on actual platform	2026-10-08T11:39:13.8660840Z           "producer": null,
native (macos-15-intel, darwin-x86_64)	Execute official pinned binary on actual platform	2026-10-08T11:39:13.8690910Z           "tagged": false,
native (macos-15-intel, darwin-x86_64)	Execute official pinned binary on actual platform	2026-10-08T11:39:13.8717520Z           "title": null,
native (macos-15-intel, darwin-x86_64)	Execute official pinned binary on actual platform	2026-10-08T11:39:13.8741410Z           "warnings": [],
native (macos-15-intel, darwin-x86_64)	Execute official pinned binary on actual platform	2026-10-08T11:39:13.8746180Z           "xfa": null
native (macos-15-intel, darwin-x86_64)	Execute official pinned binary on actual platform	2026-10-08T11:39:13.8764210Z         },
native (macos-15-intel, darwin-x86_64)	Execute official pinned binary on actual platform	2026-10-08T11:39:13.8778260Z         "texts": [
native (macos-15-intel, darwin-x86_64)	Execute official pinned binary on actual platform	2026-10-08T11:39:13.8793150Z           "PAGE-ALPHA",
native (macos-15-intel, darwin-x86_64)	Execute official pinned binary on actual platform	2026-10-08T11:39:13.8808750Z           "PAGE-BETA",
native (macos-15-intel, darwin-x86_64)	Execute official pinned binary on actual platform	2026-10-08T11:39:13.8825280Z           "PAGE-GAMMA"
native (macos-15-intel, darwin-x86_64)	Execute official pinned binary on actual platform	2026-10-08T11:39:13.8931060Z         ]
native (macos-15-intel, darwin-x86_64)	Execute official pinned binary on actual platform	2026-10-08T11:39:13.8933190Z       }
native (macos-15-intel, darwin-x86_64)	Execute official pinned binary on actual platform	2026-10-08T11:39:13.8936930Z     },
native (macos-15-intel, darwin-x86_64)	Execute official pinned binary on actual platform	2026-10-08T11:39:13.8939150Z     "crop_save_reopen_render": {
native (macos-15-intel, darwin-x86_64)	Execute official pinned binary on actual platform	2026-10-08T11:39:13.9940700Z       "status": "PASS",
native (macos-15-intel, darwin-x86_64)	Execute official pinned binary on actual platform	2026-10-08T11:39:14.0300150Z       "details": {
native (macos-15-intel, darwin-x86_64)	Execute official pinned binary on actual platform	2026-10-08T11:39:14.0476620Z         "outputSha256": "ffb08531abd7e172646e2a65a15051068fe42a8579e74a3cd5b28656c8c50cbb",
native (macos-15-intel, darwin-x86_64)	Execute official pinned binary on actual platform	2026-10-08T11:39:14.0531850Z         "info": {
native (macos-15-intel, darwin-x86_64)	Execute official pinned binary on actual platform	2026-10-08T11:39:14.0555550Z           "annotations": 0,
native (macos-15-intel, darwin-x86_64)	Execute official pinned binary on actual platform	2026-10-08T11:39:14.0592080Z           "attachments": 0,
native (macos-15-intel, darwin-x86_64)	Execute official pinned binary on actual platform	2026-10-08T11:39:14.0785260Z           "author": null,
native (macos-15-intel, darwin-x86_64)	Execute official pinned binary on actual platform	2026-10-08T11:39:14.0841710Z           "bookmarks": 0,
native (macos-15-intel, darwin-x86_64)	Execute official pinned binary on actual platform	2026-10-08T11:39:14.0877760Z           "creator": null,
native (macos-15-intel, darwin-x86_64)	Execute official pinned binary on actual platform	2026-10-08T11:39:14.0911570Z           "encrypted": false,
native (macos-15-intel, darwin-x86_64)	Execute official pinned binary on actual platform	2026-10-08T11:39:14.0968450Z           "fields": 0,
native (macos-15-intel, darwin-x86_64)	Execute official pinned binary on actual platform	2026-10-08T11:39:14.1049210Z           "file": "/Users/runner/work/printcraft-skills/printcraft-skills/native-evidence/crop.pdf",
native (macos-15-intel, darwin-x86_64)	Execute official pinned binary on actual platform	2026-10-08T11:39:14.1105800Z           "file_size": 935,
native (macos-15-intel, darwin-x86_64)	Execute official pinned binary on actual platform	2026-10-08T11:39:14.1169520Z           "first_page_pt": [
native (macos-15-intel, darwin-x86_64)	Execute official pinned binary on actual platform	2026-10-08T11:39:14.1210590Z             592.0,
native (macos-15-intel, darwin-x86_64)	Execute official pinned binary on actual platform	2026-10-08T11:39:14.1248350Z             772.0
native (macos-15-intel, darwin-x86_64)	Execute official pinned binary on actual platform	2026-10-08T11:39:14.1271040Z           ],
native (macos-15-intel, darwin-x86_64)	Execute official pinned binary on actual platform	2026-10-08T11:39:14.1307250Z           "javascript": false,
native (macos-15-intel, darwin-x86_64)	Execute official pinned binary on actual platform	2026-10-08T11:39:14.1336670Z           "layers": 0,
native (macos-15-intel, darwin-x86_64)	Execute official pinned binary on actual platform	2026-10-08T11:39:14.1357350Z           "links": 0,
native (macos-15-intel, darwin-x86_64)	Execute official pinned binary on actual platform	2026-10-08T11:39:14.1368220Z           "page_labels": [
native (macos-15-intel, darwin-x86_64)	Execute official pinned binary on actual platform	2026-10-08T11:39:14.1394020Z             "1",
native (macos-15-intel, darwin-x86_64)	Execute official pinned binary on actual platform	2026-10-08T11:39:14.1427650Z             "2",
native (macos-15-intel, darwin-x86_64)	Execute official pinned binary on actual platform	2026-10-08T11:39:14.1465980Z             "3"
native (macos-15-intel, darwin-x86_64)	Execute official pinned binary on actual platform	2026-10-08T11:39:14.1495580Z           ],
native (macos-15-intel, darwin-x86_64)	Execute official pinned binary on actual platform	2026-10-08T11:39:14.1549340Z           "pages": 3,
native (macos-15-intel, darwin-x86_64)	Execute official pinned binary on actual platform	2026-10-08T11:39:14.1602480Z           "pdf_version": "1.5",
native (macos-15-intel, darwin-x86_64)	Execute official pinned binary on actual platform	2026-10-08T11:39:14.1645200Z           "producer": null,
native (macos-15-intel, darwin-x86_64)	Execute official pinned binary on actual platform	2026-10-08T11:39:14.1680500Z           "tagged": false,
native (macos-15-intel, darwin-x86_64)	Execute official pinned binary on actual platform	2026-10-08T11:39:14.1727180Z           "title": null,
native (macos-15-intel, darwin-x86_64)	Execute official pinned binary on actual platform	2026-10-08T11:39:14.1752630Z           "warnings": [],
native (macos-15-intel, darwin-x86_64)	Execute official pinned binary on actual platform	2026-10-08T11:39:14.1781210Z           "xfa": null
native (macos-15-intel, darwin-x86_64)	Execute official pinned binary on actual platform	2026-10-08T11:39:14.1809170Z         },
native (macos-15-intel, darwin-x86_64)	Execute official pinned binary on actual platform	2026-10-08T11:39:14.1810080Z         "texts": [
native (macos-15-intel, darwin-x86_64)	Execute official pinned binary on actual platform	2026-10-08T11:39:14.1819300Z           "PAGE-ALPHA",
native (macos-15-intel, darwin-x86_64)	Execute official pinned binary on actual platform	2026-10-08T11:39:14.1838670Z           "PAGE-BETA",
native (macos-15-intel, darwin-x86_64)	Execute official pinned binary on actual platform	2026-10-08T11:39:14.1869270Z           "PAGE-GAMMA"
native (macos-15-intel, darwin-x86_64)	Execute official pinned binary on actual platform	2026-10-08T11:39:14.1895440Z         ]
native (macos-15-intel, darwin-x86_64)	Execute official pinned binary on actual platform	2026-10-08T11:39:14.1923480Z       }
native (macos-15-intel, darwin-x86_64)	Execute official pinned binary on actual platform	2026-10-08T11:39:14.1936080Z     },
native (macos-15-intel, darwin-x86_64)	Execute official pinned binary on actual platform	2026-10-08T11:39:14.1964080Z     "form_save_reopen": {
native (macos-15-intel, darwin-x86_64)	Execute official pinned binary on actual platform	2026-10-08T11:39:14.2004760Z       "status": "PASS",
native (macos-15-intel, darwin-x86_64)	Execute official pinned binary on actual platform	2026-10-08T11:39:14.2036990Z       "details": {
native (macos-15-intel, darwin-x86_64)	Execute official pinned binary on actual platform	2026-10-08T11:39:14.2059800Z         "fields": {
native (macos-15-intel, darwin-x86_64)	Execute official pinned binary on actual platform	2026-10-08T11:39:14.2092480Z           "count": 1,
native (macos-15-intel, darwin-x86_64)	Execute official pinned binary on actual platform	2026-10-08T11:39:14.2131590Z           "fields": [
native (macos-15-intel, darwin-x86_64)	Execute official pinned binary on actual platform	2026-10-08T11:39:14.2154740Z             {
native (macos-15-intel, darwin-x86_64)	Execute official pinned binary on actual platform	2026-10-08T11:39:14.2180460Z               "multiline": false,
native (macos-15-intel, darwin-x86_64)	Execute official pinned binary on actual platform	2026-10-08T11:39:14.2213660Z               "name": "sample",
native (macos-15-intel, darwin-x86_64)	Execute official pinned binary on actual platform	2026-10-08T11:39:14.2242660Z               "page": 1,
native (macos-15-intel, darwin-x86_64)	Execute official pinned binary on actual platform	2026-10-08T11:39:14.2271510Z               "read_only": false,
native (macos-15-intel, darwin-x86_64)	Execute official pinned binary on actual platform	2026-10-08T11:39:14.2310220Z               "rect": [
native (macos-15-intel, darwin-x86_64)	Execute official pinned binary on actual platform	2026-10-08T11:39:14.2351660Z                 72.0,
native (macos-15-intel, darwin-x86_64)	Execute official pinned binary on actual platform	2026-10-08T11:39:14.2381510Z                 120.0,
native (macos-15-intel, darwin-x86_64)	Execute official pinned binary on actual platform	2026-10-08T11:39:14.2411160Z                 200.0,
native (macos-15-intel, darwin-x86_64)	Execute official pinned binary on actual platform	2026-10-08T11:39:14.2420920Z                 150.0
native (macos-15-intel, darwin-x86_64)	Execute official pinned binary on actual platform	2026-10-08T11:39:14.2442940Z               ],
native (macos-15-intel, darwin-x86_64)	Execute official pinned binary on actual platform	2026-10-08T11:39:14.2456720Z               "required": false,
native (macos-15-intel, darwin-x86_64)	Execute official pinned binary on actual platform	2026-10-08T11:39:14.2483520Z               "type": "text",
native (macos-15-intel, darwin-x86_64)	Execute official pinned binary on actual platform	2026-10-08T11:39:14.2502340Z               "value": "verified form"
native (macos-15-intel, darwin-x86_64)	Execute official pinned binary on actual platform	2026-10-08T11:39:14.2531570Z             }
native (macos-15-intel, darwin-x86_64)	Execute official pinned binary on actual platform	2026-10-08T11:39:14.2562140Z           ]
native (macos-15-intel, darwin-x86_64)	Execute official pinned binary on actual platform	2026-10-08T11:39:14.2588350Z         },
native (macos-15-intel, darwin-x86_64)	Execute official pinned binary on actual platform	2026-10-08T11:39:14.2623130Z         "outputSha256": "0f851ca4127f4a92cf2d4882df564c244d20fc0a1051817c3c0ebc53bead90fa"
native (macos-15-intel, darwin-x86_64)	Execute official pinned binary on actual platform	2026-10-08T11:39:14.2657730Z       }
native (macos-15-intel, darwin-x86_64)	Execute official pinned binary on actual platform	2026-10-08T11:39:14.2705240Z     },
native (macos-15-intel, darwin-x86_64)	Execute official pinned binary on actual platform	2026-10-08T11:39:14.2733260Z     "redact_text_objects_render": {
native (macos-15-intel, darwin-x86_64)	Execute official pinned binary on actual platform	2026-10-08T11:39:14.2764340Z       "status": "PASS",
native (macos-15-intel, darwin-x86_64)	Execute official pinned binary on actual platform	2026-10-08T11:39:14.2781290Z       "details": {
native (macos-15-intel, darwin-x86_64)	Execute official pinned binary on actual platform	2026-10-08T11:39:14.2818930Z         "outputSha256": "645b9c7677eb5b0457500052284663e15b5a5d4f1b2b7ef4bd7bc6216031f338",
native (macos-15-intel, darwin-x86_64)	Execute official pinned binary on actual platform	2026-10-08T11:39:14.2856720Z         "textAndObjectBytesAbsent": true,
native (macos-15-intel, darwin-x86_64)	Execute official pinned binary on actual platform	2026-10-08T11:39:14.2894550Z         "visualReview": "NOT_RUN"
native (macos-15-intel, darwin-x86_64)	Execute official pinned binary on actual platform	2026-10-08T11:39:14.2922400Z       }
native (macos-15-intel, darwin-x86_64)	Execute official pinned binary on actual platform	2026-10-08T11:39:14.2933010Z     }
native (macos-15-intel, darwin-x86_64)	Execute official pinned binary on actual platform	2026-10-08T11:39:14.2961580Z   },
native (macos-15-intel, darwin-x86_64)	Execute official pinned binary on actual platform	2026-10-08T11:39:14.2996990Z   "scope": "DIRECT_NATIVE_ONLY_SKILL_INSTALLER_NOT_TESTED",
native (macos-15-intel, darwin-x86_64)	Execute official pinned binary on actual platform	2026-10-08T11:39:14.3016100Z   "chineseRecognition": "NOT_SUPPORTED_BY_PINNED_NATIVE",
native (macos-15-intel, darwin-x86_64)	Execute official pinned binary on actual platform	2026-10-08T11:39:14.3036600Z   "visualReview": "NOT_RUN",
native (macos-15-intel, darwin-x86_64)	Execute official pinned binary on actual platform	2026-10-08T11:39:14.3057170Z   "status": "PASS_SCOPED_NATIVE",
native (macos-15-intel, darwin-x86_64)	Execute official pinned binary on actual platform	2026-10-08T11:39:14.3087960Z   "runtimeArchiveSha256": "bda65829033916c5de5a7ddc0763437f8db2e8792ee43c8dc2676434acb3d495",
native (macos-15-intel, darwin-x86_64)	Execute official pinned binary on actual platform	2026-10-08T11:39:14.3116320Z   "runtimeBinarySha256": "b7783b596870ed5a326f29456d4647382d2e1e4d7b7ffe75ded192cd15b86995",
native (macos-15-intel, darwin-x86_64)	Execute official pinned binary on actual platform	2026-10-08T11:39:14.3150360Z   "versionOutput": "printcraft-cli 0.2.1\nDiscord: https://discord.gg/artcraft  (help and feedback)\nWeb:     https://getartcraft.com/apps/printcraft\nSource:  https://github.com/storytold/printcraft\n",
native (macos-15-intel, darwin-x86_64)	Execute official pinned binary on actual platform	2026-10-08T11:39:14.3185790Z   "catalogSha256": "8ddb81c0382bacbdebf8ffdf242ec795135abc0a7723eebbe3b14123de64bea1",
native (macos-15-intel, darwin-x86_64)	Execute official pinned binary on actual platform	2026-10-08T11:39:14.3206430Z   "catalogToolCount": 123,
native (macos-15-intel, darwin-x86_64)	Execute official pinned binary on actual platform	2026-10-08T11:39:14.3224290Z   "inputSha256": "9d035b63e05cfeb06b0985db1582f14185f99931a51eda69718764e91fdc0a0a",
native (macos-15-intel, darwin-x86_64)	Execute official pinned binary on actual platform	2026-10-08T11:39:14.3254070Z   "ocrStatus": {
native (macos-15-intel, darwin-x86_64)	Execute official pinned binary on actual platform	2026-10-08T11:39:14.3296150Z     "available": false,
native (macos-15-intel, darwin-x86_64)	Execute official pinned binary on actual platform	2026-10-08T11:39:14.3325310Z     "languages": [
native (macos-15-intel, darwin-x86_64)	Execute official pinned binary on actual platform	2026-10-08T11:39:14.3344360Z       {
native (macos-15-intel, darwin-x86_64)	Execute official pinned binary on actual platform	2026-10-08T11:39:14.3356940Z         "code": "en",
native (macos-15-intel, darwin-x86_64)	Execute official pinned binary on actual platform	2026-10-08T11:39:14.3377510Z         "name": "English"
native (macos-15-intel, darwin-x86_64)	Execute official pinned binary on actual platform	2026-10-08T11:39:14.3404140Z       }
native (macos-15-intel, darwin-x86_64)	Execute official pinned binary on actual platform	2026-10-08T11:39:14.3432750Z     ],
native (macos-15-intel, darwin-x86_64)	Execute official pinned binary on actual platform	2026-10-08T11:39:14.3468160Z     "search_dirs": [
native (macos-15-intel, darwin-x86_64)	Execute official pinned binary on actual platform	2026-10-08T11:39:14.3496340Z       "/Users/runner/work/printcraft-skills/printcraft-skills/native-evidence/models",
native (macos-15-intel, darwin-x86_64)	Execute official pinned binary on actual platform	2026-10-08T11:39:14.3522630Z       "/Users/runner/work/printcraft-skills/printcraft-skills/native-evidence/../Resources/models",
native (macos-15-intel, darwin-x86_64)	Execute official pinned binary on actual platform	2026-10-08T11:39:14.3542940Z       "/Users/runner/work/printcraft/printcraft/crates/ocr/../../assets/models"
native (macos-15-intel, darwin-x86_64)	Execute official pinned binary on actual platform	2026-10-08T11:39:14.3562600Z     ]
native (macos-15-intel, darwin-x86_64)	Execute official pinned binary on actual platform	2026-10-08T11:39:14.3581950Z   },
native (macos-15-intel, darwin-x86_64)	Execute official pinned binary on actual platform	2026-10-08T11:39:14.3607390Z   "sourceUnchanged": true,
native (macos-15-intel, darwin-x86_64)	Execute official pinned binary on actual platform	2026-10-08T11:39:14.3633890Z   "artifacts": {
native (macos-15-intel, darwin-x86_64)	Execute official pinned binary on actual platform	2026-10-08T11:39:14.3648940Z     "001-call.json": "5bea3fedd7eeae64a3b72ad99bdfe8f8e3175bf270715ef247a4f00265debfc3",
native (macos-15-intel, darwin-x86_64)	Execute official pinned binary on actual platform	2026-10-08T11:39:14.3672900Z     "001-stderr.log": "e3b0c44298fc1c149afbf4c8996fb92427ae41e4649b934ca495991b7852b855",
native (macos-15-intel, darwin-x86_64)	Execute official pinned binary on actual platform	2026-10-08T11:39:14.3695410Z     "001-stdout.log": "260187c52b001191acc62e300b68203b492022e0c2b78b74db7f63ed6cf0eb9b",
native (macos-15-intel, darwin-x86_64)	Execute official pinned binary on actual platform	2026-10-08T11:39:14.3713170Z     "002-call.json": "e44a6d5b24dfbbf9a357a5722714b0608e6d0902ed29e7080757cd1e45e8cc3b",
native (macos-15-intel, darwin-x86_64)	Execute official pinned binary on actual platform	2026-10-08T11:39:14.3729920Z     "002-stderr.log": "e3b0c44298fc1c149afbf4c8996fb92427ae41e4649b934ca495991b7852b855",
native (macos-15-intel, darwin-x86_64)	Execute official pinned binary on actual platform	2026-10-08T11:39:14.3752870Z     "002-stdout.log": "8ddb81c0382bacbdebf8ffdf242ec795135abc0a7723eebbe3b14123de64bea1",
native (macos-15-intel, darwin-x86_64)	Execute official pinned binary on actual platform	2026-10-08T11:39:14.3780890Z     "003-call.json": "584bf4c02e7caf23485889b918004758aec0311642a8ecb49f19fb9b1f89b71e",
native (macos-15-intel, darwin-x86_64)	Execute official pinned binary on actual platform	2026-10-08T11:39:14.3809890Z     "003-stderr.log": "e3b0c44298fc1c149afbf4c8996fb92427ae41e4649b934ca495991b7852b855",
native (macos-15-intel, darwin-x86_64)	Execute official pinned binary on actual platform	2026-10-08T11:39:14.3852210Z     "003-stdout.log": "e386028c4227510857e0d37f5997f34aad25ed99ef64243feee48fa2a4dbd5cf",
native (macos-15-intel, darwin-x86_64)	Execute official pinned binary on actual platform	2026-10-08T11:39:14.3886600Z     "004-call.json": "68a9f44486983eef1e98669c29b53c5207431b49af9d504de59d6c37d73b2c36",
native (macos-15-intel, darwin-x86_64)	Execute official pinned binary on actual platform	2026-10-08T11:39:14.3896200Z     "004-stderr.log": "e3b0c44298fc1c149afbf4c8996fb92427ae41e4649b934ca495991b7852b855",
native (macos-15-intel, darwin-x86_64)	Execute official pinned binary on actual platform	2026-10-08T11:39:14.3947480Z     "004-stdout.log": "06a0356a3929db45cc722b204446e32b8f5fe01e62a9813206ab32dd6a076b7b",
native (macos-15-intel, darwin-x86_64)	Execute official pinned binary on actual platform	2026-10-08T11:39:14.3978300Z     "005-call.json": "fb944fbaad4fb2c90bc6d3039c3d59bd7b4484fb63effa626a7c8d0b8a9eebca",
native (macos-15-intel, darwin-x86_64)	Execute official pinned binary on actual platform	2026-10-08T11:39:14.4022610Z     "005-stderr.log": "e3b0c44298fc1c149afbf4c8996fb92427ae41e4649b934ca495991b7852b855",
native (macos-15-intel, darwin-x86_64)	Execute official pinned binary on actual platform	2026-10-08T11:39:14.4035420Z     "005-stdout.log": "05a0254bf621f2c5607ace0e81c83d283b2c27685a1169e3ee97d808b0b72886",
native (macos-15-intel, darwin-x86_64)	Execute official pinned binary on actual platform	2026-10-08T11:39:14.4058700Z     "006-call.json": "8ec64d7877dc242e620b5686f24a6ef99a6d5c79c232e1145dada6e389962b97",
native (macos-15-intel, darwin-x86_64)	Execute official pinned binary on actual platform	2026-10-08T11:39:14.4087020Z     "006-stderr.log": "e3b0c44298fc1c149afbf4c8996fb92427ae41e4649b934ca495991b7852b855",
native (macos-15-intel, darwin-x86_64)	Execute official pinned binary on actual platform	2026-10-08T11:39:14.4115580Z     "006-stdout.log": "1a04a191ace245e98cc7421a421c6dc44d0237a6d3e2d591272e8eb36e84dd0b",
native (macos-15-intel, darwin-x86_64)	Execute official pinned binary on actual platform	2026-10-08T11:39:14.4141690Z     "007-call.json": "cff061bd9e55123bca0df3858e7b128c328f23ad6a0d86f4e4cc8e4aea0d9fb2",
native (macos-15-intel, darwin-x86_64)	Execute official pinned binary on actual platform	2026-10-08T11:39:14.4162200Z     "007-stderr.log": "e3b0c44298fc1c149afbf4c8996fb92427ae41e4649b934ca495991b7852b855",
native (macos-15-intel, darwin-x86_64)	Execute official pinned binary on actual platform	2026-10-08T11:39:14.4193480Z     "007-stdout.log": "86696a16aacf0f57f3bb129451d6fc4beeb518901609ed93dab29339eec83057",
native (macos-15-intel, darwin-x86_64)	Execute official pinned binary on actual platform	2026-10-08T11:39:14.4224550Z     "008-call.json": "4e7840c3a0f4e95db70e6837d0b5f10525e775b57b02eb3445d5b70e7ba47163",
native (macos-15-intel, darwin-x86_64)	Execute official pinned binary on actual platform	2026-10-08T11:39:14.4252970Z     "008-stderr.log": "1733d88416842cd1ad6d56f5ebf3f7caed599a28df8bb96a08cd0eb5f0f999c0",
native (macos-15-intel, darwin-x86_64)	Execute official pinned binary on actual platform	2026-10-08T11:39:14.4255920Z     "008-stdout.log": "e3b0c44298fc1c149afbf4c8996fb92427ae41e4649b934ca495991b7852b855",
native (macos-15-intel, darwin-x86_64)	Execute official pinned binary on actual platform	2026-10-08T11:39:14.4282900Z     "009-call.json": "21106011a84d3e805d348a33752771db72253fef469998e47e085a1263a7ce68",
native (macos-15-intel, darwin-x86_64)	Execute official pinned binary on actual platform	2026-10-08T11:39:14.4315490Z     "009-stderr.log": "e3b0c44298fc1c149afbf4c8996fb92427ae41e4649b934ca495991b7852b855",
native (macos-15-intel, darwin-x86_64)	Execute official pinned binary on actual platform	2026-10-08T11:39:14.4344200Z     "009-stdout.log": "dc221f7db74b373f139198adc5dbe6ec9ef87f364394f74f6b63c45d83e3cbac",
native (macos-15-intel, darwin-x86_64)	Execute official pinned binary on actual platform	2026-10-08T11:39:14.4358180Z     "010-call.json": "611e68fc000aca5e872ab728ec8beebe00e401bd8157e5a7e6f71600efaab91c",
native (macos-15-intel, darwin-x86_64)	Execute official pinned binary on actual platform	2026-10-08T11:39:14.4386860Z     "010-stderr.log": "e3b0c44298fc1c149afbf4c8996fb92427ae41e4649b934ca495991b7852b855",
native (macos-15-intel, darwin-x86_64)	Execute official pinned binary on actual platform	2026-10-08T11:39:14.4415450Z     "010-stdout.log": "b9abbd28c2967e31d106aea04c499ad26634f73ec23f0c979e61d2d8e94f0264",
native (macos-15-intel, darwin-x86_64)	Execute official pinned binary on actual platform	2026-10-08T11:39:14.4444170Z     "011-call.json": "609cb4fd4326e040f66b43e28f7ad15ef9f49d6f38dc04ec3a4e33298190eb2e",
native (macos-15-intel, darwin-x86_64)	Execute official pinned binary on actual platform	2026-10-08T11:39:14.4464580Z     "011-stderr.log": "e3b0c44298fc1c149afbf4c8996fb92427ae41e4649b934ca495991b7852b855",
native (macos-15-intel, darwin-x86_64)	Execute official pinned binary on actual platform	2026-10-08T11:39:14.4483770Z     "011-stdout.log": "1a04a191ace245e98cc7421a421c6dc44d0237a6d3e2d591272e8eb36e84dd0b",
native (macos-15-intel, darwin-x86_64)	Execute official pinned binary on actual platform	2026-10-08T11:39:14.4497080Z     "012-call.json": "51e0e918efde4c15ab2c0d901263d272a091d0e2d1859386e755026bd5d2a7b8",
native (macos-15-intel, darwin-x86_64)	Execute official pinned binary on actual platform	2026-10-08T11:39:14.4526280Z     "012-stderr.log": "e3b0c44298fc1c149afbf4c8996fb92427ae41e4649b934ca495991b7852b855",
native (macos-15-intel, darwin-x86_64)	Execute official pinned binary on actual platform	2026-10-08T11:39:14.4564790Z     "012-stdout.log": "86696a16aacf0f57f3bb129451d6fc4beeb518901609ed93dab29339eec83057",
native (macos-15-intel, darwin-x86_64)	Execute official pinned binary on actual platform	2026-10-08T11:39:14.4586020Z     "013-call.json": "bb85808cb6860d1d9a30fe9e74df8cc9198ff9e2e59f4e83af1201db9cf07ebb",
native (macos-15-intel, darwin-x86_64)	Execute official pinned binary on actual platform	2026-10-08T11:39:14.4617710Z     "013-stderr.log": "e3b0c44298fc1c149afbf4c8996fb92427ae41e4649b934ca495991b7852b855",
native (macos-15-intel, darwin-x86_64)	Execute official pinned binary on actual platform	2026-10-08T11:39:14.4619670Z     "013-stdout.log": "05a0254bf621f2c5607ace0e81c83d283b2c27685a1169e3ee97d808b0b72886",
native (macos-15-intel, darwin-x86_64)	Execute official pinned binary on actual platform	2026-10-08T11:39:14.4648780Z     "014-call.json": "6aae8f53f51fa338f5f9cd643a34f0848df2d1e5a45a8b7cd46a75f460702948",
native (macos-15-intel, darwin-x86_64)	Execute official pinned binary on actual platform	2026-10-08T11:39:14.4664850Z     "014-stderr.log": "0866c3fea8702f05d891699cc3ae79b76a1f8ce8f590b42d145e62cf5a8983ab",
native (macos-15-intel, darwin-x86_64)	Execute official pinned binary on actual platform	2026-10-08T11:39:14.4688500Z     "014-stdout.log": "e3b0c44298fc1c149afbf4c8996fb92427ae41e4649b934ca495991b7852b855",
native (macos-15-intel, darwin-x86_64)	Execute official pinned binary on actual platform	2026-10-08T11:39:14.4716790Z     "015-call.json": "76d9ecaf683afe175f8ae2947f12d5d4944093d464133f592efbdda3c29b47f9",
native (macos-15-intel, darwin-x86_64)	Execute official pinned binary on actual platform	2026-10-08T11:39:14.4746640Z     "015-stderr.log": "e3b0c44298fc1c149afbf4c8996fb92427ae41e4649b934ca495991b7852b855",
native (macos-15-intel, darwin-x86_64)	Execute official pinned binary on actual platform	2026-10-08T11:39:14.4772690Z     "015-stdout.log": "11386c78201a0bda14379d7c41646aa84983718cac68b173d4b88da160730075",
native (macos-15-intel, darwin-x86_64)	Execute official pinned binary on actual platform	2026-10-08T11:39:14.4800750Z     "016-call.json": "cbda547e7072db4ab2bded11d82afd67a637eb76ea3072bbc37230397df32d1f",
native (macos-15-intel, darwin-x86_64)	Execute official pinned binary on actual platform	2026-10-08T11:39:14.4839080Z     "016-stderr.log": "e3b0c44298fc1c149afbf4c8996fb92427ae41e4649b934ca495991b7852b855",
native (macos-15-intel, darwin-x86_64)	Execute official pinned binary on actual platform	2026-10-08T11:39:14.4869810Z     "016-stdout.log": "57f6d9f411c12d01e605d4e0e31c86db2f6d15d09442556c49fa93d8727aaf8e",
native (macos-15-intel, darwin-x86_64)	Execute official pinned binary on actual platform	2026-10-08T11:39:14.4871690Z     "017-call.json": "ff3c59a7d2e79bd165ab72fdd6dd94402c456b3a432df15b0eaf3cd4be48874d",
native (macos-15-intel, darwin-x86_64)	Execute official pinned binary on actual platform	2026-10-08T11:39:14.4898780Z     "017-stderr.log": "e3b0c44298fc1c149afbf4c8996fb92427ae41e4649b934ca495991b7852b855",
native (macos-15-intel, darwin-x86_64)	Execute official pinned binary on actual platform	2026-10-08T11:39:14.4928810Z     "017-stdout.log": "1a04a191ace245e98cc7421a421c6dc44d0237a6d3e2d591272e8eb36e84dd0b",
native (macos-15-intel, darwin-x86_64)	Execute official pinned binary on actual platform	2026-10-08T11:39:14.4952970Z     "018-call.json": "f0f299117363555ac4bdead9334d42ccf09d98ae3735adaaa633e981c879433b",
native (macos-15-intel, darwin-x86_64)	Execute official pinned binary on actual platform	2026-10-08T11:39:14.4993120Z     "018-stderr.log": "e3b0c44298fc1c149afbf4c8996fb92427ae41e4649b934ca495991b7852b855",
native (macos-15-intel, darwin-x86_64)	Execute official pinned binary on actual platform	2026-10-08T11:39:14.5024730Z     "018-stdout.log": "86696a16aacf0f57f3bb129451d6fc4beeb518901609ed93dab29339eec83057",
native (macos-15-intel, darwin-x86_64)	Execute official pinned binary on actual platform	2026-10-08T11:39:14.5054210Z     "019-call.json": "88483a391fe345a123b4ae66962a6237f65b15cfc68fa1b5e8aa226282860f87",
native (macos-15-intel, darwin-x86_64)	Execute official pinned binary on actual platform	2026-10-08T11:39:14.5105140Z     "019-stderr.log": "e3b0c44298fc1c149afbf4c8996fb92427ae41e4649b934ca495991b7852b855",
native (macos-15-intel, darwin-x86_64)	Execute official pinned binary on actual platform	2026-10-08T11:39:14.5158760Z     "019-stdout.log": "05a0254bf621f2c5607ace0e81c83d283b2c27685a1169e3ee97d808b0b72886",
native (macos-15-intel, darwin-x86_64)	Execute official pinned binary on actual platform	2026-10-08T11:39:14.5187500Z     "020-call.json": "a71d7bb29b0cab26159f6486b210713db9df9f87725bbae878266ce117961e3d",
native (macos-15-intel, darwin-x86_64)	Execute official pinned binary on actual platform	2026-10-08T11:39:14.5190800Z     "020-stderr.log": "5651aa3209c7442f7b5eb33b58e42ffa738bd3f3f29715b440a65a9aae4b399a",
native (macos-15-intel, darwin-x86_64)	Execute official pinned binary on actual platform	2026-10-08T11:39:14.5217340Z     "020-stdout.log": "e3b0c44298fc1c149afbf4c8996fb92427ae41e4649b934ca495991b7852b855",
native (macos-15-intel, darwin-x86_64)	Execute official pinned binary on actual platform	2026-10-08T11:39:14.5254010Z     "021-call.json": "465d88c5b625a3dd6c91f2deaf1f77d88820e71e9e37cdcb932f090411ca6523",
native (macos-15-intel, darwin-x86_64)	Execute official pinned binary on actual platform	2026-10-08T11:39:14.5300680Z     "021-stderr.log": "e3b0c44298fc1c149afbf4c8996fb92427ae41e4649b934ca495991b7852b855",
native (macos-15-intel, darwin-x86_64)	Execute official pinned binary on actual platform	2026-10-08T11:39:14.5333770Z     "021-stdout.log": "50fe6d0c7ff119bef31749c28eb66cb3711aa87cd0d79fd9e45a3290cb8ab55c",
native (macos-15-intel, darwin-x86_64)	Execute official pinned binary on actual platform	2026-10-08T11:39:14.5393030Z     "022-call.json": "6b1932adb41c2710c5573efa308a2fd338a2026248d58f7ebf7b83b18fb4f706",
native (macos-15-intel, darwin-x86_64)	Execute official pinned binary on actual platform	2026-10-08T11:39:14.5444070Z     "022-stderr.log": "e3b0c44298fc1c149afbf4c8996fb92427ae41e4649b934ca495991b7852b855",
native (macos-15-intel, darwin-x86_64)	Execute official pinned binary on actual platform	2026-10-08T11:39:14.5472940Z     "022-stdout.log": "593eb16125aec2999d9e6b130fb5cc7c517aa7976c7931221c75ea8b5b8d583f",
native (macos-15-intel, darwin-x86_64)	Execute official pinned binary on actual platform	2026-10-08T11:39:14.5481730Z     "023-call.json": "b19019d1506086d339598a6631cfa882b22b340f20f7e40e536c9b08ae325890",
native (macos-15-intel, darwin-x86_64)	Execute official pinned binary on actual platform	2026-10-08T11:39:14.5503890Z     "023-stderr.log": "e3b0c44298fc1c149afbf4c8996fb92427ae41e4649b934ca495991b7852b855",
native (macos-15-intel, darwin-x86_64)	Execute official pinned binary on actual platform	2026-10-08T11:39:14.5525240Z     "023-stdout.log": "3f0aa56e4cb3583192313183b85c05446e87a5a097ab85c5d5292daee932338c",
native (macos-15-intel, darwin-x86_64)	Execute official pinned binary on actual platform	2026-10-08T11:39:14.5549520Z     "024-call.json": "282dc4a6b142b6b7674249a91bd16336ae325060ae13301349aeb04f7f51322d",
native (macos-15-intel, darwin-x86_64)	Execute official pinned binary on actual platform	2026-10-08T11:39:14.5550790Z     "024-stderr.log": "e3b0c44298fc1c149afbf4c8996fb92427ae41e4649b934ca495991b7852b855",
native (macos-15-intel, darwin-x86_64)	Execute official pinned binary on actual platform	2026-10-08T11:39:14.5604630Z     "024-stdout.log": "33343d8e3983017124cdc4cddc1e91d1f4a53f393adaa8d0155ed1f27ce1186e",
native (macos-15-intel, darwin-x86_64)	Execute official pinned binary on actual platform	2026-10-08T11:39:14.5633370Z     "025-call.json": "1c24eb595b34f5feb8f15717bc38199603f123ea75008b047af8add945f39be2",
native (macos-15-intel, darwin-x86_64)	Execute official pinned binary on actual platform	2026-10-08T11:39:14.5661410Z     "025-stderr.log": "0e74a5c63ba1831af12e95f960ae9b2850cf2fc085f1ae86052907d256468363",
native (macos-15-intel, darwin-x86_64)	Execute official pinned binary on actual platform	2026-10-08T11:39:14.5698590Z     "025-stdout.log": "e3b0c44298fc1c149afbf4c8996fb92427ae41e4649b934ca495991b7852b855",
native (macos-15-intel, darwin-x86_64)	Execute official pinned binary on actual platform	2026-10-08T11:39:14.5732470Z     "026-call.json": "ab0e8eee5b303437e78c8d7fd085104399acbfe298191ad89b2f69250478ec7b",
native (macos-15-intel, darwin-x86_64)	Execute official pinned binary on actual platform	2026-10-08T11:39:14.5776750Z     "026-stderr.log": "e3b0c44298fc1c149afbf4c8996fb92427ae41e4649b934ca495991b7852b855",
native (macos-15-intel, darwin-x86_64)	Execute official pinned binary on actual platform	2026-10-08T11:39:14.5815970Z     "026-stdout.log": "1782005dd98370f6d5796e83851ff904f173bace60493b7594b0923afe1a1f5b",
native (macos-15-intel, darwin-x86_64)	Execute official pinned binary on actual platform	2026-10-08T11:39:14.5854120Z     "crop.json": "e951c9c1db0cddc21f3fd49c38d38bc3aac6b7ba54cf640d53be7d5dac836fc1",
native (macos-15-intel, darwin-x86_64)	Execute official pinned binary on actual platform	2026-10-08T11:39:14.5896450Z     "crop.pam": "800e5debd6af3433e00f8d0661b056aba194e6399b6f6115cbf4c76a1e3d5a33",
native (macos-15-intel, darwin-x86_64)	Execute official pinned binary on actual platform	2026-10-08T11:39:14.5928430Z     "crop.pdf": "ffb08531abd7e172646e2a65a15051068fe42a8579e74a3cd5b28656c8c50cbb",
native (macos-15-intel, darwin-x86_64)	Execute official pinned binary on actual platform	2026-10-08T11:39:14.5930070Z     "form-reopen.json": "751df5d153a48ca7367b97c8e2640b60929e52dc90b80644e0045966c101c28a",
native (macos-15-intel, darwin-x86_64)	Execute official pinned binary on actual platform	2026-10-08T11:39:14.5956400Z     "form.json": "b6e66f92767ced592a7e6c08297a7c2fe1502f398631379af4dfa7ea3138c481",
native (macos-15-intel, darwin-x86_64)	Execute official pinned binary on actual platform	2026-10-08T11:39:14.5980800Z     "form.pdf": "0f851ca4127f4a92cf2d4882df564c244d20fc0a1051817c3c0ebc53bead90fa",
native (macos-15-intel, darwin-x86_64)	Execute official pinned binary on actual platform	2026-10-08T11:39:14.6015630Z     "ocr-status.json": "c1e2272eb0b04dd03cde92ae4387f987210b9598f98183d3bf1624ff0a25b24e",
native (macos-15-intel, darwin-x86_64)	Execute official pinned binary on actual platform	2026-10-08T11:39:14.6049290Z     "redact.json": "c1e72e7c1e692da374eb2e50023b0bc6c30df6a15ac53b1c632361eb1e643df2",
native (macos-15-intel, darwin-x86_64)	Execute official pinned binary on actual platform	2026-10-08T11:39:14.6056370Z     "redacted.pam": "91986fe8ceef5be0c48e7fd3613c9d3d8985018c621e5932e99d71191a20c7c9",
native (macos-15-intel, darwin-x86_64)	Execute official pinned binary on actual platform	2026-10-08T11:39:14.6085960Z     "redacted.pdf": "645b9c7677eb5b0457500052284663e15b5a5d4f1b2b7ef4bd7bc6216031f338",
native (macos-15-intel, darwin-x86_64)	Execute official pinned binary on actual platform	2026-10-08T11:39:14.6108650Z     "reorder.json": "d73e62bcf276cf944288ed61fa08418956f28ee0fc654c849e7115dfecfbed55",
native (macos-15-intel, darwin-x86_64)	Execute official pinned binary on actual platform	2026-10-08T11:39:14.6137400Z     "reorder.pam": "6db18d931d460ff50a4536ca589428ff9e7aadeb2f534bde9f96ae5521ea8f21",
native (macos-15-intel, darwin-x86_64)	Execute official pinned binary on actual platform	2026-10-08T11:39:14.6168910Z     "reorder.pdf": "9ef33fcdec81bd447f375a57e1f818a1f14c3db5b45e2ed337e5cef959a66f77",
native (macos-15-intel, darwin-x86_64)	Execute official pinned binary on actual platform	2026-10-08T11:39:14.6209270Z     "rotate.json": "63e3286f708aa71b9b2525c937b5a7929073e7f549f001337cb81f3054b377ba",
native (macos-15-intel, darwin-x86_64)	Execute official pinned binary on actual platform	2026-10-08T11:39:14.6236660Z     "rotate.pam": "6c8181dcc97ff857c58fb82b0409fbc8841793cb9fb0b348df5919555968d91e",
native (macos-15-intel, darwin-x86_64)	Execute official pinned binary on actual platform	2026-10-08T11:39:14.6258000Z     "rotate.pdf": "543a8d33cd175c92e0579d21b5726f911d65a0b9b9f3c9829e0133b6cab74a37",
native (macos-15-intel, darwin-x86_64)	Execute official pinned binary on actual platform	2026-10-08T11:39:14.6285840Z     "source.pdf": "9d035b63e05cfeb06b0985db1582f14185f99931a51eda69718764e91fdc0a0a",
native (macos-15-intel, darwin-x86_64)	Execute official pinned binary on actual platform	2026-10-08T11:39:14.6287280Z     "tools.json": "8ddb81c0382bacbdebf8ffdf242ec795135abc0a7723eebbe3b14123de64bea1"
native (macos-15-intel, darwin-x86_64)	Execute official pinned binary on actual platform	2026-10-08T11:39:14.6314550Z   },
native (macos-15-intel, darwin-x86_64)	Execute official pinned binary on actual platform	2026-10-08T11:39:14.6340880Z   "finishedAt": "2026-10-08T11:39:13.587209+00:00"
native (macos-15-intel, darwin-x86_64)	Execute official pinned binary on actual platform	2026-10-08T11:39:14.6367250Z }
native (macos-15-intel, darwin-x86_64)	Preserve native observations even on failure	﻿2026-10-08T11:39:14.6643330Z ##[group]Run actions/upload-artifact@v4
native (macos-15-intel, darwin-x86_64)	Preserve native observations even on failure	2026-10-08T11:39:14.6644160Z with:
native (macos-15-intel, darwin-x86_64)	Preserve native observations even on failure	2026-10-08T11:39:14.6644730Z   name: native-darwin-x86_64-37771440411
native (macos-15-intel, darwin-x86_64)	Preserve native observations even on failure	2026-10-08T11:39:14.6646210Z   path: native-evidence/*.json
native (macos-15-intel, darwin-x86_64)	Preserve native observations even on failure	native-evidence/*.log
native (macos-15-intel, darwin-x86_64)	Preserve native observations even on failure	native-evidence/*.pdf
native (macos-15-intel, darwin-x86_64)	Preserve native observations even on failure	native-evidence/*.pam
native (macos-15-intel, darwin-x86_64)	Preserve native observations even on failure	
native (macos-15-intel, darwin-x86_64)	Preserve native observations even on failure	2026-10-08T11:39:14.6647560Z   if-no-files-found: error
native (macos-15-intel, darwin-x86_64)	Preserve native observations even on failure	2026-10-08T11:39:14.6648170Z   compression-level: 6
native (macos-15-intel, darwin-x86_64)	Preserve native observations even on failure	2026-10-08T11:39:14.6648760Z   overwrite: false
native (macos-15-intel, darwin-x86_64)	Preserve native observations even on failure	2026-10-08T11:39:14.6649310Z   include-hidden-files: false
native (macos-15-intel, darwin-x86_64)	Preserve native observations even on failure	2026-10-08T11:39:14.6649970Z env:
native (macos-15-intel, darwin-x86_64)	Preserve native observations even on failure	2026-10-08T11:39:14.6650730Z   pythonLocation: /Users/runner/hostedtoolcache/Python/3.13.15/x64
native (macos-15-intel, darwin-x86_64)	Preserve native observations even on failure	2026-10-08T11:39:14.6652070Z   PKG_CONFIG_PATH: /Users/runner/hostedtoolcache/Python/3.13.15/x64/lib/pkgconfig
native (macos-15-intel, darwin-x86_64)	Preserve native observations even on failure	2026-10-08T11:39:14.6653430Z   Python_ROOT_DIR: /Users/runner/hostedtoolcache/Python/3.13.15/x64
native (macos-15-intel, darwin-x86_64)	Preserve native observations even on failure	2026-10-08T11:39:14.6654630Z   Python2_ROOT_DIR: /Users/runner/hostedtoolcache/Python/3.13.15/x64
native (macos-15-intel, darwin-x86_64)	Preserve native observations even on failure	2026-10-08T11:39:14.6655910Z   Python3_ROOT_DIR: /Users/runner/hostedtoolcache/Python/3.13.15/x64
native (macos-15-intel, darwin-x86_64)	Preserve native observations even on failure	2026-10-08T11:39:14.6657040Z ##[endgroup]
native (macos-15-intel, darwin-x86_64)	Preserve native observations even on failure	2026-10-08T11:39:15.0435350Z (node:2141) [DEP0040] DeprecationWarning: The `punycode` module is deprecated. Please use a userland alternative instead.
native (macos-15-intel, darwin-x86_64)	Preserve native observations even on failure	2026-10-08T11:39:15.0801030Z (Use `node --trace-deprecation ...` to show where the warning was created)
native (macos-15-intel, darwin-x86_64)	Preserve native observations even on failure	2026-10-08T11:39:15.1514610Z With the provided path, there will be 97 files uploaded
native (macos-15-intel, darwin-x86_64)	Preserve native observations even on failure	2026-10-08T11:39:15.1516160Z Artifact name is valid!
native (macos-15-intel, darwin-x86_64)	Preserve native observations even on failure	2026-10-08T11:39:15.1516930Z Root directory input is valid!
native (macos-15-intel, darwin-x86_64)	Preserve native observations even on failure	2026-10-08T11:39:15.5536970Z Beginning upload of artifact content to blob storage
native (macos-15-intel, darwin-x86_64)	Preserve native observations even on failure	2026-10-08T11:39:15.9512880Z (node:2141) [DEP0169] DeprecationWarning: `url.parse()` behavior is not standardized and prone to errors that have security implications. Use the WHATWG URL API instead. CVEs are not issued for `url.parse()` vulnerabilities.
native (macos-15-intel, darwin-x86_64)	Preserve native observations even on failure	2026-10-08T11:39:16.3873740Z Uploaded bytes 90422
native (macos-15-intel, darwin-x86_64)	Preserve native observations even on failure	2026-10-08T11:39:16.4822130Z Finished uploading artifact content to blob storage!
native (macos-15-intel, darwin-x86_64)	Preserve native observations even on failure	2026-10-08T11:39:16.4914680Z SHA256 digest of uploaded artifact zip is 930c0ae9c3eb0750483dbc01526bab3e6429f5f1d7935afa87623c3c93b02571
native (macos-15-intel, darwin-x86_64)	Preserve native observations even on failure	2026-10-08T11:39:16.4956560Z Finalizing artifact upload
native (macos-15-intel, darwin-x86_64)	Preserve native observations even on failure	2026-10-08T11:39:16.8198980Z Artifact native-darwin-x86_64-37771440411.zip successfully finalized. Artifact ID 11548286670
native (macos-15-intel, darwin-x86_64)	Preserve native observations even on failure	2026-10-08T11:39:16.8213280Z Artifact native-darwin-x86_64-37771440411 has been successfully uploaded! Final size is 90422 bytes. Artifact ID is 11548286670
native (macos-15-intel, darwin-x86_64)	Preserve native observations even on failure	2026-10-08T11:39:16.8264660Z Artifact download URL: https://github.com/full-aigc-skills/printcraft-skills/actions/runs/37771440411/artifacts/11548286670
native (macos-15-intel, darwin-x86_64)	Post Run actions/setup-python@v5	﻿2026-10-08T11:39:16.8523650Z Post job cleanup.
native (macos-15-intel, darwin-x86_64)	Post Run actions/setup-python@v5	2026-10-08T11:39:17.1639570Z (node:2148) [DEP0040] DeprecationWarning: The `punycode` module is deprecated. Please use a userland alternative instead.
native (macos-15-intel, darwin-x86_64)	Post Run actions/setup-python@v5	2026-10-08T11:39:17.1767780Z (Use `node --trace-deprecation ...` to show where the warning was created)
native (macos-15-intel, darwin-x86_64)	Post Run actions/checkout@v4	﻿2026-10-08T11:39:17.1987280Z Post job cleanup.
native (macos-15-intel, darwin-x86_64)	Post Run actions/checkout@v4	2026-10-08T11:39:17.4472430Z [command]/usr/local/bin/git version
native (macos-15-intel, darwin-x86_64)	Post Run actions/checkout@v4	2026-10-08T11:39:17.4720360Z git version 2.55.0
native (macos-15-intel, darwin-x86_64)	Post Run actions/checkout@v4	2026-10-08T11:39:17.4906450Z Copying '/Users/runner/.gitconfig' to '/Users/runner/work/_temp/ba2086b1-ff30-49a2-8d66-f1ac3efc713a/.gitconfig'
native (macos-15-intel, darwin-x86_64)	Post Run actions/checkout@v4	2026-10-08T11:39:17.5009690Z Temporarily overriding HOME='/Users/runner/work/_temp/ba2086b1-ff30-49a2-8d66-f1ac3efc713a' before making global git config changes
native (macos-15-intel, darwin-x86_64)	Post Run actions/checkout@v4	2026-10-08T11:39:17.5038590Z Adding repository directory to the temporary git global config as a safe directory
native (macos-15-intel, darwin-x86_64)	Post Run actions/checkout@v4	2026-10-08T11:39:17.5072590Z [command]/usr/local/bin/git config --global --add safe.directory /Users/runner/work/printcraft-skills/printcraft-skills
native (macos-15-intel, darwin-x86_64)	Post Run actions/checkout@v4	2026-10-08T11:39:17.5400340Z [command]/usr/local/bin/git config --local --name-only --get-regexp core\.sshCommand
native (macos-15-intel, darwin-x86_64)	Post Run actions/checkout@v4	2026-10-08T11:39:17.5530670Z [command]/usr/local/bin/git submodule foreach --recursive sh -c "git config --local --name-only --get-regexp 'core\.sshCommand' && git config --local --unset-all 'core.sshCommand' || :"
native (macos-15-intel, darwin-x86_64)	Post Run actions/checkout@v4	2026-10-08T11:39:17.8897310Z [command]/usr/local/bin/git config --local --name-only --get-regexp http\.https\:\/\/github\.com\/\.extraheader
native (macos-15-intel, darwin-x86_64)	Post Run actions/checkout@v4	2026-10-08T11:39:17.9008150Z http.https://github.com/.extraheader
native (macos-15-intel, darwin-x86_64)	Post Run actions/checkout@v4	2026-10-08T11:39:17.9173050Z [command]/usr/local/bin/git config --local --unset-all http.https://github.com/.extraheader
native (macos-15-intel, darwin-x86_64)	Post Run actions/checkout@v4	2026-10-08T11:39:17.9308430Z [command]/usr/local/bin/git submodule foreach --recursive sh -c "git config --local --name-only --get-regexp 'http\.https\:\/\/github\.com\/\.extraheader' && git config --local --unset-all 'http.https://github.com/.extraheader' || :"
native (macos-15-intel, darwin-x86_64)	Post Run actions/checkout@v4	2026-10-08T11:39:18.1773620Z [command]/usr/local/bin/git config --local --name-only --get-regexp ^includeIf\.gitdir:
native (macos-15-intel, darwin-x86_64)	Post Run actions/checkout@v4	2026-10-08T11:39:18.2005870Z [command]/usr/local/bin/git submodule foreach --recursive git config --local --show-origin --name-only --get-regexp remote.origin.url
native (macos-15-intel, darwin-x86_64)	Complete job	﻿2026-10-08T11:39:18.6768540Z Cleaning up orphan processes
native (macos-15-intel, darwin-x86_64)	Complete job	2026-10-08T11:39:19.0565260Z ##[warning]Node.js 20 is deprecated. The following actions target Node.js 20 but are being forced to run on Node.js 24: actions/checkout@v4, actions/setup-python@v5, actions/upload-artifact@v4. For more information see: https://github.blog/changelog/2025-09-19-deprecation-of-node-20-on-github-actions-runners/
native (windows-2025, windows-x86_64)	Set up job	﻿2026-10-08T11:39:01.2333753Z Current runner version: '2.337.0'
native (windows-2025, windows-x86_64)	Set up job	2026-10-08T11:39:01.2381084Z ##[group]Runner Image Provisioner
native (windows-2025, windows-x86_64)	Set up job	2026-10-08T11:39:01.2382091Z Hosted Compute Agent
native (windows-2025, windows-x86_64)	Set up job	2026-10-08T11:39:01.2382654Z Version: 20260901.588
native (windows-2025, windows-x86_64)	Set up job	2026-10-08T11:39:01.2383199Z Commit: f88ec8081b781fac6c440065ac7ff9e710ce3d0b
native (windows-2025, windows-x86_64)	Set up job	2026-10-08T11:39:01.2384466Z Build Date: 2026-09-01T19:56:44Z
native (windows-2025, windows-x86_64)	Set up job	2026-10-08T11:39:01.2385096Z Worker ID: {19dff0d5-ce14-47f7-8271-e85d251d6d35}
native (windows-2025, windows-x86_64)	Set up job	2026-10-08T11:39:01.2385857Z Azure Region: centralus
native (windows-2025, windows-x86_64)	Set up job	2026-10-08T11:39:01.2386461Z ##[endgroup]
native (windows-2025, windows-x86_64)	Set up job	2026-10-08T11:39:01.2387878Z ##[group]Operating System
native (windows-2025, windows-x86_64)	Set up job	2026-10-08T11:39:01.2388487Z Microsoft Windows Server 2025
native (windows-2025, windows-x86_64)	Set up job	2026-10-08T11:39:01.2389065Z 10.0.26100
native (windows-2025, windows-x86_64)	Set up job	2026-10-08T11:39:01.2389523Z Datacenter
native (windows-2025, windows-x86_64)	Set up job	2026-10-08T11:39:01.2389989Z ##[endgroup]
native (windows-2025, windows-x86_64)	Set up job	2026-10-08T11:39:01.2390455Z ##[group]Runner Image
native (windows-2025, windows-x86_64)	Set up job	2026-10-08T11:39:01.2390951Z Image: windows-2025-vs2026
native (windows-2025, windows-x86_64)	Set up job	2026-10-08T11:39:01.2391559Z Version: 20260925.250.1
native (windows-2025, windows-x86_64)	Set up job	2026-10-08T11:39:01.2392602Z Included Software: https://github.com/actions/runner-images/blob/win25-vs2026/20260925.250/images/windows/Windows2025-VS2026-Readme.md
native (windows-2025, windows-x86_64)	Set up job	2026-10-08T11:39:01.2394449Z Image Release: https://github.com/actions/runner-images/releases/tag/win25-vs2026%2F20260925.250
native (windows-2025, windows-x86_64)	Set up job	2026-10-08T11:39:01.2395365Z ##[endgroup]
native (windows-2025, windows-x86_64)	Set up job	2026-10-08T11:39:01.2396347Z ##[group]GITHUB_TOKEN Permissions
native (windows-2025, windows-x86_64)	Set up job	2026-10-08T11:39:01.2398964Z Contents: read
native (windows-2025, windows-x86_64)	Set up job	2026-10-08T11:39:01.2399730Z Metadata: read
native (windows-2025, windows-x86_64)	Set up job	2026-10-08T11:39:01.2400343Z ##[endgroup]
native (windows-2025, windows-x86_64)	Set up job	2026-10-08T11:39:01.2402770Z Secret source: Actions
native (windows-2025, windows-x86_64)	Set up job	2026-10-08T11:39:01.2404242Z Cache mode: write
native (windows-2025, windows-x86_64)	Set up job	2026-10-08T11:39:01.2405125Z Prepare workflow directory
native (windows-2025, windows-x86_64)	Set up job	2026-10-08T11:39:01.2746843Z Prepare all required actions
native (windows-2025, windows-x86_64)	Set up job	2026-10-08T11:39:01.2793080Z Getting action download info
native (windows-2025, windows-x86_64)	Set up job	2026-10-08T11:39:01.5115232Z Download action repository 'actions/checkout@v4' (SHA:11d5960a326750d5838078e36cf38b85af677262)
native (windows-2025, windows-x86_64)	Set up job	2026-10-08T11:39:01.6209023Z Download action repository 'actions/setup-python@v5' (SHA:a26af69be951a213d495a4c3e4e4022e16d87065)
native (windows-2025, windows-x86_64)	Set up job	2026-10-08T11:39:01.7746960Z Download action repository 'actions/upload-artifact@v4' (SHA:ea165f8d65b6e75b540449e92b4886f43607fa02)
native (windows-2025, windows-x86_64)	Set up job	2026-10-08T11:39:02.1020897Z Complete job name: native (windows-2025, windows-x86_64)
native (windows-2025, windows-x86_64)	Run actions/checkout@v4	﻿2026-10-08T11:39:02.2635194Z ##[group]Run actions/checkout@v4
native (windows-2025, windows-x86_64)	Run actions/checkout@v4	2026-10-08T11:39:02.2636822Z with:
native (windows-2025, windows-x86_64)	Run actions/checkout@v4	2026-10-08T11:39:02.2637445Z   repository: full-aigc-skills/printcraft-skills
native (windows-2025, windows-x86_64)	Run actions/checkout@v4	2026-10-08T11:39:02.2641542Z   token: ***
native (windows-2025, windows-x86_64)	Run actions/checkout@v4	2026-10-08T11:39:02.2642088Z   ssh-strict: true
native (windows-2025, windows-x86_64)	Run actions/checkout@v4	2026-10-08T11:39:02.2642591Z   ssh-user: git
native (windows-2025, windows-x86_64)	Run actions/checkout@v4	2026-10-08T11:39:02.2643162Z   persist-credentials: true
native (windows-2025, windows-x86_64)	Run actions/checkout@v4	2026-10-08T11:39:02.2643721Z   clean: true
native (windows-2025, windows-x86_64)	Run actions/checkout@v4	2026-10-08T11:39:02.2644228Z   sparse-checkout-cone-mode: true
native (windows-2025, windows-x86_64)	Run actions/checkout@v4	2026-10-08T11:39:02.2645076Z   fetch-depth: 1
native (windows-2025, windows-x86_64)	Run actions/checkout@v4	2026-10-08T11:39:02.2645833Z   fetch-tags: false
native (windows-2025, windows-x86_64)	Run actions/checkout@v4	2026-10-08T11:39:02.2646420Z   show-progress: true
native (windows-2025, windows-x86_64)	Run actions/checkout@v4	2026-10-08T11:39:02.2646941Z   lfs: false
native (windows-2025, windows-x86_64)	Run actions/checkout@v4	2026-10-08T11:39:02.2647422Z   submodules: false
native (windows-2025, windows-x86_64)	Run actions/checkout@v4	2026-10-08T11:39:02.2648021Z   set-safe-directory: true
native (windows-2025, windows-x86_64)	Run actions/checkout@v4	2026-10-08T11:39:02.2648606Z   allow-unsafe-pr-checkout: false
native (windows-2025, windows-x86_64)	Run actions/checkout@v4	2026-10-08T11:39:02.2649578Z ##[endgroup]
native (windows-2025, windows-x86_64)	Run actions/checkout@v4	2026-10-08T11:39:02.4114606Z Syncing repository: full-aigc-skills/printcraft-skills
native (windows-2025, windows-x86_64)	Run actions/checkout@v4	2026-10-08T11:39:02.4117083Z ##[group]Getting Git version info
native (windows-2025, windows-x86_64)	Run actions/checkout@v4	2026-10-08T11:39:02.4118179Z Working directory is 'D:\a\printcraft-skills\printcraft-skills'
native (windows-2025, windows-x86_64)	Run actions/checkout@v4	2026-10-08T11:39:02.4963799Z [command]"C:\Program Files\Git\bin\git.exe" version
native (windows-2025, windows-x86_64)	Run actions/checkout@v4	2026-10-08T11:39:02.8505547Z git version 2.55.0.windows.5
native (windows-2025, windows-x86_64)	Run actions/checkout@v4	2026-10-08T11:39:02.8552236Z ##[endgroup]
native (windows-2025, windows-x86_64)	Run actions/checkout@v4	2026-10-08T11:39:02.8570865Z Temporarily overriding HOME='D:\a\_temp\dc5ad641-b13c-4618-96a2-49f6cb80b9fd' before making global git config changes
native (windows-2025, windows-x86_64)	Run actions/checkout@v4	2026-10-08T11:39:02.8573827Z Adding repository directory to the temporary git global config as a safe directory
native (windows-2025, windows-x86_64)	Run actions/checkout@v4	2026-10-08T11:39:02.8581328Z [command]"C:\Program Files\Git\bin\git.exe" config --global --add safe.directory D:\a\printcraft-skills\printcraft-skills
native (windows-2025, windows-x86_64)	Run actions/checkout@v4	2026-10-08T11:39:02.9210845Z Deleting the contents of 'D:\a\printcraft-skills\printcraft-skills'
native (windows-2025, windows-x86_64)	Run actions/checkout@v4	2026-10-08T11:39:02.9218077Z ##[group]Initializing the repository
native (windows-2025, windows-x86_64)	Run actions/checkout@v4	2026-10-08T11:39:02.9225685Z [command]"C:\Program Files\Git\bin\git.exe" init D:\a\printcraft-skills\printcraft-skills
native (windows-2025, windows-x86_64)	Run actions/checkout@v4	2026-10-08T11:39:03.0061454Z Initialized empty Git repository in D:/a/printcraft-skills/printcraft-skills/.git/
native (windows-2025, windows-x86_64)	Run actions/checkout@v4	2026-10-08T11:39:03.0108929Z [command]"C:\Program Files\Git\bin\git.exe" remote add origin https://github.com/full-aigc-skills/printcraft-skills
native (windows-2025, windows-x86_64)	Run actions/checkout@v4	2026-10-08T11:39:03.0722200Z ##[endgroup]
native (windows-2025, windows-x86_64)	Run actions/checkout@v4	2026-10-08T11:39:03.0724677Z ##[group]Disabling automatic garbage collection
native (windows-2025, windows-x86_64)	Run actions/checkout@v4	2026-10-08T11:39:03.0731493Z [command]"C:\Program Files\Git\bin\git.exe" config --local gc.auto 0
native (windows-2025, windows-x86_64)	Run actions/checkout@v4	2026-10-08T11:39:03.1006037Z ##[endgroup]
native (windows-2025, windows-x86_64)	Run actions/checkout@v4	2026-10-08T11:39:03.1007987Z ##[group]Setting up auth
native (windows-2025, windows-x86_64)	Run actions/checkout@v4	2026-10-08T11:39:03.1017481Z [command]"C:\Program Files\Git\bin\git.exe" config --local --name-only --get-regexp core\.sshCommand
native (windows-2025, windows-x86_64)	Run actions/checkout@v4	2026-10-08T11:39:03.1302344Z [command]"C:\Program Files\Git\bin\git.exe" submodule foreach --recursive "sh -c \"git config --local --name-only --get-regexp 'core\.sshCommand' && git config --local --unset-all 'core.sshCommand' || :\""
native (windows-2025, windows-x86_64)	Run actions/checkout@v4	2026-10-08T11:39:04.6551888Z [command]"C:\Program Files\Git\bin\git.exe" config --local --name-only --get-regexp http\.https\:\/\/github\.com\/\.extraheader
native (windows-2025, windows-x86_64)	Run actions/checkout@v4	2026-10-08T11:39:04.6834002Z [command]"C:\Program Files\Git\bin\git.exe" submodule foreach --recursive "sh -c \"git config --local --name-only --get-regexp 'http\.https\:\/\/github\.com\/\.extraheader' && git config --local --unset-all 'http.https://github.com/.extraheader' || :\""
native (windows-2025, windows-x86_64)	Run actions/checkout@v4	2026-10-08T11:39:05.2040013Z [command]"C:\Program Files\Git\bin\git.exe" config --local --name-only --get-regexp ^includeIf\.gitdir:
native (windows-2025, windows-x86_64)	Run actions/checkout@v4	2026-10-08T11:39:05.2314276Z [command]"C:\Program Files\Git\bin\git.exe" submodule foreach --recursive "git config --local --show-origin --name-only --get-regexp remote.origin.url"
native (windows-2025, windows-x86_64)	Run actions/checkout@v4	2026-10-08T11:39:05.7121903Z [command]"C:\Program Files\Git\bin\git.exe" config --local http.https://github.com/.extraheader "AUTHORIZATION: basic ***"
native (windows-2025, windows-x86_64)	Run actions/checkout@v4	2026-10-08T11:39:05.7410227Z ##[endgroup]
native (windows-2025, windows-x86_64)	Run actions/checkout@v4	2026-10-08T11:39:05.7410963Z ##[group]Fetching the repository
native (windows-2025, windows-x86_64)	Run actions/checkout@v4	2026-10-08T11:39:05.7427172Z [command]"C:\Program Files\Git\bin\git.exe" -c protocol.version=2 fetch --no-tags --prune --no-recurse-submodules --depth=1 origin +8b43297a2f91ac3d286361ed9b1d92af820815bf:refs/remotes/origin/main
native (windows-2025, windows-x86_64)	Run actions/checkout@v4	2026-10-08T11:39:06.8172537Z From https://github.com/full-aigc-skills/printcraft-skills
native (windows-2025, windows-x86_64)	Run actions/checkout@v4	2026-10-08T11:39:06.8173524Z  * [new ref]         8b43297a2f91ac3d286361ed9b1d92af820815bf -> origin/main
native (windows-2025, windows-x86_64)	Run actions/checkout@v4	2026-10-08T11:39:06.8220879Z ##[endgroup]
native (windows-2025, windows-x86_64)	Run actions/checkout@v4	2026-10-08T11:39:06.8221458Z ##[group]Determining the checkout info
native (windows-2025, windows-x86_64)	Run actions/checkout@v4	2026-10-08T11:39:06.8223504Z ##[endgroup]
native (windows-2025, windows-x86_64)	Run actions/checkout@v4	2026-10-08T11:39:06.8237193Z [command]"C:\Program Files\Git\bin\git.exe" sparse-checkout disable
native (windows-2025, windows-x86_64)	Run actions/checkout@v4	2026-10-08T11:39:06.8653821Z [command]"C:\Program Files\Git\bin\git.exe" config --local --unset-all extensions.worktreeConfig
native (windows-2025, windows-x86_64)	Run actions/checkout@v4	2026-10-08T11:39:06.8975872Z ##[group]Checking out the ref
native (windows-2025, windows-x86_64)	Run actions/checkout@v4	2026-10-08T11:39:06.8986970Z [command]"C:\Program Files\Git\bin\git.exe" checkout --progress --force -B main refs/remotes/origin/main
native (windows-2025, windows-x86_64)	Run actions/checkout@v4	2026-10-08T11:39:07.0148027Z Switched to a new branch 'main'
native (windows-2025, windows-x86_64)	Run actions/checkout@v4	2026-10-08T11:39:07.0212611Z branch 'main' set up to track 'origin/main'.
native (windows-2025, windows-x86_64)	Run actions/checkout@v4	2026-10-08T11:39:07.0268137Z ##[endgroup]
native (windows-2025, windows-x86_64)	Run actions/checkout@v4	2026-10-08T11:39:07.0670155Z [command]"C:\Program Files\Git\bin\git.exe" log -1 --format=%H
native (windows-2025, windows-x86_64)	Run actions/checkout@v4	2026-10-08T11:39:07.0922484Z 8b43297a2f91ac3d286361ed9b1d92af820815bf
native (windows-2025, windows-x86_64)	Run actions/setup-python@v5	﻿2026-10-08T11:39:07.1414708Z ##[group]Run actions/setup-python@v5
native (windows-2025, windows-x86_64)	Run actions/setup-python@v5	2026-10-08T11:39:07.1415285Z with:
native (windows-2025, windows-x86_64)	Run actions/setup-python@v5	2026-10-08T11:39:07.1415669Z   python-version: 3.13
native (windows-2025, windows-x86_64)	Run actions/setup-python@v5	2026-10-08T11:39:07.1415997Z   check-latest: false
native (windows-2025, windows-x86_64)	Run actions/setup-python@v5	2026-10-08T11:39:07.1418262Z   token: ***
native (windows-2025, windows-x86_64)	Run actions/setup-python@v5	2026-10-08T11:39:07.1418560Z   update-environment: true
native (windows-2025, windows-x86_64)	Run actions/setup-python@v5	2026-10-08T11:39:07.1418878Z   allow-prereleases: false
native (windows-2025, windows-x86_64)	Run actions/setup-python@v5	2026-10-08T11:39:07.1419214Z   freethreaded: false
native (windows-2025, windows-x86_64)	Run actions/setup-python@v5	2026-10-08T11:39:07.1419561Z ##[endgroup]
native (windows-2025, windows-x86_64)	Run actions/setup-python@v5	2026-10-08T11:39:07.2965522Z ##[group]Installed versions
native (windows-2025, windows-x86_64)	Run actions/setup-python@v5	2026-10-08T11:39:07.3164171Z (node:3596) [DEP0040] DeprecationWarning: The `punycode` module is deprecated. Please use a userland alternative instead.
native (windows-2025, windows-x86_64)	Run actions/setup-python@v5	2026-10-08T11:39:07.3166127Z (Use `node --trace-deprecation ...` to show where the warning was created)
native (windows-2025, windows-x86_64)	Run actions/setup-python@v5	2026-10-08T11:39:07.3167624Z Successfully set up CPython (3.13.15)
native (windows-2025, windows-x86_64)	Run actions/setup-python@v5	2026-10-08T11:39:07.3168745Z ##[endgroup]
native (windows-2025, windows-x86_64)	Execute official pinned binary on actual platform	﻿2026-10-08T11:39:07.3477078Z ##[group]Run python -I -B tests/platform_acceptance.py --platform windows-x86_64 --workdir native-evidence
native (windows-2025, windows-x86_64)	Execute official pinned binary on actual platform	2026-10-08T11:39:07.3478057Z ^[[36;1mpython -I -B tests/platform_acceptance.py --platform windows-x86_64 --workdir native-evidence^[[0m
native (windows-2025, windows-x86_64)	Execute official pinned binary on actual platform	2026-10-08T11:39:07.4097609Z shell: C:\Program Files\PowerShell\7\pwsh.EXE -command ". '{0}'"
native (windows-2025, windows-x86_64)	Execute official pinned binary on actual platform	2026-10-08T11:39:07.4098114Z env:
native (windows-2025, windows-x86_64)	Execute official pinned binary on actual platform	2026-10-08T11:39:07.4098489Z   pythonLocation: C:\hostedtoolcache\windows\Python\3.13.15\x64
native (windows-2025, windows-x86_64)	Execute official pinned binary on actual platform	2026-10-08T11:39:07.4099064Z   PKG_CONFIG_PATH: C:\hostedtoolcache\windows\Python\3.13.15\x64/lib/pkgconfig
native (windows-2025, windows-x86_64)	Execute official pinned binary on actual platform	2026-10-08T11:39:07.4099586Z   Python_ROOT_DIR: C:\hostedtoolcache\windows\Python\3.13.15\x64
native (windows-2025, windows-x86_64)	Execute official pinned binary on actual platform	2026-10-08T11:39:07.4100054Z   Python2_ROOT_DIR: C:\hostedtoolcache\windows\Python\3.13.15\x64
native (windows-2025, windows-x86_64)	Execute official pinned binary on actual platform	2026-10-08T11:39:07.4100575Z   Python3_ROOT_DIR: C:\hostedtoolcache\windows\Python\3.13.15\x64
native (windows-2025, windows-x86_64)	Execute official pinned binary on actual platform	2026-10-08T11:39:07.4100998Z ##[endgroup]
native (windows-2025, windows-x86_64)	Execute official pinned binary on actual platform	2026-10-08T11:39:11.2342720Z {
native (windows-2025, windows-x86_64)	Execute official pinned binary on actual platform	2026-10-08T11:39:11.2343461Z   "contract": "printcraft.native-platform-evidence/1",
native (windows-2025, windows-x86_64)	Execute official pinned binary on actual platform	2026-10-08T11:39:11.2344422Z   "platform": "windows-x86_64",
native (windows-2025, windows-x86_64)	Execute official pinned binary on actual platform	2026-10-08T11:39:11.2345061Z   "sourceCommit": "8b43297a2f91ac3d286361ed9b1d92af820815bf",
native (windows-2025, windows-x86_64)	Execute official pinned binary on actual platform	2026-10-08T11:39:11.2345698Z   "startedAt": "2026-10-08T11:39:09.356362+00:00",
native (windows-2025, windows-x86_64)	Execute official pinned binary on actual platform	2026-10-08T11:39:11.2346217Z   "sourceFiles": {
native (windows-2025, windows-x86_64)	Execute official pinned binary on actual platform	2026-10-08T11:39:11.2348274Z     "tests\\platform_acceptance.py": "7b9acd9bb9b092e9e9170dae40b679e96f0eafc7f559375d1e918455acd1da1b",
native (windows-2025, windows-x86_64)	Execute official pinned binary on actual platform	2026-10-08T11:39:11.2349492Z     "tests\\platform-artifacts.json": "324ed58065991d30be703f579bd8a8b155734e06e178c4ba7bb126e1c3caa30e",
native (windows-2025, windows-x86_64)	Execute official pinned binary on actual platform	2026-10-08T11:39:11.2350553Z     "tests\\fixtures\\make_pdf.py": "21f87d951df18ece04d12b5d1462703ff134b7ba91ef9f50085391c096fd9678"
native (windows-2025, windows-x86_64)	Execute official pinned binary on actual platform	2026-10-08T11:39:11.2351290Z   },
native (windows-2025, windows-x86_64)	Execute official pinned binary on actual platform	2026-10-08T11:39:11.2351636Z   "host": {
native (windows-2025, windows-x86_64)	Execute official pinned binary on actual platform	2026-10-08T11:39:11.2352033Z     "system": "Windows",
native (windows-2025, windows-x86_64)	Execute official pinned binary on actual platform	2026-10-08T11:39:11.2352442Z     "machine": "AMD64",
native (windows-2025, windows-x86_64)	Execute official pinned binary on actual platform	2026-10-08T11:39:11.2353283Z     "release": "2025Server",
native (windows-2025, windows-x86_64)	Execute official pinned binary on actual platform	2026-10-08T11:39:11.2353799Z     "python": "3.13.15"
native (windows-2025, windows-x86_64)	Execute official pinned binary on actual platform	2026-10-08T11:39:11.2354157Z   },
native (windows-2025, windows-x86_64)	Execute official pinned binary on actual platform	2026-10-08T11:39:11.2354514Z   "workflow": {
native (windows-2025, windows-x86_64)	Execute official pinned binary on actual platform	2026-10-08T11:39:11.2354862Z     "runId": "37771440411",
native (windows-2025, windows-x86_64)	Execute official pinned binary on actual platform	2026-10-08T11:39:11.2355219Z     "runAttempt": "1"
native (windows-2025, windows-x86_64)	Execute official pinned binary on actual platform	2026-10-08T11:39:11.2355510Z   },
native (windows-2025, windows-x86_64)	Execute official pinned binary on actual platform	2026-10-08T11:39:11.2355749Z   "runtime": {
native (windows-2025, windows-x86_64)	Execute official pinned binary on actual platform	2026-10-08T11:39:11.2356003Z     "system": "windows",
native (windows-2025, windows-x86_64)	Execute official pinned binary on actual platform	2026-10-08T11:39:11.2356306Z     "machine": "x86_64",
native (windows-2025, windows-x86_64)	Execute official pinned binary on actual platform	2026-10-08T11:39:11.2357092Z     "asset": "printcraft-0.2.1-windows-x64-portable.zip",
native (windows-2025, windows-x86_64)	Execute official pinned binary on actual platform	2026-10-08T11:39:11.2357805Z     "url": "https://github.com/storytold/pdfcraft/releases/download/v0.2.1/printcraft-0.2.1-windows-x64-portable.zip",
native (windows-2025, windows-x86_64)	Execute official pinned binary on actual platform	2026-10-08T11:39:11.2358504Z     "archiveSha256": "7ed1aa951eb336637763e3bd1f15b8fba483a9ca58d7b2b2d2ee2ab69be52872",
native (windows-2025, windows-x86_64)	Execute official pinned binary on actual platform	2026-10-08T11:39:11.2359067Z     "member": "printcraft-0.2.1-windows-x64-portable/printcraft-cli.exe",
native (windows-2025, windows-x86_64)	Execute official pinned binary on actual platform	2026-10-08T11:39:11.2359651Z     "binarySha256": "ddd8c330c4c9cb5c57f7671ffbd44beeb5d992122177d9f15542a775e02a519e"
native (windows-2025, windows-x86_64)	Execute official pinned binary on actual platform	2026-10-08T11:39:11.2360092Z   },
native (windows-2025, windows-x86_64)	Execute official pinned binary on actual platform	2026-10-08T11:39:11.2360377Z   "results": {
native (windows-2025, windows-x86_64)	Execute official pinned binary on actual platform	2026-10-08T11:39:11.2360665Z     "reorder_save_reopen_render": {
native (windows-2025, windows-x86_64)	Execute official pinned binary on actual platform	2026-10-08T11:39:11.2360977Z       "status": "PASS",
native (windows-2025, windows-x86_64)	Execute official pinned binary on actual platform	2026-10-08T11:39:11.2361319Z       "details": {
native (windows-2025, windows-x86_64)	Execute official pinned binary on actual platform	2026-10-08T11:39:11.2361753Z         "outputSha256": "0f980b7fe761253ef3bddd902cfa2c6f402ebc703995e1e48dc9ea4105a80045",
native (windows-2025, windows-x86_64)	Execute official pinned binary on actual platform	2026-10-08T11:39:11.2362256Z         "info": {
native (windows-2025, windows-x86_64)	Execute official pinned binary on actual platform	2026-10-08T11:39:11.2362530Z           "annotations": 0,
native (windows-2025, windows-x86_64)	Execute official pinned binary on actual platform	2026-10-08T11:39:11.2362802Z           "attachments": 0,
native (windows-2025, windows-x86_64)	Execute official pinned binary on actual platform	2026-10-08T11:39:11.2363110Z           "author": null,
native (windows-2025, windows-x86_64)	Execute official pinned binary on actual platform	2026-10-08T11:39:11.2363398Z           "bookmarks": 0,
native (windows-2025, windows-x86_64)	Execute official pinned binary on actual platform	2026-10-08T11:39:11.2363677Z           "creator": null,
native (windows-2025, windows-x86_64)	Execute official pinned binary on actual platform	2026-10-08T11:39:11.2364018Z           "encrypted": false,
native (windows-2025, windows-x86_64)	Execute official pinned binary on actual platform	2026-10-08T11:39:11.2364287Z           "fields": 0,
native (windows-2025, windows-x86_64)	Execute official pinned binary on actual platform	2026-10-08T11:39:11.2364726Z           "file": "D:\\a\\printcraft-skills\\printcraft-skills\\native-evidence\\reorder.pdf",
native (windows-2025, windows-x86_64)	Execute official pinned binary on actual platform	2026-10-08T11:39:11.2365458Z           "file_size": 918,
native (windows-2025, windows-x86_64)	Execute official pinned binary on actual platform	2026-10-08T11:39:11.2365746Z           "first_page_pt": [
native (windows-2025, windows-x86_64)	Execute official pinned binary on actual platform	2026-10-08T11:39:11.2366052Z             612.0,
native (windows-2025, windows-x86_64)	Execute official pinned binary on actual platform	2026-10-08T11:39:11.2368459Z             792.0
native (windows-2025, windows-x86_64)	Execute official pinned binary on actual platform	2026-10-08T11:39:11.2368742Z           ],
native (windows-2025, windows-x86_64)	Execute official pinned binary on actual platform	2026-10-08T11:39:11.2369029Z           "javascript": false,
native (windows-2025, windows-x86_64)	Execute official pinned binary on actual platform	2026-10-08T11:39:11.2369363Z           "layers": 0,
native (windows-2025, windows-x86_64)	Execute official pinned binary on actual platform	2026-10-08T11:39:11.2369720Z           "links": 0,
native (windows-2025, windows-x86_64)	Execute official pinned binary on actual platform	2026-10-08T11:39:11.2370004Z           "page_labels": [
native (windows-2025, windows-x86_64)	Execute official pinned binary on actual platform	2026-10-08T11:39:11.2370295Z             "1",
native (windows-2025, windows-x86_64)	Execute official pinned binary on actual platform	2026-10-08T11:39:11.2370562Z             "2",
native (windows-2025, windows-x86_64)	Execute official pinned binary on actual platform	2026-10-08T11:39:11.2370813Z             "3"
native (windows-2025, windows-x86_64)	Execute official pinned binary on actual platform	2026-10-08T11:39:11.2371101Z           ],
native (windows-2025, windows-x86_64)	Execute official pinned binary on actual platform	2026-10-08T11:39:11.2371358Z           "pages": 3,
native (windows-2025, windows-x86_64)	Execute official pinned binary on actual platform	2026-10-08T11:39:11.2371637Z           "pdf_version": "1.5",
native (windows-2025, windows-x86_64)	Execute official pinned binary on actual platform	2026-10-08T11:39:11.2371961Z           "producer": null,
native (windows-2025, windows-x86_64)	Execute official pinned binary on actual platform	2026-10-08T11:39:11.2372259Z           "tagged": false,
native (windows-2025, windows-x86_64)	Execute official pinned binary on actual platform	2026-10-08T11:39:11.2372588Z           "title": null,
native (windows-2025, windows-x86_64)	Execute official pinned binary on actual platform	2026-10-08T11:39:11.2372886Z           "warnings": [],
native (windows-2025, windows-x86_64)	Execute official pinned binary on actual platform	2026-10-08T11:39:11.2373164Z           "xfa": null
native (windows-2025, windows-x86_64)	Execute official pinned binary on actual platform	2026-10-08T11:39:11.2373453Z         },
native (windows-2025, windows-x86_64)	Execute official pinned binary on actual platform	2026-10-08T11:39:11.2373710Z         "texts": [
native (windows-2025, windows-x86_64)	Execute official pinned binary on actual platform	2026-10-08T11:39:11.2374000Z           "PAGE-GAMMA",
native (windows-2025, windows-x86_64)	Execute official pinned binary on actual platform	2026-10-08T11:39:11.2374291Z           "PAGE-ALPHA",
native (windows-2025, windows-x86_64)	Execute official pinned binary on actual platform	2026-10-08T11:39:11.2374555Z           "PAGE-BETA"
native (windows-2025, windows-x86_64)	Execute official pinned binary on actual platform	2026-10-08T11:39:11.2374847Z         ]
native (windows-2025, windows-x86_64)	Execute official pinned binary on actual platform	2026-10-08T11:39:11.2375092Z       }
native (windows-2025, windows-x86_64)	Execute official pinned binary on actual platform	2026-10-08T11:39:11.2375376Z     },
native (windows-2025, windows-x86_64)	Execute official pinned binary on actual platform	2026-10-08T11:39:11.2375644Z     "rotate_save_reopen_render": {
native (windows-2025, windows-x86_64)	Execute official pinned binary on actual platform	2026-10-08T11:39:11.2375937Z       "status": "PASS",
native (windows-2025, windows-x86_64)	Execute official pinned binary on actual platform	2026-10-08T11:39:11.2376237Z       "details": {
native (windows-2025, windows-x86_64)	Execute official pinned binary on actual platform	2026-10-08T11:39:11.2376656Z         "outputSha256": "d728f57b167848a9e9c466ba6dfcc7c98ac599ecd0329fb8b84c42b7e167ea25",
native (windows-2025, windows-x86_64)	Execute official pinned binary on actual platform	2026-10-08T11:39:11.2377446Z         "info": {
native (windows-2025, windows-x86_64)	Execute official pinned binary on actual platform	2026-10-08T11:39:11.2377743Z           "annotations": 0,
native (windows-2025, windows-x86_64)	Execute official pinned binary on actual platform	2026-10-08T11:39:11.2378037Z           "attachments": 0,
native (windows-2025, windows-x86_64)	Execute official pinned binary on actual platform	2026-10-08T11:39:11.2378337Z           "author": null,
native (windows-2025, windows-x86_64)	Execute official pinned binary on actual platform	2026-10-08T11:39:11.2378666Z           "bookmarks": 0,
native (windows-2025, windows-x86_64)	Execute official pinned binary on actual platform	2026-10-08T11:39:11.2378951Z           "creator": null,
native (windows-2025, windows-x86_64)	Execute official pinned binary on actual platform	2026-10-08T11:39:11.2379264Z           "encrypted": false,
native (windows-2025, windows-x86_64)	Execute official pinned binary on actual platform	2026-10-08T11:39:11.2379572Z           "fields": 0,
native (windows-2025, windows-x86_64)	Execute official pinned binary on actual platform	2026-10-08T11:39:11.2380002Z           "file": "D:\\a\\printcraft-skills\\printcraft-skills\\native-evidence\\rotate.pdf",
native (windows-2025, windows-x86_64)	Execute official pinned binary on actual platform	2026-10-08T11:39:11.2380458Z           "file_size": 928,
native (windows-2025, windows-x86_64)	Execute official pinned binary on actual platform	2026-10-08T11:39:11.2380732Z           "first_page_pt": [
native (windows-2025, windows-x86_64)	Execute official pinned binary on actual platform	2026-10-08T11:39:11.2381044Z             792.0,
native (windows-2025, windows-x86_64)	Execute official pinned binary on actual platform	2026-10-08T11:39:11.2381303Z             612.0
native (windows-2025, windows-x86_64)	Execute official pinned binary on actual platform	2026-10-08T11:39:11.2381659Z           ],
native (windows-2025, windows-x86_64)	Execute official pinned binary on actual platform	2026-10-08T11:39:11.2381961Z           "javascript": false,
native (windows-2025, windows-x86_64)	Execute official pinned binary on actual platform	2026-10-08T11:39:11.2382266Z           "layers": 0,
native (windows-2025, windows-x86_64)	Execute official pinned binary on actual platform	2026-10-08T11:39:11.2382615Z           "links": 0,
native (windows-2025, windows-x86_64)	Execute official pinned binary on actual platform	2026-10-08T11:39:11.2382946Z           "page_labels": [
native (windows-2025, windows-x86_64)	Execute official pinned binary on actual platform	2026-10-08T11:39:11.2383284Z             "1",
native (windows-2025, windows-x86_64)	Execute official pinned binary on actual platform	2026-10-08T11:39:11.2383602Z             "2",
native (windows-2025, windows-x86_64)	Execute official pinned binary on actual platform	2026-10-08T11:39:11.2383882Z             "3"
native (windows-2025, windows-x86_64)	Execute official pinned binary on actual platform	2026-10-08T11:39:11.2384141Z           ],
native (windows-2025, windows-x86_64)	Execute official pinned binary on actual platform	2026-10-08T11:39:11.2384460Z           "pages": 3,
native (windows-2025, windows-x86_64)	Execute official pinned binary on actual platform	2026-10-08T11:39:11.2384732Z           "pdf_version": "1.5",
native (windows-2025, windows-x86_64)	Execute official pinned binary on actual platform	2026-10-08T11:39:11.2385053Z           "producer": null,
native (windows-2025, windows-x86_64)	Execute official pinned binary on actual platform	2026-10-08T11:39:11.2385345Z           "tagged": false,
native (windows-2025, windows-x86_64)	Execute official pinned binary on actual platform	2026-10-08T11:39:11.2385639Z           "title": null,
native (windows-2025, windows-x86_64)	Execute official pinned binary on actual platform	2026-10-08T11:39:11.2385920Z           "warnings": [],
native (windows-2025, windows-x86_64)	Execute official pinned binary on actual platform	2026-10-08T11:39:11.2386198Z           "xfa": null
native (windows-2025, windows-x86_64)	Execute official pinned binary on actual platform	2026-10-08T11:39:11.2386632Z         },
native (windows-2025, windows-x86_64)	Execute official pinned binary on actual platform	2026-10-08T11:39:11.2387196Z         "texts": [
native (windows-2025, windows-x86_64)	Execute official pinned binary on actual platform	2026-10-08T11:39:11.2387601Z           "PAGE-ALPHA",
native (windows-2025, windows-x86_64)	Execute official pinned binary on actual platform	2026-10-08T11:39:11.2387884Z           "PAGE-BETA",
native (windows-2025, windows-x86_64)	Execute official pinned binary on actual platform	2026-10-08T11:39:11.2388137Z           "PAGE-GAMMA"
native (windows-2025, windows-x86_64)	Execute official pinned binary on actual platform	2026-10-08T11:39:11.2388420Z         ]
native (windows-2025, windows-x86_64)	Execute official pinned binary on actual platform	2026-10-08T11:39:11.2388667Z       }
native (windows-2025, windows-x86_64)	Execute official pinned binary on actual platform	2026-10-08T11:39:11.2388895Z     },
native (windows-2025, windows-x86_64)	Execute official pinned binary on actual platform	2026-10-08T11:39:11.2389182Z     "crop_save_reopen_render": {
native (windows-2025, windows-x86_64)	Execute official pinned binary on actual platform	2026-10-08T11:39:11.2389493Z       "status": "PASS",
native (windows-2025, windows-x86_64)	Execute official pinned binary on actual platform	2026-10-08T11:39:11.2389776Z       "details": {
native (windows-2025, windows-x86_64)	Execute official pinned binary on actual platform	2026-10-08T11:39:11.2390227Z         "outputSha256": "35b319b04ef9d00dab8cd8055b6707f7e5459fc89bbbce86a60585a826d76452",
native (windows-2025, windows-x86_64)	Execute official pinned binary on actual platform	2026-10-08T11:39:11.2390666Z         "info": {
native (windows-2025, windows-x86_64)	Execute official pinned binary on actual platform	2026-10-08T11:39:11.2391210Z           "annotations": 0,
native (windows-2025, windows-x86_64)	Execute official pinned binary on actual platform	2026-10-08T11:39:11.2391510Z           "attachments": 0,
native (windows-2025, windows-x86_64)	Execute official pinned binary on actual platform	2026-10-08T11:39:11.2391804Z           "author": null,
native (windows-2025, windows-x86_64)	Execute official pinned binary on actual platform	2026-10-08T11:39:11.2392083Z           "bookmarks": 0,
native (windows-2025, windows-x86_64)	Execute official pinned binary on actual platform	2026-10-08T11:39:11.2392970Z           "creator": null,
native (windows-2025, windows-x86_64)	Execute official pinned binary on actual platform	2026-10-08T11:39:11.2393292Z           "encrypted": false,
native (windows-2025, windows-x86_64)	Execute official pinned binary on actual platform	2026-10-08T11:39:11.2393598Z           "fields": 0,
native (windows-2025, windows-x86_64)	Execute official pinned binary on actual platform	2026-10-08T11:39:11.2394058Z           "file": "D:\\a\\printcraft-skills\\printcraft-skills\\native-evidence\\crop.pdf",
native (windows-2025, windows-x86_64)	Execute official pinned binary on actual platform	2026-10-08T11:39:11.2394514Z           "file_size": 935,
native (windows-2025, windows-x86_64)	Execute official pinned binary on actual platform	2026-10-08T11:39:11.2394792Z           "first_page_pt": [
native (windows-2025, windows-x86_64)	Execute official pinned binary on actual platform	2026-10-08T11:39:11.2395102Z             592.0,
native (windows-2025, windows-x86_64)	Execute official pinned binary on actual platform	2026-10-08T11:39:11.2395368Z             772.0
native (windows-2025, windows-x86_64)	Execute official pinned binary on actual platform	2026-10-08T11:39:11.2395616Z           ],
native (windows-2025, windows-x86_64)	Execute official pinned binary on actual platform	2026-10-08T11:39:11.2395893Z           "javascript": false,
native (windows-2025, windows-x86_64)	Execute official pinned binary on actual platform	2026-10-08T11:39:11.2396186Z           "layers": 0,
native (windows-2025, windows-x86_64)	Execute official pinned binary on actual platform	2026-10-08T11:39:11.2396465Z           "links": 0,
native (windows-2025, windows-x86_64)	Execute official pinned binary on actual platform	2026-10-08T11:39:11.2396777Z           "page_labels": [
native (windows-2025, windows-x86_64)	Execute official pinned binary on actual platform	2026-10-08T11:39:11.2397125Z             "1",
native (windows-2025, windows-x86_64)	Execute official pinned binary on actual platform	2026-10-08T11:39:11.2397439Z             "2",
native (windows-2025, windows-x86_64)	Execute official pinned binary on actual platform	2026-10-08T11:39:11.2397728Z             "3"
native (windows-2025, windows-x86_64)	Execute official pinned binary on actual platform	2026-10-08T11:39:11.2397995Z           ],
native (windows-2025, windows-x86_64)	Execute official pinned binary on actual platform	2026-10-08T11:39:11.2398252Z           "pages": 3,
native (windows-2025, windows-x86_64)	Execute official pinned binary on actual platform	2026-10-08T11:39:11.2398514Z           "pdf_version": "1.5",
native (windows-2025, windows-x86_64)	Execute official pinned binary on actual platform	2026-10-08T11:39:11.2398842Z           "producer": null,
native (windows-2025, windows-x86_64)	Execute official pinned binary on actual platform	2026-10-08T11:39:11.2399133Z           "tagged": false,
native (windows-2025, windows-x86_64)	Execute official pinned binary on actual platform	2026-10-08T11:39:11.2399413Z           "title": null,
native (windows-2025, windows-x86_64)	Execute official pinned binary on actual platform	2026-10-08T11:39:11.2399713Z           "warnings": [],
native (windows-2025, windows-x86_64)	Execute official pinned binary on actual platform	2026-10-08T11:39:11.2400020Z           "xfa": null
native (windows-2025, windows-x86_64)	Execute official pinned binary on actual platform	2026-10-08T11:39:11.2400303Z         },
native (windows-2025, windows-x86_64)	Execute official pinned binary on actual platform	2026-10-08T11:39:11.2400556Z         "texts": [
native (windows-2025, windows-x86_64)	Execute official pinned binary on actual platform	2026-10-08T11:39:11.2400826Z           "PAGE-ALPHA",
native (windows-2025, windows-x86_64)	Execute official pinned binary on actual platform	2026-10-08T11:39:11.2401122Z           "PAGE-BETA",
native (windows-2025, windows-x86_64)	Execute official pinned binary on actual platform	2026-10-08T11:39:11.2401401Z           "PAGE-GAMMA"
native (windows-2025, windows-x86_64)	Execute official pinned binary on actual platform	2026-10-08T11:39:11.2401708Z         ]
native (windows-2025, windows-x86_64)	Execute official pinned binary on actual platform	2026-10-08T11:39:11.2401952Z       }
native (windows-2025, windows-x86_64)	Execute official pinned binary on actual platform	2026-10-08T11:39:11.2402186Z     },
native (windows-2025, windows-x86_64)	Execute official pinned binary on actual platform	2026-10-08T11:39:11.2402476Z     "form_save_reopen": {
native (windows-2025, windows-x86_64)	Execute official pinned binary on actual platform	2026-10-08T11:39:11.2402809Z       "status": "PASS",
native (windows-2025, windows-x86_64)	Execute official pinned binary on actual platform	2026-10-08T11:39:11.2403097Z       "details": {
native (windows-2025, windows-x86_64)	Execute official pinned binary on actual platform	2026-10-08T11:39:11.2403357Z         "fields": {
native (windows-2025, windows-x86_64)	Execute official pinned binary on actual platform	2026-10-08T11:39:11.2403613Z           "count": 1,
native (windows-2025, windows-x86_64)	Execute official pinned binary on actual platform	2026-10-08T11:39:11.2403912Z           "fields": [
native (windows-2025, windows-x86_64)	Execute official pinned binary on actual platform	2026-10-08T11:39:11.2404179Z             {
native (windows-2025, windows-x86_64)	Execute official pinned binary on actual platform	2026-10-08T11:39:11.2404446Z               "multiline": false,
native (windows-2025, windows-x86_64)	Execute official pinned binary on actual platform	2026-10-08T11:39:11.2404785Z               "name": "sample",
native (windows-2025, windows-x86_64)	Execute official pinned binary on actual platform	2026-10-08T11:39:11.2405155Z               "page": 1,
native (windows-2025, windows-x86_64)	Execute official pinned binary on actual platform	2026-10-08T11:39:11.2405465Z               "read_only": false,
native (windows-2025, windows-x86_64)	Execute official pinned binary on actual platform	2026-10-08T11:39:11.2405809Z               "rect": [
native (windows-2025, windows-x86_64)	Execute official pinned binary on actual platform	2026-10-08T11:39:11.2406083Z                 72.0,
native (windows-2025, windows-x86_64)	Execute official pinned binary on actual platform	2026-10-08T11:39:11.2406441Z                 120.0,
native (windows-2025, windows-x86_64)	Execute official pinned binary on actual platform	2026-10-08T11:39:11.2406719Z                 200.0,
native (windows-2025, windows-x86_64)	Execute official pinned binary on actual platform	2026-10-08T11:39:11.2406996Z                 150.0
native (windows-2025, windows-x86_64)	Execute official pinned binary on actual platform	2026-10-08T11:39:11.2407746Z               ],
native (windows-2025, windows-x86_64)	Execute official pinned binary on actual platform	2026-10-08T11:39:11.2408067Z               "required": false,
native (windows-2025, windows-x86_64)	Execute official pinned binary on actual platform	2026-10-08T11:39:11.2408437Z               "type": "text",
native (windows-2025, windows-x86_64)	Execute official pinned binary on actual platform	2026-10-08T11:39:11.2408792Z               "value": "verified form"
native (windows-2025, windows-x86_64)	Execute official pinned binary on actual platform	2026-10-08T11:39:11.2409190Z             }
native (windows-2025, windows-x86_64)	Execute official pinned binary on actual platform	2026-10-08T11:39:11.2409576Z           ]
native (windows-2025, windows-x86_64)	Execute official pinned binary on actual platform	2026-10-08T11:39:11.2409809Z         },
native (windows-2025, windows-x86_64)	Execute official pinned binary on actual platform	2026-10-08T11:39:11.2410246Z         "outputSha256": "0c97a5ad0a5e67044af11a0a2015a982f0e9aea1712853be610073ac9dcfb86f"
native (windows-2025, windows-x86_64)	Execute official pinned binary on actual platform	2026-10-08T11:39:11.2410742Z       }
native (windows-2025, windows-x86_64)	Execute official pinned binary on actual platform	2026-10-08T11:39:11.2411073Z     },
native (windows-2025, windows-x86_64)	Execute official pinned binary on actual platform	2026-10-08T11:39:11.2411361Z     "redact_text_objects_render": {
native (windows-2025, windows-x86_64)	Execute official pinned binary on actual platform	2026-10-08T11:39:11.2411687Z       "status": "PASS",
native (windows-2025, windows-x86_64)	Execute official pinned binary on actual platform	2026-10-08T11:39:11.2411979Z       "details": {
native (windows-2025, windows-x86_64)	Execute official pinned binary on actual platform	2026-10-08T11:39:11.2412414Z         "outputSha256": "7c4a883246b53993b9e1d771cf38bc2a9f3e3f80e39e41067b23b46727427266",
native (windows-2025, windows-x86_64)	Execute official pinned binary on actual platform	2026-10-08T11:39:11.2412973Z         "textAndObjectBytesAbsent": true,
native (windows-2025, windows-x86_64)	Execute official pinned binary on actual platform	2026-10-08T11:39:11.2413337Z         "visualReview": "NOT_RUN"
native (windows-2025, windows-x86_64)	Execute official pinned binary on actual platform	2026-10-08T11:39:11.2413643Z       }
native (windows-2025, windows-x86_64)	Execute official pinned binary on actual platform	2026-10-08T11:39:11.2413905Z     }
native (windows-2025, windows-x86_64)	Execute official pinned binary on actual platform	2026-10-08T11:39:11.2414155Z   },
native (windows-2025, windows-x86_64)	Execute official pinned binary on actual platform	2026-10-08T11:39:11.2414455Z   "scope": "DIRECT_NATIVE_ONLY_SKILL_INSTALLER_NOT_TESTED",
native (windows-2025, windows-x86_64)	Execute official pinned binary on actual platform	2026-10-08T11:39:11.2414912Z   "chineseRecognition": "NOT_SUPPORTED_BY_PINNED_NATIVE",
native (windows-2025, windows-x86_64)	Execute official pinned binary on actual platform	2026-10-08T11:39:11.2415843Z   "visualReview": "NOT_RUN",
native (windows-2025, windows-x86_64)	Execute official pinned binary on actual platform	2026-10-08T11:39:11.2416215Z   "status": "PASS_SCOPED_NATIVE",
native (windows-2025, windows-x86_64)	Execute official pinned binary on actual platform	2026-10-08T11:39:11.2416802Z   "runtimeArchiveSha256": "7ed1aa951eb336637763e3bd1f15b8fba483a9ca58d7b2b2d2ee2ab69be52872",
native (windows-2025, windows-x86_64)	Execute official pinned binary on actual platform	2026-10-08T11:39:11.2417553Z   "runtimeBinarySha256": "ddd8c330c4c9cb5c57f7671ffbd44beeb5d992122177d9f15542a775e02a519e",
native (windows-2025, windows-x86_64)	Execute official pinned binary on actual platform	2026-10-08T11:39:11.2418625Z   "versionOutput": "printcraft-cli 0.2.1\nDiscord: https://discord.gg/artcraft  (help and feedback)\nWeb:     https://getartcraft.com/apps/printcraft\nSource:  https://github.com/storytold/printcraft\n",
native (windows-2025, windows-x86_64)	Execute official pinned binary on actual platform	2026-10-08T11:39:11.2419582Z   "catalogSha256": "e04b35a28c0050dd4f88f8d9d8e21b722f09a0bd1a452bebe6b168fb06f519ae",
native (windows-2025, windows-x86_64)	Execute official pinned binary on actual platform	2026-10-08T11:39:11.2420045Z   "catalogToolCount": 123,
native (windows-2025, windows-x86_64)	Execute official pinned binary on actual platform	2026-10-08T11:39:11.2420492Z   "inputSha256": "9d035b63e05cfeb06b0985db1582f14185f99931a51eda69718764e91fdc0a0a",
native (windows-2025, windows-x86_64)	Execute official pinned binary on actual platform	2026-10-08T11:39:11.2420958Z   "ocrStatus": {
native (windows-2025, windows-x86_64)	Execute official pinned binary on actual platform	2026-10-08T11:39:11.2421288Z     "available": false,
native (windows-2025, windows-x86_64)	Execute official pinned binary on actual platform	2026-10-08T11:39:11.2421579Z     "languages": [
native (windows-2025, windows-x86_64)	Execute official pinned binary on actual platform	2026-10-08T11:39:11.2421841Z       {
native (windows-2025, windows-x86_64)	Execute official pinned binary on actual platform	2026-10-08T11:39:11.2422118Z         "code": "en",
native (windows-2025, windows-x86_64)	Execute official pinned binary on actual platform	2026-10-08T11:39:11.2422410Z         "name": "English"
native (windows-2025, windows-x86_64)	Execute official pinned binary on actual platform	2026-10-08T11:39:11.2422701Z       }
native (windows-2025, windows-x86_64)	Execute official pinned binary on actual platform	2026-10-08T11:39:11.2422943Z     ],
native (windows-2025, windows-x86_64)	Execute official pinned binary on actual platform	2026-10-08T11:39:11.2423187Z     "search_dirs": [
native (windows-2025, windows-x86_64)	Execute official pinned binary on actual platform	2026-10-08T11:39:11.2423634Z       "D:\\a\\printcraft-skills\\printcraft-skills\\native-evidence\\models",
native (windows-2025, windows-x86_64)	Execute official pinned binary on actual platform	2026-10-08T11:39:11.2424209Z       "D:\\a\\printcraft-skills\\printcraft-skills\\native-evidence\\../Resources/models",
native (windows-2025, windows-x86_64)	Execute official pinned binary on actual platform	2026-10-08T11:39:11.2424785Z       "D:\\a\\printcraft\\printcraft\\crates\\ocr\\../../assets/models"
native (windows-2025, windows-x86_64)	Execute official pinned binary on actual platform	2026-10-08T11:39:11.2425181Z     ]
native (windows-2025, windows-x86_64)	Execute official pinned binary on actual platform	2026-10-08T11:39:11.2425417Z   },
native (windows-2025, windows-x86_64)	Execute official pinned binary on actual platform	2026-10-08T11:39:11.2425733Z   "sourceUnchanged": true,
native (windows-2025, windows-x86_64)	Execute official pinned binary on actual platform	2026-10-08T11:39:11.2426036Z   "artifacts": {
native (windows-2025, windows-x86_64)	Execute official pinned binary on actual platform	2026-10-08T11:39:11.2426459Z     "001-call.json": "5bea3fedd7eeae64a3b72ad99bdfe8f8e3175bf270715ef247a4f00265debfc3",
native (windows-2025, windows-x86_64)	Execute official pinned binary on actual platform	2026-10-08T11:39:11.2427097Z     "001-stderr.log": "e3b0c44298fc1c149afbf4c8996fb92427ae41e4649b934ca495991b7852b855",
native (windows-2025, windows-x86_64)	Execute official pinned binary on actual platform	2026-10-08T11:39:11.2428247Z     "001-stdout.log": "260187c52b001191acc62e300b68203b492022e0c2b78b74db7f63ed6cf0eb9b",
native (windows-2025, windows-x86_64)	Execute official pinned binary on actual platform	2026-10-08T11:39:11.2429010Z     "002-call.json": "e44a6d5b24dfbbf9a357a5722714b0608e6d0902ed29e7080757cd1e45e8cc3b",
native (windows-2025, windows-x86_64)	Execute official pinned binary on actual platform	2026-10-08T11:39:11.2429659Z     "002-stderr.log": "e3b0c44298fc1c149afbf4c8996fb92427ae41e4649b934ca495991b7852b855",
native (windows-2025, windows-x86_64)	Execute official pinned binary on actual platform	2026-10-08T11:39:11.2430311Z     "002-stdout.log": "8ddb81c0382bacbdebf8ffdf242ec795135abc0a7723eebbe3b14123de64bea1",
native (windows-2025, windows-x86_64)	Execute official pinned binary on actual platform	2026-10-08T11:39:11.2430921Z     "003-call.json": "6ca7ab32a9b5299ca720902869930cf927ab761777f79a48021da8c4c129ca29",
native (windows-2025, windows-x86_64)	Execute official pinned binary on actual platform	2026-10-08T11:39:11.2431503Z     "003-stderr.log": "e3b0c44298fc1c149afbf4c8996fb92427ae41e4649b934ca495991b7852b855",
native (windows-2025, windows-x86_64)	Execute official pinned binary on actual platform	2026-10-08T11:39:11.2432093Z     "003-stdout.log": "3356c4c5187ef65095b7ad23911c2a3208b513bb1ac39dc4a852b9917f508428",
native (windows-2025, windows-x86_64)	Execute official pinned binary on actual platform	2026-10-08T11:39:11.2432730Z     "004-call.json": "ee0d27492f81dc1f9b924958965f63bbb45d71c58ceaffdadc59d1fdb2c21276",
native (windows-2025, windows-x86_64)	Execute official pinned binary on actual platform	2026-10-08T11:39:11.2433340Z     "004-stderr.log": "e3b0c44298fc1c149afbf4c8996fb92427ae41e4649b934ca495991b7852b855",
native (windows-2025, windows-x86_64)	Execute official pinned binary on actual platform	2026-10-08T11:39:11.2434009Z     "004-stdout.log": "2a3fd500c05dd55ca2acee65819ff48b3c7112e26a4d1dec1ac38ec2456075d0",
native (windows-2025, windows-x86_64)	Execute official pinned binary on actual platform	2026-10-08T11:39:11.2434610Z     "005-call.json": "d8918759fece4e608c886b4eaa3c00d88bb363a4e33b725c1d932efeeca060ff",
native (windows-2025, windows-x86_64)	Execute official pinned binary on actual platform	2026-10-08T11:39:11.2435254Z     "005-stderr.log": "e3b0c44298fc1c149afbf4c8996fb92427ae41e4649b934ca495991b7852b855",
native (windows-2025, windows-x86_64)	Execute official pinned binary on actual platform	2026-10-08T11:39:11.2435855Z     "005-stdout.log": "05a0254bf621f2c5607ace0e81c83d283b2c27685a1169e3ee97d808b0b72886",
native (windows-2025, windows-x86_64)	Execute official pinned binary on actual platform	2026-10-08T11:39:11.2436433Z     "006-call.json": "d74a481080c9b6c205f01c52f5aa56728dae35d1970aaec6fe93433452e71d32",
native (windows-2025, windows-x86_64)	Execute official pinned binary on actual platform	2026-10-08T11:39:11.2437037Z     "006-stderr.log": "e3b0c44298fc1c149afbf4c8996fb92427ae41e4649b934ca495991b7852b855",
native (windows-2025, windows-x86_64)	Execute official pinned binary on actual platform	2026-10-08T11:39:11.2437629Z     "006-stdout.log": "1a04a191ace245e98cc7421a421c6dc44d0237a6d3e2d591272e8eb36e84dd0b",
native (windows-2025, windows-x86_64)	Execute official pinned binary on actual platform	2026-10-08T11:39:11.2438227Z     "007-call.json": "182f6c20a67e1e57efc21bf6cd83ce7669e13a37c8724b7aee2825c052dc80c8",
native (windows-2025, windows-x86_64)	Execute official pinned binary on actual platform	2026-10-08T11:39:11.2438991Z     "007-stderr.log": "e3b0c44298fc1c149afbf4c8996fb92427ae41e4649b934ca495991b7852b855",
native (windows-2025, windows-x86_64)	Execute official pinned binary on actual platform	2026-10-08T11:39:11.2439571Z     "007-stdout.log": "86696a16aacf0f57f3bb129451d6fc4beeb518901609ed93dab29339eec83057",
native (windows-2025, windows-x86_64)	Execute official pinned binary on actual platform	2026-10-08T11:39:11.2440275Z     "008-call.json": "5371006ddb58105f29bccbdf4d72dba1ea7390c3f3ea0621713641301eae7784",
native (windows-2025, windows-x86_64)	Execute official pinned binary on actual platform	2026-10-08T11:39:11.2440866Z     "008-stderr.log": "6b6fcb92cfb88a0919180d0776f5c465571a3377e6cba7771d1f79b67d73144c",
native (windows-2025, windows-x86_64)	Execute official pinned binary on actual platform	2026-10-08T11:39:11.2441462Z     "008-stdout.log": "e3b0c44298fc1c149afbf4c8996fb92427ae41e4649b934ca495991b7852b855",
native (windows-2025, windows-x86_64)	Execute official pinned binary on actual platform	2026-10-08T11:39:11.2442046Z     "009-call.json": "c76b2e9fcba4fee5295b34ffd49368ce0e2b68322e9c72b26c79afe73d321351",
native (windows-2025, windows-x86_64)	Execute official pinned binary on actual platform	2026-10-08T11:39:11.2442632Z     "009-stderr.log": "e3b0c44298fc1c149afbf4c8996fb92427ae41e4649b934ca495991b7852b855",
native (windows-2025, windows-x86_64)	Execute official pinned binary on actual platform	2026-10-08T11:39:11.2443296Z     "009-stdout.log": "a8461da97f8f01f3ee305eb0eb5fd3124ac9d025e98092442afeb0ce63b13cb9",
native (windows-2025, windows-x86_64)	Execute official pinned binary on actual platform	2026-10-08T11:39:11.2443884Z     "010-call.json": "506309eda4c573bf4ab85cfeee672503b8ccdd82b20232e8b02c05ea39cd59c7",
native (windows-2025, windows-x86_64)	Execute official pinned binary on actual platform	2026-10-08T11:39:11.2444485Z     "010-stderr.log": "e3b0c44298fc1c149afbf4c8996fb92427ae41e4649b934ca495991b7852b855",
native (windows-2025, windows-x86_64)	Execute official pinned binary on actual platform	2026-10-08T11:39:11.2445078Z     "010-stdout.log": "ddce76aafea5c23eb99f7cf4599d931b46e0ef427a1c6f82928a16834f78522a",
native (windows-2025, windows-x86_64)	Execute official pinned binary on actual platform	2026-10-08T11:39:11.2445655Z     "011-call.json": "d9d86721d6d72873c3ad5f5909f2556b0147b197fd8915ee4abf5b2bcbe9a7ed",
native (windows-2025, windows-x86_64)	Execute official pinned binary on actual platform	2026-10-08T11:39:11.2446261Z     "011-stderr.log": "e3b0c44298fc1c149afbf4c8996fb92427ae41e4649b934ca495991b7852b855",
native (windows-2025, windows-x86_64)	Execute official pinned binary on actual platform	2026-10-08T11:39:11.2446855Z     "011-stdout.log": "1a04a191ace245e98cc7421a421c6dc44d0237a6d3e2d591272e8eb36e84dd0b",
native (windows-2025, windows-x86_64)	Execute official pinned binary on actual platform	2026-10-08T11:39:11.2447749Z     "012-call.json": "e338a0fdffb83c7467dc5f8397e29094ec80fc79f38e6cbb61a24b8b0a884b7e",
native (windows-2025, windows-x86_64)	Execute official pinned binary on actual platform	2026-10-08T11:39:11.2448490Z     "012-stderr.log": "e3b0c44298fc1c149afbf4c8996fb92427ae41e4649b934ca495991b7852b855",
native (windows-2025, windows-x86_64)	Execute official pinned binary on actual platform	2026-10-08T11:39:11.2449070Z     "012-stdout.log": "86696a16aacf0f57f3bb129451d6fc4beeb518901609ed93dab29339eec83057",
native (windows-2025, windows-x86_64)	Execute official pinned binary on actual platform	2026-10-08T11:39:11.2449693Z     "013-call.json": "93236aaf8067bd95828ceebc1e95c358ed23287f04f78bb3aca9b5e0cb4a03b2",
native (windows-2025, windows-x86_64)	Execute official pinned binary on actual platform	2026-10-08T11:39:11.2450288Z     "013-stderr.log": "e3b0c44298fc1c149afbf4c8996fb92427ae41e4649b934ca495991b7852b855",
native (windows-2025, windows-x86_64)	Execute official pinned binary on actual platform	2026-10-08T11:39:11.2450860Z     "013-stdout.log": "05a0254bf621f2c5607ace0e81c83d283b2c27685a1169e3ee97d808b0b72886",
native (windows-2025, windows-x86_64)	Execute official pinned binary on actual platform	2026-10-08T11:39:11.2451504Z     "014-call.json": "47b14518652b378b8b2b773aa5a21f0b40594a1701e104b107c1ca1c5ee941e6",
native (windows-2025, windows-x86_64)	Execute official pinned binary on actual platform	2026-10-08T11:39:11.2452080Z     "014-stderr.log": "30119bf52c54c09bc3e2f8d34f4eef1bdab3cf97e33e9acba8afacb5dc19376b",
native (windows-2025, windows-x86_64)	Execute official pinned binary on actual platform	2026-10-08T11:39:11.2452679Z     "014-stdout.log": "e3b0c44298fc1c149afbf4c8996fb92427ae41e4649b934ca495991b7852b855",
native (windows-2025, windows-x86_64)	Execute official pinned binary on actual platform	2026-10-08T11:39:11.2453258Z     "015-call.json": "82614edcd40eb10716eb1b64d5639f97f425dddbd53b620891ad02f4fa63c4e4",
native (windows-2025, windows-x86_64)	Execute official pinned binary on actual platform	2026-10-08T11:39:11.2453855Z     "015-stderr.log": "e3b0c44298fc1c149afbf4c8996fb92427ae41e4649b934ca495991b7852b855",
native (windows-2025, windows-x86_64)	Execute official pinned binary on actual platform	2026-10-08T11:39:11.2454453Z     "015-stdout.log": "63ab1ccc904c718a05b3d174863b990ac1ebe9b1d5ffb26b1695898d9c524bbd",
native (windows-2025, windows-x86_64)	Execute official pinned binary on actual platform	2026-10-08T11:39:11.2455031Z     "016-call.json": "5d28705001a1baef11f96fe620f55ad993293db2a6b3d6e95a6c53339f6ba258",
native (windows-2025, windows-x86_64)	Execute official pinned binary on actual platform	2026-10-08T11:39:11.2455652Z     "016-stderr.log": "e3b0c44298fc1c149afbf4c8996fb92427ae41e4649b934ca495991b7852b855",
native (windows-2025, windows-x86_64)	Execute official pinned binary on actual platform	2026-10-08T11:39:11.2456220Z     "016-stdout.log": "e5be271f06a4db6ed324e6602a606fab6825809e447a9201d45597445d697555",
native (windows-2025, windows-x86_64)	Execute official pinned binary on actual platform	2026-10-08T11:39:11.2456791Z     "017-call.json": "f13c3e71190d3bc2a13becbce9650fbc0b3968358335525ff6c4d07dad0d3cb7",
native (windows-2025, windows-x86_64)	Execute official pinned binary on actual platform	2026-10-08T11:39:11.2457375Z     "017-stderr.log": "e3b0c44298fc1c149afbf4c8996fb92427ae41e4649b934ca495991b7852b855",
native (windows-2025, windows-x86_64)	Execute official pinned binary on actual platform	2026-10-08T11:39:11.2457943Z     "017-stdout.log": "1a04a191ace245e98cc7421a421c6dc44d0237a6d3e2d591272e8eb36e84dd0b",
native (windows-2025, windows-x86_64)	Execute official pinned binary on actual platform	2026-10-08T11:39:11.2458527Z     "018-call.json": "6f630e7b5f49b7b8cc9dd63a5d171083dfe1644342e6d1ef53e9cb8e7c5275e4",
native (windows-2025, windows-x86_64)	Execute official pinned binary on actual platform	2026-10-08T11:39:11.2459139Z     "018-stderr.log": "e3b0c44298fc1c149afbf4c8996fb92427ae41e4649b934ca495991b7852b855",
native (windows-2025, windows-x86_64)	Execute official pinned binary on actual platform	2026-10-08T11:39:11.2459703Z     "018-stdout.log": "86696a16aacf0f57f3bb129451d6fc4beeb518901609ed93dab29339eec83057",
native (windows-2025, windows-x86_64)	Execute official pinned binary on actual platform	2026-10-08T11:39:11.2460394Z     "019-call.json": "d3c31c3de3850a97026019ed167d7ab3a5acbc32d149f023de1f0c01ee76a28a",
native (windows-2025, windows-x86_64)	Execute official pinned binary on actual platform	2026-10-08T11:39:11.2460974Z     "019-stderr.log": "e3b0c44298fc1c149afbf4c8996fb92427ae41e4649b934ca495991b7852b855",
native (windows-2025, windows-x86_64)	Execute official pinned binary on actual platform	2026-10-08T11:39:11.2461998Z     "019-stdout.log": "05a0254bf621f2c5607ace0e81c83d283b2c27685a1169e3ee97d808b0b72886",
native (windows-2025, windows-x86_64)	Execute official pinned binary on actual platform	2026-10-08T11:39:11.2462561Z     "020-call.json": "ad238a3ad069087f6962c294bf5d863568b3a88b2860f9229ab8e94fbde9a1fa",
native (windows-2025, windows-x86_64)	Execute official pinned binary on actual platform	2026-10-08T11:39:11.2463114Z     "020-stderr.log": "c94ad4141784e0decb85bc34c53c980dc6f9b9c05598355833400b77d2274a5f",
native (windows-2025, windows-x86_64)	Execute official pinned binary on actual platform	2026-10-08T11:39:11.2463755Z     "020-stdout.log": "e3b0c44298fc1c149afbf4c8996fb92427ae41e4649b934ca495991b7852b855",
native (windows-2025, windows-x86_64)	Execute official pinned binary on actual platform	2026-10-08T11:39:11.2464326Z     "021-call.json": "c1d0d831bd8adad0cc68235490c2543a2ad801425d51d48db799f2597fd754e5",
native (windows-2025, windows-x86_64)	Execute official pinned binary on actual platform	2026-10-08T11:39:11.2464909Z     "021-stderr.log": "e3b0c44298fc1c149afbf4c8996fb92427ae41e4649b934ca495991b7852b855",
native (windows-2025, windows-x86_64)	Execute official pinned binary on actual platform	2026-10-08T11:39:11.2465492Z     "021-stdout.log": "7fba30676c24acbf8d5622ad11ab4cbe9571c97aee05f6a2e78a66971dd3a4a6",
native (windows-2025, windows-x86_64)	Execute official pinned binary on actual platform	2026-10-08T11:39:11.2466055Z     "022-call.json": "562eeb684753d69d78dedead6af6f7fbe24c087b6c9c71d48434eb1605a2b9ef",
native (windows-2025, windows-x86_64)	Execute official pinned binary on actual platform	2026-10-08T11:39:11.2466657Z     "022-stderr.log": "e3b0c44298fc1c149afbf4c8996fb92427ae41e4649b934ca495991b7852b855",
native (windows-2025, windows-x86_64)	Execute official pinned binary on actual platform	2026-10-08T11:39:11.2467228Z     "022-stdout.log": "161e1c0372f5d2b053c8285e18ce8f773a7d0fea1e43820635e05c8e0747bc4a",
native (windows-2025, windows-x86_64)	Execute official pinned binary on actual platform	2026-10-08T11:39:11.2468266Z     "023-call.json": "e17af7840c9e8bb04d57ef5507eb29c43d999d70ddfc2b59a84fadfa3eb7e9c7",
native (windows-2025, windows-x86_64)	Execute official pinned binary on actual platform	2026-10-08T11:39:11.2468876Z     "023-stderr.log": "e3b0c44298fc1c149afbf4c8996fb92427ae41e4649b934ca495991b7852b855",
native (windows-2025, windows-x86_64)	Execute official pinned binary on actual platform	2026-10-08T11:39:11.2469449Z     "023-stdout.log": "c33d9b49d7052eb9a2f723b17bfb56e0f54b400d2a59fb098cd50cc19f0d73ec",
native (windows-2025, windows-x86_64)	Execute official pinned binary on actual platform	2026-10-08T11:39:11.2470048Z     "024-call.json": "0210559c24b6d90215fcb8b328c1d6a54c6936d1907fd94e2b0193af72e6daa1",
native (windows-2025, windows-x86_64)	Execute official pinned binary on actual platform	2026-10-08T11:39:11.2470615Z     "024-stderr.log": "e3b0c44298fc1c149afbf4c8996fb92427ae41e4649b934ca495991b7852b855",
native (windows-2025, windows-x86_64)	Execute official pinned binary on actual platform	2026-10-08T11:39:11.2471179Z     "024-stdout.log": "33343d8e3983017124cdc4cddc1e91d1f4a53f393adaa8d0155ed1f27ce1186e",
native (windows-2025, windows-x86_64)	Execute official pinned binary on actual platform	2026-10-08T11:39:11.2471823Z     "025-call.json": "31d6085f188a9aedffd62f4cc9d0165597f0e0acf77b1d8afe630f99c54eb308",
native (windows-2025, windows-x86_64)	Execute official pinned binary on actual platform	2026-10-08T11:39:11.2472396Z     "025-stderr.log": "6b6fcb92cfb88a0919180d0776f5c465571a3377e6cba7771d1f79b67d73144c",
native (windows-2025, windows-x86_64)	Execute official pinned binary on actual platform	2026-10-08T11:39:11.2472997Z     "025-stdout.log": "e3b0c44298fc1c149afbf4c8996fb92427ae41e4649b934ca495991b7852b855",
native (windows-2025, windows-x86_64)	Execute official pinned binary on actual platform	2026-10-08T11:39:11.2473569Z     "026-call.json": "b77e84e48b447c7e1f3170612337c974779501f7df275ad12c4eca316467ae31",
native (windows-2025, windows-x86_64)	Execute official pinned binary on actual platform	2026-10-08T11:39:11.2474109Z     "026-stderr.log": "e3b0c44298fc1c149afbf4c8996fb92427ae41e4649b934ca495991b7852b855",
native (windows-2025, windows-x86_64)	Execute official pinned binary on actual platform	2026-10-08T11:39:11.2474676Z     "026-stdout.log": "3f224273fe3508bb2315bdadd92a360d5c5b33591d0f7b82e7731603df224740",
native (windows-2025, windows-x86_64)	Execute official pinned binary on actual platform	2026-10-08T11:39:11.2475233Z     "crop.json": "3ef167d3e5dc46a5aee45b1e94c9a538dfdd9de696db3e06ba6b071068375ae8",
native (windows-2025, windows-x86_64)	Execute official pinned binary on actual platform	2026-10-08T11:39:11.2475843Z     "crop.pam": "800e5debd6af3433e00f8d0661b056aba194e6399b6f6115cbf4c76a1e3d5a33",
native (windows-2025, windows-x86_64)	Execute official pinned binary on actual platform	2026-10-08T11:39:11.2476392Z     "crop.pdf": "35b319b04ef9d00dab8cd8055b6707f7e5459fc89bbbce86a60585a826d76452",
native (windows-2025, windows-x86_64)	Execute official pinned binary on actual platform	2026-10-08T11:39:11.2476956Z     "form-reopen.json": "b42e91d1dc3081fe5362fdc0276739ee45a8b0b4a3716872154dc203be9b5d9a",
native (windows-2025, windows-x86_64)	Execute official pinned binary on actual platform	2026-10-08T11:39:11.2477530Z     "form.json": "3332586ee27247d223baef0ffa476791625689f64011995564daa3f097d57136",
native (windows-2025, windows-x86_64)	Execute official pinned binary on actual platform	2026-10-08T11:39:11.2478066Z     "form.pdf": "0c97a5ad0a5e67044af11a0a2015a982f0e9aea1712853be610073ac9dcfb86f",
native (windows-2025, windows-x86_64)	Execute official pinned binary on actual platform	2026-10-08T11:39:11.2478638Z     "ocr-status.json": "6161ea666f691e9c037f3a6dac087fc9f21e5b2cf2e436c74163208afda864c2",
native (windows-2025, windows-x86_64)	Execute official pinned binary on actual platform	2026-10-08T11:39:11.2479213Z     "redact.json": "b88f5f111c515bef06208aeaa0f21f13f8a85dc8ada26c3d2b4c13d2313e17cb",
native (windows-2025, windows-x86_64)	Execute official pinned binary on actual platform	2026-10-08T11:39:11.2479809Z     "redacted.pam": "91986fe8ceef5be0c48e7fd3613c9d3d8985018c621e5932e99d71191a20c7c9",
native (windows-2025, windows-x86_64)	Execute official pinned binary on actual platform	2026-10-08T11:39:11.2480377Z     "redacted.pdf": "7c4a883246b53993b9e1d771cf38bc2a9f3e3f80e39e41067b23b46727427266",
native (windows-2025, windows-x86_64)	Execute official pinned binary on actual platform	2026-10-08T11:39:11.2481021Z     "reorder.json": "4f3109250063de2886b50e5edeeeb524a1f9449b41a49b1835c1a0bc59426012",
native (windows-2025, windows-x86_64)	Execute official pinned binary on actual platform	2026-10-08T11:39:11.2481587Z     "reorder.pam": "6db18d931d460ff50a4536ca589428ff9e7aadeb2f534bde9f96ae5521ea8f21",
native (windows-2025, windows-x86_64)	Execute official pinned binary on actual platform	2026-10-08T11:39:11.2482225Z     "reorder.pdf": "0f980b7fe761253ef3bddd902cfa2c6f402ebc703995e1e48dc9ea4105a80045",
native (windows-2025, windows-x86_64)	Execute official pinned binary on actual platform	2026-10-08T11:39:11.2482763Z     "rotate.json": "5236f0d2ac1921d00f80c6e5012620dcbde2d1fdda272629c2e56ad623a7fed0",
native (windows-2025, windows-x86_64)	Execute official pinned binary on actual platform	2026-10-08T11:39:11.2483335Z     "rotate.pam": "6c8181dcc97ff857c58fb82b0409fbc8841793cb9fb0b348df5919555968d91e",
native (windows-2025, windows-x86_64)	Execute official pinned binary on actual platform	2026-10-08T11:39:11.2483926Z     "rotate.pdf": "d728f57b167848a9e9c466ba6dfcc7c98ac599ecd0329fb8b84c42b7e167ea25",
native (windows-2025, windows-x86_64)	Execute official pinned binary on actual platform	2026-10-08T11:39:11.2484511Z     "source.pdf": "9d035b63e05cfeb06b0985db1582f14185f99931a51eda69718764e91fdc0a0a",
native (windows-2025, windows-x86_64)	Execute official pinned binary on actual platform	2026-10-08T11:39:11.2486121Z     "tools.json": "e04b35a28c0050dd4f88f8d9d8e21b722f09a0bd1a452bebe6b168fb06f519ae"
native (windows-2025, windows-x86_64)	Execute official pinned binary on actual platform	2026-10-08T11:39:11.2486576Z   },
native (windows-2025, windows-x86_64)	Execute official pinned binary on actual platform	2026-10-08T11:39:11.2486888Z   "finishedAt": "2026-10-08T11:39:11.233423+00:00"
native (windows-2025, windows-x86_64)	Execute official pinned binary on actual platform	2026-10-08T11:39:11.2487258Z }
native (windows-2025, windows-x86_64)	Preserve native observations even on failure	﻿2026-10-08T11:39:11.3926722Z ##[group]Run actions/upload-artifact@v4
native (windows-2025, windows-x86_64)	Preserve native observations even on failure	2026-10-08T11:39:11.3927166Z with:
native (windows-2025, windows-x86_64)	Preserve native observations even on failure	2026-10-08T11:39:11.3927475Z   name: native-windows-x86_64-37771440411
native (windows-2025, windows-x86_64)	Preserve native observations even on failure	2026-10-08T11:39:11.3928042Z   path: native-evidence/*.json
native (windows-2025, windows-x86_64)	Preserve native observations even on failure	native-evidence/*.log
native (windows-2025, windows-x86_64)	Preserve native observations even on failure	native-evidence/*.pdf
native (windows-2025, windows-x86_64)	Preserve native observations even on failure	native-evidence/*.pam
native (windows-2025, windows-x86_64)	Preserve native observations even on failure	
native (windows-2025, windows-x86_64)	Preserve native observations even on failure	2026-10-08T11:39:11.3928559Z   if-no-files-found: error
native (windows-2025, windows-x86_64)	Preserve native observations even on failure	2026-10-08T11:39:11.3928883Z   compression-level: 6
native (windows-2025, windows-x86_64)	Preserve native observations even on failure	2026-10-08T11:39:11.3929190Z   overwrite: false
native (windows-2025, windows-x86_64)	Preserve native observations even on failure	2026-10-08T11:39:11.3929516Z   include-hidden-files: false
native (windows-2025, windows-x86_64)	Preserve native observations even on failure	2026-10-08T11:39:11.3929830Z env:
native (windows-2025, windows-x86_64)	Preserve native observations even on failure	2026-10-08T11:39:11.3930172Z   pythonLocation: C:\hostedtoolcache\windows\Python\3.13.15\x64
native (windows-2025, windows-x86_64)	Preserve native observations even on failure	2026-10-08T11:39:11.3930681Z   PKG_CONFIG_PATH: C:\hostedtoolcache\windows\Python\3.13.15\x64/lib/pkgconfig
native (windows-2025, windows-x86_64)	Preserve native observations even on failure	2026-10-08T11:39:11.3931168Z   Python_ROOT_DIR: C:\hostedtoolcache\windows\Python\3.13.15\x64
native (windows-2025, windows-x86_64)	Preserve native observations even on failure	2026-10-08T11:39:11.3931602Z   Python2_ROOT_DIR: C:\hostedtoolcache\windows\Python\3.13.15\x64
native (windows-2025, windows-x86_64)	Preserve native observations even on failure	2026-10-08T11:39:11.3932091Z   Python3_ROOT_DIR: C:\hostedtoolcache\windows\Python\3.13.15\x64
native (windows-2025, windows-x86_64)	Preserve native observations even on failure	2026-10-08T11:39:11.3932561Z ##[endgroup]
native (windows-2025, windows-x86_64)	Preserve native observations even on failure	2026-10-08T11:39:11.5924973Z (node:3136) [DEP0040] DeprecationWarning: The `punycode` module is deprecated. Please use a userland alternative instead.
native (windows-2025, windows-x86_64)	Preserve native observations even on failure	2026-10-08T11:39:11.5930268Z (Use `node --trace-deprecation ...` to show where the warning was created)
native (windows-2025, windows-x86_64)	Preserve native observations even on failure	2026-10-08T11:39:11.6192453Z With the provided path, there will be 97 files uploaded
native (windows-2025, windows-x86_64)	Preserve native observations even on failure	2026-10-08T11:39:11.6198318Z Artifact name is valid!
native (windows-2025, windows-x86_64)	Preserve native observations even on failure	2026-10-08T11:39:11.6201027Z Root directory input is valid!
native (windows-2025, windows-x86_64)	Preserve native observations even on failure	2026-10-08T11:39:11.8879764Z Beginning upload of artifact content to blob storage
native (windows-2025, windows-x86_64)	Preserve native observations even on failure	2026-10-08T11:39:12.0734651Z (node:3136) [DEP0169] DeprecationWarning: `url.parse()` behavior is not standardized and prone to errors that have security implications. Use the WHATWG URL API instead. CVEs are not issued for `url.parse()` vulnerabilities.
native (windows-2025, windows-x86_64)	Preserve native observations even on failure	2026-10-08T11:39:12.2458808Z Uploaded bytes 90251
native (windows-2025, windows-x86_64)	Preserve native observations even on failure	2026-10-08T11:39:12.2925266Z Finished uploading artifact content to blob storage!
native (windows-2025, windows-x86_64)	Preserve native observations even on failure	2026-10-08T11:39:12.2927209Z SHA256 digest of uploaded artifact zip is 1b58070552cff80b9c6a883e6cb58d72964ddb1fa63d8ba0af9bc65d6627f1c7
native (windows-2025, windows-x86_64)	Preserve native observations even on failure	2026-10-08T11:39:12.2929449Z Finalizing artifact upload
native (windows-2025, windows-x86_64)	Preserve native observations even on failure	2026-10-08T11:39:12.5097941Z Artifact native-windows-x86_64-37771440411.zip successfully finalized. Artifact ID 11547852232
native (windows-2025, windows-x86_64)	Preserve native observations even on failure	2026-10-08T11:39:12.5099568Z Artifact native-windows-x86_64-37771440411 has been successfully uploaded! Final size is 90251 bytes. Artifact ID is 11547852232
native (windows-2025, windows-x86_64)	Preserve native observations even on failure	2026-10-08T11:39:12.5109192Z Artifact download URL: https://github.com/full-aigc-skills/printcraft-skills/actions/runs/37771440411/artifacts/11547852232
native (windows-2025, windows-x86_64)	Post Run actions/setup-python@v5	﻿2026-10-08T11:39:12.5469430Z Post job cleanup.
native (windows-2025, windows-x86_64)	Post Run actions/setup-python@v5	2026-10-08T11:39:12.6931469Z (node:3332) [DEP0040] DeprecationWarning: The `punycode` module is deprecated. Please use a userland alternative instead.
native (windows-2025, windows-x86_64)	Post Run actions/setup-python@v5	2026-10-08T11:39:12.6932256Z (Use `node --trace-deprecation ...` to show where the warning was created)
native (windows-2025, windows-x86_64)	Post Run actions/checkout@v4	﻿2026-10-08T11:39:12.7233747Z Post job cleanup.
native (windows-2025, windows-x86_64)	Post Run actions/checkout@v4	2026-10-08T11:39:12.9006565Z [command]"C:\Program Files\Git\bin\git.exe" version
native (windows-2025, windows-x86_64)	Post Run actions/checkout@v4	2026-10-08T11:39:12.9330746Z git version 2.55.0.windows.5
native (windows-2025, windows-x86_64)	Post Run actions/checkout@v4	2026-10-08T11:39:12.9405878Z Temporarily overriding HOME='D:\a\_temp\641021f1-0936-4b06-9e5a-8972f840d83d' before making global git config changes
native (windows-2025, windows-x86_64)	Post Run actions/checkout@v4	2026-10-08T11:39:12.9407336Z Adding repository directory to the temporary git global config as a safe directory
native (windows-2025, windows-x86_64)	Post Run actions/checkout@v4	2026-10-08T11:39:12.9417233Z [command]"C:\Program Files\Git\bin\git.exe" config --global --add safe.directory D:\a\printcraft-skills\printcraft-skills
native (windows-2025, windows-x86_64)	Post Run actions/checkout@v4	2026-10-08T11:39:12.9768832Z [command]"C:\Program Files\Git\bin\git.exe" config --local --name-only --get-regexp core\.sshCommand
native (windows-2025, windows-x86_64)	Post Run actions/checkout@v4	2026-10-08T11:39:13.0108497Z [command]"C:\Program Files\Git\bin\git.exe" submodule foreach --recursive "sh -c \"git config --local --name-only --get-regexp 'core\.sshCommand' && git config --local --unset-all 'core.sshCommand' || :\""
native (windows-2025, windows-x86_64)	Post Run actions/checkout@v4	2026-10-08T11:39:13.5241737Z [command]"C:\Program Files\Git\bin\git.exe" config --local --name-only --get-regexp http\.https\:\/\/github\.com\/\.extraheader
native (windows-2025, windows-x86_64)	Post Run actions/checkout@v4	2026-10-08T11:39:13.5478006Z http.https://github.com/.extraheader
native (windows-2025, windows-x86_64)	Post Run actions/checkout@v4	2026-10-08T11:39:13.5522886Z [command]"C:\Program Files\Git\bin\git.exe" config --local --unset-all http.https://github.com/.extraheader
native (windows-2025, windows-x86_64)	Post Run actions/checkout@v4	2026-10-08T11:39:13.5809515Z [command]"C:\Program Files\Git\bin\git.exe" submodule foreach --recursive "sh -c \"git config --local --name-only --get-regexp 'http\.https\:\/\/github\.com\/\.extraheader' && git config --local --unset-all 'http.https://github.com/.extraheader' || :\""
native (windows-2025, windows-x86_64)	Post Run actions/checkout@v4	2026-10-08T11:39:14.1078070Z [command]"C:\Program Files\Git\bin\git.exe" config --local --name-only --get-regexp ^includeIf\.gitdir:
native (windows-2025, windows-x86_64)	Post Run actions/checkout@v4	2026-10-08T11:39:14.1370354Z [command]"C:\Program Files\Git\bin\git.exe" submodule foreach --recursive "git config --local --show-origin --name-only --get-regexp remote.origin.url"
native (windows-2025, windows-x86_64)	Complete job	﻿2026-10-08T11:39:14.6684507Z Cleaning up orphan processes
native (windows-2025, windows-x86_64)	Complete job	2026-10-08T11:39:14.6733014Z ##[warning]Node.js 20 is deprecated. The following actions target Node.js 20 but are being forced to run on Node.js 24: actions/checkout@v4, actions/setup-python@v5, actions/upload-artifact@v4. For more information see: https://github.blog/changelog/2025-09-19-deprecation-of-node-20-on-github-actions-runners/
native (ubuntu-24.04-arm, linux-arm64)	Set up job	﻿2026-10-08T11:39:03.4502565Z Current runner version: '2.337.0'
native (ubuntu-24.04-arm, linux-arm64)	Set up job	2026-10-08T11:39:03.4536432Z ##[group]Runner Image Provisioner
native (ubuntu-24.04-arm, linux-arm64)	Set up job	2026-10-08T11:39:03.4537687Z Hosted Compute Agent
native (ubuntu-24.04-arm, linux-arm64)	Set up job	2026-10-08T11:39:03.4538336Z Version: 20260901.588
native (ubuntu-24.04-arm, linux-arm64)	Set up job	2026-10-08T11:39:03.4539457Z Commit: f88ec8081b781fac6c440065ac7ff9e710ce3d0b
native (ubuntu-24.04-arm, linux-arm64)	Set up job	2026-10-08T11:39:03.4540317Z Build Date: 2026-09-01T19:56:44Z
native (ubuntu-24.04-arm, linux-arm64)	Set up job	2026-10-08T11:39:03.4541074Z Worker ID: {113378b8-d1c5-477d-880c-238136a4a366}
native (ubuntu-24.04-arm, linux-arm64)	Set up job	2026-10-08T11:39:03.4541905Z Azure Region: southcentralus
native (ubuntu-24.04-arm, linux-arm64)	Set up job	2026-10-08T11:39:03.4542592Z ##[endgroup]
native (ubuntu-24.04-arm, linux-arm64)	Set up job	2026-10-08T11:39:03.4546234Z ##[group]Operating System
native (ubuntu-24.04-arm, linux-arm64)	Set up job	2026-10-08T11:39:03.4547048Z Ubuntu
native (ubuntu-24.04-arm, linux-arm64)	Set up job	2026-10-08T11:39:03.4547591Z 24.04.5
native (ubuntu-24.04-arm, linux-arm64)	Set up job	2026-10-08T11:39:03.4548239Z LTS
native (ubuntu-24.04-arm, linux-arm64)	Set up job	2026-10-08T11:39:03.4549287Z ##[endgroup]
native (ubuntu-24.04-arm, linux-arm64)	Set up job	2026-10-08T11:39:03.4549872Z ##[group]Runner Image
native (ubuntu-24.04-arm, linux-arm64)	Set up job	2026-10-08T11:39:03.4550974Z Image: ubuntu-24.04-arm
native (ubuntu-24.04-arm, linux-arm64)	Set up job	2026-10-08T11:39:03.4551593Z Version: 20260927.135.1
native (ubuntu-24.04-arm, linux-arm64)	Set up job	2026-10-08T11:39:03.4552977Z Included Software: https://github.com/actions/runner-images/blob/ubuntu24-arm64/20260927.135/images/ubuntu/Ubuntu2404-Arm64-Readme.md
native (ubuntu-24.04-arm, linux-arm64)	Set up job	2026-10-08T11:39:03.4554946Z Image Release: https://github.com/actions/runner-images/releases/tag/ubuntu24-arm64%2F20260927.135
native (ubuntu-24.04-arm, linux-arm64)	Set up job	2026-10-08T11:39:03.4556111Z ##[endgroup]
native (ubuntu-24.04-arm, linux-arm64)	Set up job	2026-10-08T11:39:03.4557220Z ##[group]GITHUB_TOKEN Permissions
native (ubuntu-24.04-arm, linux-arm64)	Set up job	2026-10-08T11:39:03.4561192Z Contents: read
native (ubuntu-24.04-arm, linux-arm64)	Set up job	2026-10-08T11:39:03.4561914Z Metadata: read
native (ubuntu-24.04-arm, linux-arm64)	Set up job	2026-10-08T11:39:03.4562656Z ##[endgroup]
native (ubuntu-24.04-arm, linux-arm64)	Set up job	2026-10-08T11:39:03.4566628Z Secret source: Actions
native (ubuntu-24.04-arm, linux-arm64)	Set up job	2026-10-08T11:39:03.4567912Z Cache mode: write
native (ubuntu-24.04-arm, linux-arm64)	Set up job	2026-10-08T11:39:03.4569292Z Prepare workflow directory
native (ubuntu-24.04-arm, linux-arm64)	Set up job	2026-10-08T11:39:03.5000625Z Prepare all required actions
native (ubuntu-24.04-arm, linux-arm64)	Set up job	2026-10-08T11:39:03.5054105Z Getting action download info
native (ubuntu-24.04-arm, linux-arm64)	Set up job	2026-10-08T11:39:03.7949831Z Download action repository 'actions/checkout@v4' (SHA:11d5960a326750d5838078e36cf38b85af677262)
native (ubuntu-24.04-arm, linux-arm64)	Set up job	2026-10-08T11:39:03.9397689Z Download action repository 'actions/setup-python@v5' (SHA:a26af69be951a213d495a4c3e4e4022e16d87065)
native (ubuntu-24.04-arm, linux-arm64)	Set up job	2026-10-08T11:39:04.0546693Z Download action repository 'actions/upload-artifact@v4' (SHA:ea165f8d65b6e75b540449e92b4886f43607fa02)
native (ubuntu-24.04-arm, linux-arm64)	Set up job	2026-10-08T11:39:04.3029861Z Complete job name: native (ubuntu-24.04-arm, linux-arm64)
native (ubuntu-24.04-arm, linux-arm64)	Run actions/checkout@v4	﻿2026-10-08T11:39:04.3891839Z ##[group]Run actions/checkout@v4
native (ubuntu-24.04-arm, linux-arm64)	Run actions/checkout@v4	2026-10-08T11:39:04.3893599Z with:
native (ubuntu-24.04-arm, linux-arm64)	Run actions/checkout@v4	2026-10-08T11:39:04.3894433Z   repository: full-aigc-skills/printcraft-skills
native (ubuntu-24.04-arm, linux-arm64)	Run actions/checkout@v4	2026-10-08T11:39:04.3898221Z   token: ***
native (ubuntu-24.04-arm, linux-arm64)	Run actions/checkout@v4	2026-10-08T11:39:04.3899162Z   ssh-strict: true
native (ubuntu-24.04-arm, linux-arm64)	Run actions/checkout@v4	2026-10-08T11:39:04.3899727Z   ssh-user: git
native (ubuntu-24.04-arm, linux-arm64)	Run actions/checkout@v4	2026-10-08T11:39:04.3900294Z   persist-credentials: true
native (ubuntu-24.04-arm, linux-arm64)	Run actions/checkout@v4	2026-10-08T11:39:04.3900997Z   clean: true
native (ubuntu-24.04-arm, linux-arm64)	Run actions/checkout@v4	2026-10-08T11:39:04.3901656Z   sparse-checkout-cone-mode: true
native (ubuntu-24.04-arm, linux-arm64)	Run actions/checkout@v4	2026-10-08T11:39:04.3902385Z   fetch-depth: 1
native (ubuntu-24.04-arm, linux-arm64)	Run actions/checkout@v4	2026-10-08T11:39:04.3902952Z   fetch-tags: false
native (ubuntu-24.04-arm, linux-arm64)	Run actions/checkout@v4	2026-10-08T11:39:04.3903493Z   show-progress: true
native (ubuntu-24.04-arm, linux-arm64)	Run actions/checkout@v4	2026-10-08T11:39:04.3904160Z   lfs: false
native (ubuntu-24.04-arm, linux-arm64)	Run actions/checkout@v4	2026-10-08T11:39:04.3904729Z   submodules: false
native (ubuntu-24.04-arm, linux-arm64)	Run actions/checkout@v4	2026-10-08T11:39:04.3905358Z   set-safe-directory: true
native (ubuntu-24.04-arm, linux-arm64)	Run actions/checkout@v4	2026-10-08T11:39:04.3905999Z   allow-unsafe-pr-checkout: false
native (ubuntu-24.04-arm, linux-arm64)	Run actions/checkout@v4	2026-10-08T11:39:04.3907209Z ##[endgroup]
native (ubuntu-24.04-arm, linux-arm64)	Run actions/checkout@v4	2026-10-08T11:39:04.4821961Z Syncing repository: full-aigc-skills/printcraft-skills
native (ubuntu-24.04-arm, linux-arm64)	Run actions/checkout@v4	2026-10-08T11:39:04.4824729Z ##[group]Getting Git version info
native (ubuntu-24.04-arm, linux-arm64)	Run actions/checkout@v4	2026-10-08T11:39:04.4825994Z Working directory is '/home/runner/work/printcraft-skills/printcraft-skills'
native (ubuntu-24.04-arm, linux-arm64)	Run actions/checkout@v4	2026-10-08T11:39:04.4827613Z [command]/usr/bin/git version
native (ubuntu-24.04-arm, linux-arm64)	Run actions/checkout@v4	2026-10-08T11:39:04.4892453Z git version 2.55.0
native (ubuntu-24.04-arm, linux-arm64)	Run actions/checkout@v4	2026-10-08T11:39:04.4914331Z ##[endgroup]
native (ubuntu-24.04-arm, linux-arm64)	Run actions/checkout@v4	2026-10-08T11:39:04.4930964Z Temporarily overriding HOME='/home/runner/work/_temp/51b5a7db-f40a-48fa-815a-f5b170a13ded' before making global git config changes
native (ubuntu-24.04-arm, linux-arm64)	Run actions/checkout@v4	2026-10-08T11:39:04.4932919Z Adding repository directory to the temporary git global config as a safe directory
native (ubuntu-24.04-arm, linux-arm64)	Run actions/checkout@v4	2026-10-08T11:39:04.4935659Z [command]/usr/bin/git config --global --add safe.directory /home/runner/work/printcraft-skills/printcraft-skills
native (ubuntu-24.04-arm, linux-arm64)	Run actions/checkout@v4	2026-10-08T11:39:04.5009070Z Deleting the contents of '/home/runner/work/printcraft-skills/printcraft-skills'
native (ubuntu-24.04-arm, linux-arm64)	Run actions/checkout@v4	2026-10-08T11:39:04.5014352Z ##[group]Initializing the repository
native (ubuntu-24.04-arm, linux-arm64)	Run actions/checkout@v4	2026-10-08T11:39:04.5021037Z [command]/usr/bin/git init /home/runner/work/printcraft-skills/printcraft-skills
native (ubuntu-24.04-arm, linux-arm64)	Run actions/checkout@v4	2026-10-08T11:39:04.5109717Z hint: Using 'master' as the name for the initial branch. This default branch name
native (ubuntu-24.04-arm, linux-arm64)	Run actions/checkout@v4	2026-10-08T11:39:04.5130612Z hint: will change to "main" in Git 3.0. To configure the initial branch name
native (ubuntu-24.04-arm, linux-arm64)	Run actions/checkout@v4	2026-10-08T11:39:04.5132346Z hint: to use in all of your new repositories, which will suppress this warning,
native (ubuntu-24.04-arm, linux-arm64)	Run actions/checkout@v4	2026-10-08T11:39:04.5133674Z hint: call:
native (ubuntu-24.04-arm, linux-arm64)	Run actions/checkout@v4	2026-10-08T11:39:04.5134467Z hint:
native (ubuntu-24.04-arm, linux-arm64)	Run actions/checkout@v4	2026-10-08T11:39:04.5139445Z hint: 	git config --global init.defaultBranch <name>
native (ubuntu-24.04-arm, linux-arm64)	Run actions/checkout@v4	2026-10-08T11:39:04.5140563Z hint:
native (ubuntu-24.04-arm, linux-arm64)	Run actions/checkout@v4	2026-10-08T11:39:04.5141769Z hint: Names commonly chosen instead of 'master' are 'main', 'trunk' and
native (ubuntu-24.04-arm, linux-arm64)	Run actions/checkout@v4	2026-10-08T11:39:04.5143051Z hint: 'development'. The just-created branch can be renamed via this command:
native (ubuntu-24.04-arm, linux-arm64)	Run actions/checkout@v4	2026-10-08T11:39:04.5144076Z hint:
native (ubuntu-24.04-arm, linux-arm64)	Run actions/checkout@v4	2026-10-08T11:39:04.5144935Z hint: 	git branch -m <name>
native (ubuntu-24.04-arm, linux-arm64)	Run actions/checkout@v4	2026-10-08T11:39:04.5146008Z hint:
native (ubuntu-24.04-arm, linux-arm64)	Run actions/checkout@v4	2026-10-08T11:39:04.5147136Z hint: Disable this message with "git config set advice.defaultBranchName false"
native (ubuntu-24.04-arm, linux-arm64)	Run actions/checkout@v4	2026-10-08T11:39:04.5149190Z Initialized empty Git repository in /home/runner/work/printcraft-skills/printcraft-skills/.git/
native (ubuntu-24.04-arm, linux-arm64)	Run actions/checkout@v4	2026-10-08T11:39:04.5152460Z [command]/usr/bin/git remote add origin https://github.com/full-aigc-skills/printcraft-skills
native (ubuntu-24.04-arm, linux-arm64)	Run actions/checkout@v4	2026-10-08T11:39:04.5164034Z ##[endgroup]
native (ubuntu-24.04-arm, linux-arm64)	Run actions/checkout@v4	2026-10-08T11:39:04.5165318Z ##[group]Disabling automatic garbage collection
native (ubuntu-24.04-arm, linux-arm64)	Run actions/checkout@v4	2026-10-08T11:39:04.5191555Z [command]/usr/bin/git config --local gc.auto 0
native (ubuntu-24.04-arm, linux-arm64)	Run actions/checkout@v4	2026-10-08T11:39:04.5224205Z ##[endgroup]
native (ubuntu-24.04-arm, linux-arm64)	Run actions/checkout@v4	2026-10-08T11:39:04.5225501Z ##[group]Setting up auth
native (ubuntu-24.04-arm, linux-arm64)	Run actions/checkout@v4	2026-10-08T11:39:04.5230323Z [command]/usr/bin/git config --local --name-only --get-regexp core\.sshCommand
native (ubuntu-24.04-arm, linux-arm64)	Run actions/checkout@v4	2026-10-08T11:39:04.5266600Z [command]/usr/bin/git submodule foreach --recursive sh -c "git config --local --name-only --get-regexp 'core\.sshCommand' && git config --local --unset-all 'core.sshCommand' || :"
native (ubuntu-24.04-arm, linux-arm64)	Run actions/checkout@v4	2026-10-08T11:39:04.5603752Z [command]/usr/bin/git config --local --name-only --get-regexp http\.https\:\/\/github\.com\/\.extraheader
native (ubuntu-24.04-arm, linux-arm64)	Run actions/checkout@v4	2026-10-08T11:39:04.5634499Z [command]/usr/bin/git submodule foreach --recursive sh -c "git config --local --name-only --get-regexp 'http\.https\:\/\/github\.com\/\.extraheader' && git config --local --unset-all 'http.https://github.com/.extraheader' || :"
native (ubuntu-24.04-arm, linux-arm64)	Run actions/checkout@v4	2026-10-08T11:39:04.5834118Z [command]/usr/bin/git config --local --name-only --get-regexp ^includeIf\.gitdir:
native (ubuntu-24.04-arm, linux-arm64)	Run actions/checkout@v4	2026-10-08T11:39:04.5867236Z [command]/usr/bin/git submodule foreach --recursive git config --local --show-origin --name-only --get-regexp remote.origin.url
native (ubuntu-24.04-arm, linux-arm64)	Run actions/checkout@v4	2026-10-08T11:39:04.6070592Z [command]/usr/bin/git config --local http.https://github.com/.extraheader AUTHORIZATION: basic ***
native (ubuntu-24.04-arm, linux-arm64)	Run actions/checkout@v4	2026-10-08T11:39:04.6109823Z ##[endgroup]
native (ubuntu-24.04-arm, linux-arm64)	Run actions/checkout@v4	2026-10-08T11:39:04.6110921Z ##[group]Fetching the repository
native (ubuntu-24.04-arm, linux-arm64)	Run actions/checkout@v4	2026-10-08T11:39:04.6118758Z [command]/usr/bin/git -c protocol.version=2 fetch --no-tags --prune --no-recurse-submodules --depth=1 origin +8b43297a2f91ac3d286361ed9b1d92af820815bf:refs/remotes/origin/main
native (ubuntu-24.04-arm, linux-arm64)	Run actions/checkout@v4	2026-10-08T11:39:05.1587376Z From https://github.com/full-aigc-skills/printcraft-skills
native (ubuntu-24.04-arm, linux-arm64)	Run actions/checkout@v4	2026-10-08T11:39:05.1589798Z  * [new ref]         8b43297a2f91ac3d286361ed9b1d92af820815bf -> origin/main
native (ubuntu-24.04-arm, linux-arm64)	Run actions/checkout@v4	2026-10-08T11:39:05.1593816Z ##[endgroup]
native (ubuntu-24.04-arm, linux-arm64)	Run actions/checkout@v4	2026-10-08T11:39:05.1595558Z ##[group]Determining the checkout info
native (ubuntu-24.04-arm, linux-arm64)	Run actions/checkout@v4	2026-10-08T11:39:05.1597462Z ##[endgroup]
native (ubuntu-24.04-arm, linux-arm64)	Run actions/checkout@v4	2026-10-08T11:39:05.1605758Z [command]/usr/bin/git sparse-checkout disable
native (ubuntu-24.04-arm, linux-arm64)	Run actions/checkout@v4	2026-10-08T11:39:05.1640610Z [command]/usr/bin/git config --local --unset-all extensions.worktreeConfig
native (ubuntu-24.04-arm, linux-arm64)	Run actions/checkout@v4	2026-10-08T11:39:05.1669564Z ##[group]Checking out the ref
native (ubuntu-24.04-arm, linux-arm64)	Run actions/checkout@v4	2026-10-08T11:39:05.1672381Z [command]/usr/bin/git checkout --progress --force -B main refs/remotes/origin/main
native (ubuntu-24.04-arm, linux-arm64)	Run actions/checkout@v4	2026-10-08T11:39:05.1818940Z Switched to a new branch 'main'
native (ubuntu-24.04-arm, linux-arm64)	Run actions/checkout@v4	2026-10-08T11:39:05.1821337Z branch 'main' set up to track 'origin/main'.
native (ubuntu-24.04-arm, linux-arm64)	Run actions/checkout@v4	2026-10-08T11:39:05.1827268Z ##[endgroup]
native (ubuntu-24.04-arm, linux-arm64)	Run actions/checkout@v4	2026-10-08T11:39:05.1875472Z [command]/usr/bin/git log -1 --format=%H
native (ubuntu-24.04-arm, linux-arm64)	Run actions/checkout@v4	2026-10-08T11:39:05.1899383Z 8b43297a2f91ac3d286361ed9b1d92af820815bf
native (ubuntu-24.04-arm, linux-arm64)	Run actions/setup-python@v5	﻿2026-10-08T11:39:05.2275187Z ##[group]Run actions/setup-python@v5
native (ubuntu-24.04-arm, linux-arm64)	Run actions/setup-python@v5	2026-10-08T11:39:05.2276417Z with:
native (ubuntu-24.04-arm, linux-arm64)	Run actions/setup-python@v5	2026-10-08T11:39:05.2277200Z   python-version: 3.13
native (ubuntu-24.04-arm, linux-arm64)	Run actions/setup-python@v5	2026-10-08T11:39:05.2278519Z   check-latest: false
native (ubuntu-24.04-arm, linux-arm64)	Run actions/setup-python@v5	2026-10-08T11:39:05.2285691Z   token: ***
native (ubuntu-24.04-arm, linux-arm64)	Run actions/setup-python@v5	2026-10-08T11:39:05.2286559Z   update-environment: true
native (ubuntu-24.04-arm, linux-arm64)	Run actions/setup-python@v5	2026-10-08T11:39:05.2287634Z   allow-prereleases: false
native (ubuntu-24.04-arm, linux-arm64)	Run actions/setup-python@v5	2026-10-08T11:39:05.2288529Z   freethreaded: false
native (ubuntu-24.04-arm, linux-arm64)	Run actions/setup-python@v5	2026-10-08T11:39:05.2289720Z ##[endgroup]
native (ubuntu-24.04-arm, linux-arm64)	Run actions/setup-python@v5	2026-10-08T11:39:05.3442110Z ##[group]Installed versions
native (ubuntu-24.04-arm, linux-arm64)	Run actions/setup-python@v5	2026-10-08T11:39:05.3927058Z (node:2239) [DEP0040] DeprecationWarning: The `punycode` module is deprecated. Please use a userland alternative instead.
native (ubuntu-24.04-arm, linux-arm64)	Run actions/setup-python@v5	2026-10-08T11:39:05.3928141Z (Use `node --trace-deprecation ...` to show where the warning was created)
native (ubuntu-24.04-arm, linux-arm64)	Run actions/setup-python@v5	2026-10-08T11:39:05.3929170Z Successfully set up CPython (3.13.15)
native (ubuntu-24.04-arm, linux-arm64)	Run actions/setup-python@v5	2026-10-08T11:39:05.3929958Z ##[endgroup]
native (ubuntu-24.04-arm, linux-arm64)	Execute official pinned binary on actual platform	﻿2026-10-08T11:39:05.4109569Z ##[group]Run python -I -B tests/platform_acceptance.py --platform linux-arm64 --workdir native-evidence
native (ubuntu-24.04-arm, linux-arm64)	Execute official pinned binary on actual platform	2026-10-08T11:39:05.4110790Z ^[[36;1mpython -I -B tests/platform_acceptance.py --platform linux-arm64 --workdir native-evidence^[[0m
native (ubuntu-24.04-arm, linux-arm64)	Execute official pinned binary on actual platform	2026-10-08T11:39:05.4286215Z shell: /usr/bin/bash -e {0}
native (ubuntu-24.04-arm, linux-arm64)	Execute official pinned binary on actual platform	2026-10-08T11:39:05.4286874Z env:
native (ubuntu-24.04-arm, linux-arm64)	Execute official pinned binary on actual platform	2026-10-08T11:39:05.4287282Z   pythonLocation: /opt/hostedtoolcache/Python/3.13.15/arm64
native (ubuntu-24.04-arm, linux-arm64)	Execute official pinned binary on actual platform	2026-10-08T11:39:05.4287960Z   PKG_CONFIG_PATH: /opt/hostedtoolcache/Python/3.13.15/arm64/lib/pkgconfig
native (ubuntu-24.04-arm, linux-arm64)	Execute official pinned binary on actual platform	2026-10-08T11:39:05.4288503Z   Python_ROOT_DIR: /opt/hostedtoolcache/Python/3.13.15/arm64
native (ubuntu-24.04-arm, linux-arm64)	Execute official pinned binary on actual platform	2026-10-08T11:39:05.4289390Z   Python2_ROOT_DIR: /opt/hostedtoolcache/Python/3.13.15/arm64
native (ubuntu-24.04-arm, linux-arm64)	Execute official pinned binary on actual platform	2026-10-08T11:39:05.4289980Z   Python3_ROOT_DIR: /opt/hostedtoolcache/Python/3.13.15/arm64
native (ubuntu-24.04-arm, linux-arm64)	Execute official pinned binary on actual platform	2026-10-08T11:39:05.4290525Z   LD_LIBRARY_PATH: /opt/hostedtoolcache/Python/3.13.15/arm64/lib
native (ubuntu-24.04-arm, linux-arm64)	Execute official pinned binary on actual platform	2026-10-08T11:39:05.4291052Z ##[endgroup]
native (ubuntu-24.04-arm, linux-arm64)	Execute official pinned binary on actual platform	2026-10-08T11:39:07.7232808Z {
native (ubuntu-24.04-arm, linux-arm64)	Execute official pinned binary on actual platform	2026-10-08T11:39:07.7233741Z   "contract": "printcraft.native-platform-evidence/1",
native (ubuntu-24.04-arm, linux-arm64)	Execute official pinned binary on actual platform	2026-10-08T11:39:07.7238711Z   "platform": "linux-arm64",
native (ubuntu-24.04-arm, linux-arm64)	Execute official pinned binary on actual platform	2026-10-08T11:39:07.7239460Z   "sourceCommit": "8b43297a2f91ac3d286361ed9b1d92af820815bf",
native (ubuntu-24.04-arm, linux-arm64)	Execute official pinned binary on actual platform	2026-10-08T11:39:07.7239977Z   "startedAt": "2026-10-08T11:39:06.272550+00:00",
native (ubuntu-24.04-arm, linux-arm64)	Execute official pinned binary on actual platform	2026-10-08T11:39:07.7240662Z   "sourceFiles": {
native (ubuntu-24.04-arm, linux-arm64)	Execute official pinned binary on actual platform	2026-10-08T11:39:07.7241211Z     "tests/platform_acceptance.py": "14bee53d0f8cbdb8e0e7d26f7d852e9fc6ae1209a5f2dcfc48a596abff6fd18b",
native (ubuntu-24.04-arm, linux-arm64)	Execute official pinned binary on actual platform	2026-10-08T11:39:07.7242831Z     "tests/platform-artifacts.json": "8c03b465e51e8f53bb337ffef75eb67cba12d945c3c319ad70619bbe01929717",
native (ubuntu-24.04-arm, linux-arm64)	Execute official pinned binary on actual platform	2026-10-08T11:39:07.7243724Z     "tests/fixtures/make_pdf.py": "c41f12f867c5f81e359c3197373214c65e89fc2e58ff5643198afbffd4ac7993"
native (ubuntu-24.04-arm, linux-arm64)	Execute official pinned binary on actual platform	2026-10-08T11:39:07.7244358Z   },
native (ubuntu-24.04-arm, linux-arm64)	Execute official pinned binary on actual platform	2026-10-08T11:39:07.7244769Z   "host": {
native (ubuntu-24.04-arm, linux-arm64)	Execute official pinned binary on actual platform	2026-10-08T11:39:07.7245067Z     "system": "Linux",
native (ubuntu-24.04-arm, linux-arm64)	Execute official pinned binary on actual platform	2026-10-08T11:39:07.7245454Z     "machine": "aarch64",
native (ubuntu-24.04-arm, linux-arm64)	Execute official pinned binary on actual platform	2026-10-08T11:39:07.7246075Z     "release": "6.17.0-1022-azure",
native (ubuntu-24.04-arm, linux-arm64)	Execute official pinned binary on actual platform	2026-10-08T11:39:07.7246547Z     "python": "3.13.15"
native (ubuntu-24.04-arm, linux-arm64)	Execute official pinned binary on actual platform	2026-10-08T11:39:07.7246921Z   },
native (ubuntu-24.04-arm, linux-arm64)	Execute official pinned binary on actual platform	2026-10-08T11:39:07.7247247Z   "workflow": {
native (ubuntu-24.04-arm, linux-arm64)	Execute official pinned binary on actual platform	2026-10-08T11:39:07.7247668Z     "runId": "37771440411",
native (ubuntu-24.04-arm, linux-arm64)	Execute official pinned binary on actual platform	2026-10-08T11:39:07.7247975Z     "runAttempt": "1"
native (ubuntu-24.04-arm, linux-arm64)	Execute official pinned binary on actual platform	2026-10-08T11:39:07.7248309Z   },
native (ubuntu-24.04-arm, linux-arm64)	Execute official pinned binary on actual platform	2026-10-08T11:39:07.7248922Z   "runtime": {
native (ubuntu-24.04-arm, linux-arm64)	Execute official pinned binary on actual platform	2026-10-08T11:39:07.7249255Z     "system": "linux",
native (ubuntu-24.04-arm, linux-arm64)	Execute official pinned binary on actual platform	2026-10-08T11:39:07.7249751Z     "machine": "arm64",
native (ubuntu-24.04-arm, linux-arm64)	Execute official pinned binary on actual platform	2026-10-08T11:39:07.7250182Z     "asset": "printcraft-0.2.1-linux-aarch64.tar.gz",
native (ubuntu-24.04-arm, linux-arm64)	Execute official pinned binary on actual platform	2026-10-08T11:39:07.7250993Z     "url": "https://github.com/storytold/pdfcraft/releases/download/v0.2.1/printcraft-0.2.1-linux-aarch64.tar.gz",
native (ubuntu-24.04-arm, linux-arm64)	Execute official pinned binary on actual platform	2026-10-08T11:39:07.7251806Z     "archiveSha256": "c7ae5dac00b3c11bea4e7cc502878a1b6ab520362d09885293e48417452e5dc0",
native (ubuntu-24.04-arm, linux-arm64)	Execute official pinned binary on actual platform	2026-10-08T11:39:07.7252401Z     "member": "printcraft-0.2.1-linux-aarch64/bin/printcraft-cli",
native (ubuntu-24.04-arm, linux-arm64)	Execute official pinned binary on actual platform	2026-10-08T11:39:07.7253068Z     "binarySha256": "8123365733dbfd70e982eaad2bec6e12b87a203ee9ffa9acf7bc8ceba6a0ad36"
native (ubuntu-24.04-arm, linux-arm64)	Execute official pinned binary on actual platform	2026-10-08T11:39:07.7253551Z   },
native (ubuntu-24.04-arm, linux-arm64)	Execute official pinned binary on actual platform	2026-10-08T11:39:07.7253887Z   "results": {
native (ubuntu-24.04-arm, linux-arm64)	Execute official pinned binary on actual platform	2026-10-08T11:39:07.7254322Z     "reorder_save_reopen_render": {
native (ubuntu-24.04-arm, linux-arm64)	Execute official pinned binary on actual platform	2026-10-08T11:39:07.7254737Z       "status": "PASS",
native (ubuntu-24.04-arm, linux-arm64)	Execute official pinned binary on actual platform	2026-10-08T11:39:07.7255116Z       "details": {
native (ubuntu-24.04-arm, linux-arm64)	Execute official pinned binary on actual platform	2026-10-08T11:39:07.7255567Z         "outputSha256": "527f260ee0d7e452f1f577265b93197bd48f71f09b381dab61eaeb6f0de1c673",
native (ubuntu-24.04-arm, linux-arm64)	Execute official pinned binary on actual platform	2026-10-08T11:39:07.7256047Z         "info": {
native (ubuntu-24.04-arm, linux-arm64)	Execute official pinned binary on actual platform	2026-10-08T11:39:07.7258774Z           "annotations": 0,
native (ubuntu-24.04-arm, linux-arm64)	Execute official pinned binary on actual platform	2026-10-08T11:39:07.7259163Z           "attachments": 0,
native (ubuntu-24.04-arm, linux-arm64)	Execute official pinned binary on actual platform	2026-10-08T11:39:07.7259589Z           "author": null,
native (ubuntu-24.04-arm, linux-arm64)	Execute official pinned binary on actual platform	2026-10-08T11:39:07.7259949Z           "bookmarks": 0,
native (ubuntu-24.04-arm, linux-arm64)	Execute official pinned binary on actual platform	2026-10-08T11:39:07.7260250Z           "creator": null,
native (ubuntu-24.04-arm, linux-arm64)	Execute official pinned binary on actual platform	2026-10-08T11:39:07.7260743Z           "encrypted": false,
native (ubuntu-24.04-arm, linux-arm64)	Execute official pinned binary on actual platform	2026-10-08T11:39:07.7261061Z           "fields": 0,
native (ubuntu-24.04-arm, linux-arm64)	Execute official pinned binary on actual platform	2026-10-08T11:39:07.7261627Z           "file": "/home/runner/work/printcraft-skills/printcraft-skills/native-evidence/reorder.pdf",
native (ubuntu-24.04-arm, linux-arm64)	Execute official pinned binary on actual platform	2026-10-08T11:39:07.7262192Z           "file_size": 919,
native (ubuntu-24.04-arm, linux-arm64)	Execute official pinned binary on actual platform	2026-10-08T11:39:07.7262509Z           "first_page_pt": [
native (ubuntu-24.04-arm, linux-arm64)	Execute official pinned binary on actual platform	2026-10-08T11:39:07.7262894Z             612.0,
native (ubuntu-24.04-arm, linux-arm64)	Execute official pinned binary on actual platform	2026-10-08T11:39:07.7263175Z             792.0
native (ubuntu-24.04-arm, linux-arm64)	Execute official pinned binary on actual platform	2026-10-08T11:39:07.7263807Z           ],
native (ubuntu-24.04-arm, linux-arm64)	Execute official pinned binary on actual platform	2026-10-08T11:39:07.7264189Z           "javascript": false,
native (ubuntu-24.04-arm, linux-arm64)	Execute official pinned binary on actual platform	2026-10-08T11:39:07.7264527Z           "layers": 0,
native (ubuntu-24.04-arm, linux-arm64)	Execute official pinned binary on actual platform	2026-10-08T11:39:07.7264854Z           "links": 0,
native (ubuntu-24.04-arm, linux-arm64)	Execute official pinned binary on actual platform	2026-10-08T11:39:07.7265180Z           "page_labels": [
native (ubuntu-24.04-arm, linux-arm64)	Execute official pinned binary on actual platform	2026-10-08T11:39:07.7265530Z             "1",
native (ubuntu-24.04-arm, linux-arm64)	Execute official pinned binary on actual platform	2026-10-08T11:39:07.7265854Z             "2",
native (ubuntu-24.04-arm, linux-arm64)	Execute official pinned binary on actual platform	2026-10-08T11:39:07.7266115Z             "3"
native (ubuntu-24.04-arm, linux-arm64)	Execute official pinned binary on actual platform	2026-10-08T11:39:07.7266410Z           ],
native (ubuntu-24.04-arm, linux-arm64)	Execute official pinned binary on actual platform	2026-10-08T11:39:07.7266708Z           "pages": 3,
native (ubuntu-24.04-arm, linux-arm64)	Execute official pinned binary on actual platform	2026-10-08T11:39:07.7267005Z           "pdf_version": "1.5",
native (ubuntu-24.04-arm, linux-arm64)	Execute official pinned binary on actual platform	2026-10-08T11:39:07.7267395Z           "producer": null,
native (ubuntu-24.04-arm, linux-arm64)	Execute official pinned binary on actual platform	2026-10-08T11:39:07.7267728Z           "tagged": false,
native (ubuntu-24.04-arm, linux-arm64)	Execute official pinned binary on actual platform	2026-10-08T11:39:07.7268105Z           "title": null,
native (ubuntu-24.04-arm, linux-arm64)	Execute official pinned binary on actual platform	2026-10-08T11:39:07.7268461Z           "warnings": [],
native (ubuntu-24.04-arm, linux-arm64)	Execute official pinned binary on actual platform	2026-10-08T11:39:07.7269034Z           "xfa": null
native (ubuntu-24.04-arm, linux-arm64)	Execute official pinned binary on actual platform	2026-10-08T11:39:07.7269374Z         },
native (ubuntu-24.04-arm, linux-arm64)	Execute official pinned binary on actual platform	2026-10-08T11:39:07.7269641Z         "texts": [
native (ubuntu-24.04-arm, linux-arm64)	Execute official pinned binary on actual platform	2026-10-08T11:39:07.7269944Z           "PAGE-GAMMA",
native (ubuntu-24.04-arm, linux-arm64)	Execute official pinned binary on actual platform	2026-10-08T11:39:07.7270424Z           "PAGE-ALPHA",
native (ubuntu-24.04-arm, linux-arm64)	Execute official pinned binary on actual platform	2026-10-08T11:39:07.7270786Z           "PAGE-BETA"
native (ubuntu-24.04-arm, linux-arm64)	Execute official pinned binary on actual platform	2026-10-08T11:39:07.7271140Z         ]
native (ubuntu-24.04-arm, linux-arm64)	Execute official pinned binary on actual platform	2026-10-08T11:39:07.7271419Z       }
native (ubuntu-24.04-arm, linux-arm64)	Execute official pinned binary on actual platform	2026-10-08T11:39:07.7271656Z     },
native (ubuntu-24.04-arm, linux-arm64)	Execute official pinned binary on actual platform	2026-10-08T11:39:07.7272007Z     "rotate_save_reopen_render": {
native (ubuntu-24.04-arm, linux-arm64)	Execute official pinned binary on actual platform	2026-10-08T11:39:07.7272335Z       "status": "PASS",
native (ubuntu-24.04-arm, linux-arm64)	Execute official pinned binary on actual platform	2026-10-08T11:39:07.7272695Z       "details": {
native (ubuntu-24.04-arm, linux-arm64)	Execute official pinned binary on actual platform	2026-10-08T11:39:07.7273169Z         "outputSha256": "babc8ed4228a75eba837e3844dcaa4e0056d9cca27ca13c6e99eed9656d1e91d",
native (ubuntu-24.04-arm, linux-arm64)	Execute official pinned binary on actual platform	2026-10-08T11:39:07.7273677Z         "info": {
native (ubuntu-24.04-arm, linux-arm64)	Execute official pinned binary on actual platform	2026-10-08T11:39:07.7274072Z           "annotations": 0,
native (ubuntu-24.04-arm, linux-arm64)	Execute official pinned binary on actual platform	2026-10-08T11:39:07.7274384Z           "attachments": 0,
native (ubuntu-24.04-arm, linux-arm64)	Execute official pinned binary on actual platform	2026-10-08T11:39:07.7275174Z           "author": null,
native (ubuntu-24.04-arm, linux-arm64)	Execute official pinned binary on actual platform	2026-10-08T11:39:07.7275557Z           "bookmarks": 0,
native (ubuntu-24.04-arm, linux-arm64)	Execute official pinned binary on actual platform	2026-10-08T11:39:07.7275885Z           "creator": null,
native (ubuntu-24.04-arm, linux-arm64)	Execute official pinned binary on actual platform	2026-10-08T11:39:07.7276287Z           "encrypted": false,
native (ubuntu-24.04-arm, linux-arm64)	Execute official pinned binary on actual platform	2026-10-08T11:39:07.7276595Z           "fields": 0,
native (ubuntu-24.04-arm, linux-arm64)	Execute official pinned binary on actual platform	2026-10-08T11:39:07.7277062Z           "file": "/home/runner/work/printcraft-skills/printcraft-skills/native-evidence/rotate.pdf",
native (ubuntu-24.04-arm, linux-arm64)	Execute official pinned binary on actual platform	2026-10-08T11:39:07.7277695Z           "file_size": 928,
native (ubuntu-24.04-arm, linux-arm64)	Execute official pinned binary on actual platform	2026-10-08T11:39:07.7278033Z           "first_page_pt": [
native (ubuntu-24.04-arm, linux-arm64)	Execute official pinned binary on actual platform	2026-10-08T11:39:07.7278404Z             792.0,
native (ubuntu-24.04-arm, linux-arm64)	Execute official pinned binary on actual platform	2026-10-08T11:39:07.7278941Z             612.0
native (ubuntu-24.04-arm, linux-arm64)	Execute official pinned binary on actual platform	2026-10-08T11:39:07.7279210Z           ],
native (ubuntu-24.04-arm, linux-arm64)	Execute official pinned binary on actual platform	2026-10-08T11:39:07.7279567Z           "javascript": false,
native (ubuntu-24.04-arm, linux-arm64)	Execute official pinned binary on actual platform	2026-10-08T11:39:07.7279913Z           "layers": 0,
native (ubuntu-24.04-arm, linux-arm64)	Execute official pinned binary on actual platform	2026-10-08T11:39:07.7280306Z           "links": 0,
native (ubuntu-24.04-arm, linux-arm64)	Execute official pinned binary on actual platform	2026-10-08T11:39:07.7280621Z           "page_labels": [
native (ubuntu-24.04-arm, linux-arm64)	Execute official pinned binary on actual platform	2026-10-08T11:39:07.7280918Z             "1",
native (ubuntu-24.04-arm, linux-arm64)	Execute official pinned binary on actual platform	2026-10-08T11:39:07.7281227Z             "2",
native (ubuntu-24.04-arm, linux-arm64)	Execute official pinned binary on actual platform	2026-10-08T11:39:07.7281503Z             "3"
native (ubuntu-24.04-arm, linux-arm64)	Execute official pinned binary on actual platform	2026-10-08T11:39:07.7281828Z           ],
native (ubuntu-24.04-arm, linux-arm64)	Execute official pinned binary on actual platform	2026-10-08T11:39:07.7282098Z           "pages": 3,
native (ubuntu-24.04-arm, linux-arm64)	Execute official pinned binary on actual platform	2026-10-08T11:39:07.7282379Z           "pdf_version": "1.5",
native (ubuntu-24.04-arm, linux-arm64)	Execute official pinned binary on actual platform	2026-10-08T11:39:07.7282735Z           "producer": null,
native (ubuntu-24.04-arm, linux-arm64)	Execute official pinned binary on actual platform	2026-10-08T11:39:07.7283036Z           "tagged": false,
native (ubuntu-24.04-arm, linux-arm64)	Execute official pinned binary on actual platform	2026-10-08T11:39:07.7283355Z           "title": null,
native (ubuntu-24.04-arm, linux-arm64)	Execute official pinned binary on actual platform	2026-10-08T11:39:07.7283719Z           "warnings": [],
native (ubuntu-24.04-arm, linux-arm64)	Execute official pinned binary on actual platform	2026-10-08T11:39:07.7284017Z           "xfa": null
native (ubuntu-24.04-arm, linux-arm64)	Execute official pinned binary on actual platform	2026-10-08T11:39:07.7284376Z         },
native (ubuntu-24.04-arm, linux-arm64)	Execute official pinned binary on actual platform	2026-10-08T11:39:07.7284622Z         "texts": [
native (ubuntu-24.04-arm, linux-arm64)	Execute official pinned binary on actual platform	2026-10-08T11:39:07.7284914Z           "PAGE-ALPHA",
native (ubuntu-24.04-arm, linux-arm64)	Execute official pinned binary on actual platform	2026-10-08T11:39:07.7285243Z           "PAGE-BETA",
native (ubuntu-24.04-arm, linux-arm64)	Execute official pinned binary on actual platform	2026-10-08T11:39:07.7285523Z           "PAGE-GAMMA"
native (ubuntu-24.04-arm, linux-arm64)	Execute official pinned binary on actual platform	2026-10-08T11:39:07.7285837Z         ]
native (ubuntu-24.04-arm, linux-arm64)	Execute official pinned binary on actual platform	2026-10-08T11:39:07.7286428Z       }
native (ubuntu-24.04-arm, linux-arm64)	Execute official pinned binary on actual platform	2026-10-08T11:39:07.7286692Z     },
native (ubuntu-24.04-arm, linux-arm64)	Execute official pinned binary on actual platform	2026-10-08T11:39:07.7287030Z     "crop_save_reopen_render": {
native (ubuntu-24.04-arm, linux-arm64)	Execute official pinned binary on actual platform	2026-10-08T11:39:07.7287369Z       "status": "PASS",
native (ubuntu-24.04-arm, linux-arm64)	Execute official pinned binary on actual platform	2026-10-08T11:39:07.7287655Z       "details": {
native (ubuntu-24.04-arm, linux-arm64)	Execute official pinned binary on actual platform	2026-10-08T11:39:07.7288185Z         "outputSha256": "2046df751a19f501c4d79c8ea0152f11c3d50bb61d484be3af412ecef8ef01bd",
native (ubuntu-24.04-arm, linux-arm64)	Execute official pinned binary on actual platform	2026-10-08T11:39:07.7288967Z         "info": {
native (ubuntu-24.04-arm, linux-arm64)	Execute official pinned binary on actual platform	2026-10-08T11:39:07.7289342Z           "annotations": 0,
native (ubuntu-24.04-arm, linux-arm64)	Execute official pinned binary on actual platform	2026-10-08T11:39:07.7289647Z           "attachments": 0,
native (ubuntu-24.04-arm, linux-arm64)	Execute official pinned binary on actual platform	2026-10-08T11:39:07.7289940Z           "author": null,
native (ubuntu-24.04-arm, linux-arm64)	Execute official pinned binary on actual platform	2026-10-08T11:39:07.7290304Z           "bookmarks": 0,
native (ubuntu-24.04-arm, linux-arm64)	Execute official pinned binary on actual platform	2026-10-08T11:39:07.7290632Z           "creator": null,
native (ubuntu-24.04-arm, linux-arm64)	Execute official pinned binary on actual platform	2026-10-08T11:39:07.7290999Z           "encrypted": false,
native (ubuntu-24.04-arm, linux-arm64)	Execute official pinned binary on actual platform	2026-10-08T11:39:07.7291604Z           "fields": 0,
native (ubuntu-24.04-arm, linux-arm64)	Execute official pinned binary on actual platform	2026-10-08T11:39:07.7292099Z           "file": "/home/runner/work/printcraft-skills/printcraft-skills/native-evidence/crop.pdf",
native (ubuntu-24.04-arm, linux-arm64)	Execute official pinned binary on actual platform	2026-10-08T11:39:07.7292801Z           "file_size": 935,
native (ubuntu-24.04-arm, linux-arm64)	Execute official pinned binary on actual platform	2026-10-08T11:39:07.7293141Z           "first_page_pt": [
native (ubuntu-24.04-arm, linux-arm64)	Execute official pinned binary on actual platform	2026-10-08T11:39:07.7293510Z             592.0,
native (ubuntu-24.04-arm, linux-arm64)	Execute official pinned binary on actual platform	2026-10-08T11:39:07.7293808Z             772.0
native (ubuntu-24.04-arm, linux-arm64)	Execute official pinned binary on actual platform	2026-10-08T11:39:07.7294093Z           ],
native (ubuntu-24.04-arm, linux-arm64)	Execute official pinned binary on actual platform	2026-10-08T11:39:07.7294444Z           "javascript": false,
native (ubuntu-24.04-arm, linux-arm64)	Execute official pinned binary on actual platform	2026-10-08T11:39:07.7294772Z           "layers": 0,
native (ubuntu-24.04-arm, linux-arm64)	Execute official pinned binary on actual platform	2026-10-08T11:39:07.7295046Z           "links": 0,
native (ubuntu-24.04-arm, linux-arm64)	Execute official pinned binary on actual platform	2026-10-08T11:39:07.7295421Z           "page_labels": [
native (ubuntu-24.04-arm, linux-arm64)	Execute official pinned binary on actual platform	2026-10-08T11:39:07.7295705Z             "1",
native (ubuntu-24.04-arm, linux-arm64)	Execute official pinned binary on actual platform	2026-10-08T11:39:07.7296033Z             "2",
native (ubuntu-24.04-arm, linux-arm64)	Execute official pinned binary on actual platform	2026-10-08T11:39:07.7296316Z             "3"
native (ubuntu-24.04-arm, linux-arm64)	Execute official pinned binary on actual platform	2026-10-08T11:39:07.7296570Z           ],
native (ubuntu-24.04-arm, linux-arm64)	Execute official pinned binary on actual platform	2026-10-08T11:39:07.7296892Z           "pages": 3,
native (ubuntu-24.04-arm, linux-arm64)	Execute official pinned binary on actual platform	2026-10-08T11:39:07.7297187Z           "pdf_version": "1.5",
native (ubuntu-24.04-arm, linux-arm64)	Execute official pinned binary on actual platform	2026-10-08T11:39:07.7297566Z           "producer": null,
native (ubuntu-24.04-arm, linux-arm64)	Execute official pinned binary on actual platform	2026-10-08T11:39:07.7297904Z           "tagged": false,
native (ubuntu-24.04-arm, linux-arm64)	Execute official pinned binary on actual platform	2026-10-08T11:39:07.7298223Z           "title": null,
native (ubuntu-24.04-arm, linux-arm64)	Execute official pinned binary on actual platform	2026-10-08T11:39:07.7298973Z           "warnings": [],
native (ubuntu-24.04-arm, linux-arm64)	Execute official pinned binary on actual platform	2026-10-08T11:39:07.7299337Z           "xfa": null
native (ubuntu-24.04-arm, linux-arm64)	Execute official pinned binary on actual platform	2026-10-08T11:39:07.7299681Z         },
native (ubuntu-24.04-arm, linux-arm64)	Execute official pinned binary on actual platform	2026-10-08T11:39:07.7299966Z         "texts": [
native (ubuntu-24.04-arm, linux-arm64)	Execute official pinned binary on actual platform	2026-10-08T11:39:07.7300263Z           "PAGE-ALPHA",
native (ubuntu-24.04-arm, linux-arm64)	Execute official pinned binary on actual platform	2026-10-08T11:39:07.7300601Z           "PAGE-BETA",
native (ubuntu-24.04-arm, linux-arm64)	Execute official pinned binary on actual platform	2026-10-08T11:39:07.7300901Z           "PAGE-GAMMA"
native (ubuntu-24.04-arm, linux-arm64)	Execute official pinned binary on actual platform	2026-10-08T11:39:07.7301173Z         ]
native (ubuntu-24.04-arm, linux-arm64)	Execute official pinned binary on actual platform	2026-10-08T11:39:07.7301505Z       }
native (ubuntu-24.04-arm, linux-arm64)	Execute official pinned binary on actual platform	2026-10-08T11:39:07.7301749Z     },
native (ubuntu-24.04-arm, linux-arm64)	Execute official pinned binary on actual platform	2026-10-08T11:39:07.7302092Z     "form_save_reopen": {
native (ubuntu-24.04-arm, linux-arm64)	Execute official pinned binary on actual platform	2026-10-08T11:39:07.7302423Z       "status": "PASS",
native (ubuntu-24.04-arm, linux-arm64)	Execute official pinned binary on actual platform	2026-10-08T11:39:07.7302698Z       "details": {
native (ubuntu-24.04-arm, linux-arm64)	Execute official pinned binary on actual platform	2026-10-08T11:39:07.7303052Z         "fields": {
native (ubuntu-24.04-arm, linux-arm64)	Execute official pinned binary on actual platform	2026-10-08T11:39:07.7303313Z           "count": 1,
native (ubuntu-24.04-arm, linux-arm64)	Execute official pinned binary on actual platform	2026-10-08T11:39:07.7303624Z           "fields": [
native (ubuntu-24.04-arm, linux-arm64)	Execute official pinned binary on actual platform	2026-10-08T11:39:07.7303906Z             {
native (ubuntu-24.04-arm, linux-arm64)	Execute official pinned binary on actual platform	2026-10-08T11:39:07.7304179Z               "multiline": false,
native (ubuntu-24.04-arm, linux-arm64)	Execute official pinned binary on actual platform	2026-10-08T11:39:07.7304585Z               "name": "sample",
native (ubuntu-24.04-arm, linux-arm64)	Execute official pinned binary on actual platform	2026-10-08T11:39:07.7304939Z               "page": 1,
native (ubuntu-24.04-arm, linux-arm64)	Execute official pinned binary on actual platform	2026-10-08T11:39:07.7305299Z               "read_only": false,
native (ubuntu-24.04-arm, linux-arm64)	Execute official pinned binary on actual platform	2026-10-08T11:39:07.7305616Z               "rect": [
native (ubuntu-24.04-arm, linux-arm64)	Execute official pinned binary on actual platform	2026-10-08T11:39:07.7305933Z                 72.0,
native (ubuntu-24.04-arm, linux-arm64)	Execute official pinned binary on actual platform	2026-10-08T11:39:07.7306250Z                 120.0,
native (ubuntu-24.04-arm, linux-arm64)	Execute official pinned binary on actual platform	2026-10-08T11:39:07.7306544Z                 200.0,
native (ubuntu-24.04-arm, linux-arm64)	Execute official pinned binary on actual platform	2026-10-08T11:39:07.7306812Z                 150.0
native (ubuntu-24.04-arm, linux-arm64)	Execute official pinned binary on actual platform	2026-10-08T11:39:07.7307149Z               ],
native (ubuntu-24.04-arm, linux-arm64)	Execute official pinned binary on actual platform	2026-10-08T11:39:07.7307429Z               "required": false,
native (ubuntu-24.04-arm, linux-arm64)	Execute official pinned binary on actual platform	2026-10-08T11:39:07.7307802Z               "type": "text",
native (ubuntu-24.04-arm, linux-arm64)	Execute official pinned binary on actual platform	2026-10-08T11:39:07.7308126Z               "value": "verified form"
native (ubuntu-24.04-arm, linux-arm64)	Execute official pinned binary on actual platform	2026-10-08T11:39:07.7308458Z             }
native (ubuntu-24.04-arm, linux-arm64)	Execute official pinned binary on actual platform	2026-10-08T11:39:07.7309060Z           ]
native (ubuntu-24.04-arm, linux-arm64)	Execute official pinned binary on actual platform	2026-10-08T11:39:07.7309355Z         },
native (ubuntu-24.04-arm, linux-arm64)	Execute official pinned binary on actual platform	2026-10-08T11:39:07.7309831Z         "outputSha256": "816898624e7fcd451c5e514e4a9b183231ea96b27d60f5afe2a584b58ed0e61c"
native (ubuntu-24.04-arm, linux-arm64)	Execute official pinned binary on actual platform	2026-10-08T11:39:07.7310323Z       }
native (ubuntu-24.04-arm, linux-arm64)	Execute official pinned binary on actual platform	2026-10-08T11:39:07.7310560Z     },
native (ubuntu-24.04-arm, linux-arm64)	Execute official pinned binary on actual platform	2026-10-08T11:39:07.7310879Z     "redact_text_objects_render": {
native (ubuntu-24.04-arm, linux-arm64)	Execute official pinned binary on actual platform	2026-10-08T11:39:07.7311207Z       "status": "PASS",
native (ubuntu-24.04-arm, linux-arm64)	Execute official pinned binary on actual platform	2026-10-08T11:39:07.7311555Z       "details": {
native (ubuntu-24.04-arm, linux-arm64)	Execute official pinned binary on actual platform	2026-10-08T11:39:07.7312063Z         "outputSha256": "8688b5b9a5393817bb685f18a4ab0d4b2874c78579cab788c13f35c77fadc378",
native (ubuntu-24.04-arm, linux-arm64)	Execute official pinned binary on actual platform	2026-10-08T11:39:07.7312615Z         "textAndObjectBytesAbsent": true,
native (ubuntu-24.04-arm, linux-arm64)	Execute official pinned binary on actual platform	2026-10-08T11:39:07.7313343Z         "visualReview": "NOT_RUN"
native (ubuntu-24.04-arm, linux-arm64)	Execute official pinned binary on actual platform	2026-10-08T11:39:07.7313711Z       }
native (ubuntu-24.04-arm, linux-arm64)	Execute official pinned binary on actual platform	2026-10-08T11:39:07.7313953Z     }
native (ubuntu-24.04-arm, linux-arm64)	Execute official pinned binary on actual platform	2026-10-08T11:39:07.7314263Z   },
native (ubuntu-24.04-arm, linux-arm64)	Execute official pinned binary on actual platform	2026-10-08T11:39:07.7314588Z   "scope": "DIRECT_NATIVE_ONLY_SKILL_INSTALLER_NOT_TESTED",
native (ubuntu-24.04-arm, linux-arm64)	Execute official pinned binary on actual platform	2026-10-08T11:39:07.7315099Z   "chineseRecognition": "NOT_SUPPORTED_BY_PINNED_NATIVE",
native (ubuntu-24.04-arm, linux-arm64)	Execute official pinned binary on actual platform	2026-10-08T11:39:07.7315684Z   "visualReview": "NOT_RUN",
native (ubuntu-24.04-arm, linux-arm64)	Execute official pinned binary on actual platform	2026-10-08T11:39:07.7316055Z   "status": "PASS_SCOPED_NATIVE",
native (ubuntu-24.04-arm, linux-arm64)	Execute official pinned binary on actual platform	2026-10-08T11:39:07.7316649Z   "runtimeArchiveSha256": "c7ae5dac00b3c11bea4e7cc502878a1b6ab520362d09885293e48417452e5dc0",
native (ubuntu-24.04-arm, linux-arm64)	Execute official pinned binary on actual platform	2026-10-08T11:39:07.7317381Z   "runtimeBinarySha256": "8123365733dbfd70e982eaad2bec6e12b87a203ee9ffa9acf7bc8ceba6a0ad36",
native (ubuntu-24.04-arm, linux-arm64)	Execute official pinned binary on actual platform	2026-10-08T11:39:07.7318544Z   "versionOutput": "printcraft-cli 0.2.1\nDiscord: https://discord.gg/artcraft  (help and feedback)\nWeb:     https://getartcraft.com/apps/printcraft\nSource:  https://github.com/storytold/printcraft\n",
native (ubuntu-24.04-arm, linux-arm64)	Execute official pinned binary on actual platform	2026-10-08T11:39:07.7320224Z   "catalogSha256": "8ddb81c0382bacbdebf8ffdf242ec795135abc0a7723eebbe3b14123de64bea1",
native (ubuntu-24.04-arm, linux-arm64)	Execute official pinned binary on actual platform	2026-10-08T11:39:07.7320763Z   "catalogToolCount": 123,
native (ubuntu-24.04-arm, linux-arm64)	Execute official pinned binary on actual platform	2026-10-08T11:39:07.7321331Z   "inputSha256": "9d035b63e05cfeb06b0985db1582f14185f99931a51eda69718764e91fdc0a0a",
native (ubuntu-24.04-arm, linux-arm64)	Execute official pinned binary on actual platform	2026-10-08T11:39:07.7321807Z   "ocrStatus": {
native (ubuntu-24.04-arm, linux-arm64)	Execute official pinned binary on actual platform	2026-10-08T11:39:07.7322124Z     "available": false,
native (ubuntu-24.04-arm, linux-arm64)	Execute official pinned binary on actual platform	2026-10-08T11:39:07.7322462Z     "languages": [
native (ubuntu-24.04-arm, linux-arm64)	Execute official pinned binary on actual platform	2026-10-08T11:39:07.7322737Z       {
native (ubuntu-24.04-arm, linux-arm64)	Execute official pinned binary on actual platform	2026-10-08T11:39:07.7323050Z         "code": "en",
native (ubuntu-24.04-arm, linux-arm64)	Execute official pinned binary on actual platform	2026-10-08T11:39:07.7323372Z         "name": "English"
native (ubuntu-24.04-arm, linux-arm64)	Execute official pinned binary on actual platform	2026-10-08T11:39:07.7323702Z       }
native (ubuntu-24.04-arm, linux-arm64)	Execute official pinned binary on actual platform	2026-10-08T11:39:07.7323980Z     ],
native (ubuntu-24.04-arm, linux-arm64)	Execute official pinned binary on actual platform	2026-10-08T11:39:07.7324230Z     "search_dirs": [
native (ubuntu-24.04-arm, linux-arm64)	Execute official pinned binary on actual platform	2026-10-08T11:39:07.7324710Z       "/home/runner/work/printcraft-skills/printcraft-skills/native-evidence/models",
native (ubuntu-24.04-arm, linux-arm64)	Execute official pinned binary on actual platform	2026-10-08T11:39:07.7325387Z       "/home/runner/work/printcraft-skills/printcraft-skills/native-evidence/../Resources/models",
native (ubuntu-24.04-arm, linux-arm64)	Execute official pinned binary on actual platform	2026-10-08T11:39:07.7326060Z       "/home/runner/work/printcraft/printcraft/crates/ocr/../../assets/models"
native (ubuntu-24.04-arm, linux-arm64)	Execute official pinned binary on actual platform	2026-10-08T11:39:07.7326587Z     ]
native (ubuntu-24.04-arm, linux-arm64)	Execute official pinned binary on actual platform	2026-10-08T11:39:07.7326853Z   },
native (ubuntu-24.04-arm, linux-arm64)	Execute official pinned binary on actual platform	2026-10-08T11:39:07.7327190Z   "sourceUnchanged": true,
native (ubuntu-24.04-arm, linux-arm64)	Execute official pinned binary on actual platform	2026-10-08T11:39:07.7327489Z   "artifacts": {
native (ubuntu-24.04-arm, linux-arm64)	Execute official pinned binary on actual platform	2026-10-08T11:39:07.7327912Z     "001-call.json": "5bea3fedd7eeae64a3b72ad99bdfe8f8e3175bf270715ef247a4f00265debfc3",
native (ubuntu-24.04-arm, linux-arm64)	Execute official pinned binary on actual platform	2026-10-08T11:39:07.7328865Z     "001-stderr.log": "e3b0c44298fc1c149afbf4c8996fb92427ae41e4649b934ca495991b7852b855",
native (ubuntu-24.04-arm, linux-arm64)	Execute official pinned binary on actual platform	2026-10-08T11:39:07.7329521Z     "001-stdout.log": "260187c52b001191acc62e300b68203b492022e0c2b78b74db7f63ed6cf0eb9b",
native (ubuntu-24.04-arm, linux-arm64)	Execute official pinned binary on actual platform	2026-10-08T11:39:07.7330226Z     "002-call.json": "e44a6d5b24dfbbf9a357a5722714b0608e6d0902ed29e7080757cd1e45e8cc3b",
native (ubuntu-24.04-arm, linux-arm64)	Execute official pinned binary on actual platform	2026-10-08T11:39:07.7330893Z     "002-stderr.log": "e3b0c44298fc1c149afbf4c8996fb92427ae41e4649b934ca495991b7852b855",
native (ubuntu-24.04-arm, linux-arm64)	Execute official pinned binary on actual platform	2026-10-08T11:39:07.7331592Z     "002-stdout.log": "8ddb81c0382bacbdebf8ffdf242ec795135abc0a7723eebbe3b14123de64bea1",
native (ubuntu-24.04-arm, linux-arm64)	Execute official pinned binary on actual platform	2026-10-08T11:39:07.7332350Z     "003-call.json": "f22a8b916e1cf4a0cb7a4ed91003eb6ca5f7fe95081f15f28287b92a73f3117b",
native (ubuntu-24.04-arm, linux-arm64)	Execute official pinned binary on actual platform	2026-10-08T11:39:07.7333011Z     "003-stderr.log": "e3b0c44298fc1c149afbf4c8996fb92427ae41e4649b934ca495991b7852b855",
native (ubuntu-24.04-arm, linux-arm64)	Execute official pinned binary on actual platform	2026-10-08T11:39:07.7333701Z     "003-stdout.log": "f5287fdc5206e17ff53a6d12d1ed97c3701e0f59c3310bec4b81347c35bbd7ea",
native (ubuntu-24.04-arm, linux-arm64)	Execute official pinned binary on actual platform	2026-10-08T11:39:07.7334335Z     "004-call.json": "d88cf207091fa7b6e12402e3cf427f426c41101109e4c5ad1b5ea45596856eca",
native (ubuntu-24.04-arm, linux-arm64)	Execute official pinned binary on actual platform	2026-10-08T11:39:07.7334988Z     "004-stderr.log": "e3b0c44298fc1c149afbf4c8996fb92427ae41e4649b934ca495991b7852b855",
native (ubuntu-24.04-arm, linux-arm64)	Execute official pinned binary on actual platform	2026-10-08T11:39:07.7335686Z     "004-stdout.log": "754617c5b95fa8dbeb15a2458b148527ab0b206bbb6c84c262321f56012889be",
native (ubuntu-24.04-arm, linux-arm64)	Execute official pinned binary on actual platform	2026-10-08T11:39:07.7336350Z     "005-call.json": "3c9453a60dfa96869fd67ae1e840352424e43e6e660914ad0c7d7b2469c6566c",
native (ubuntu-24.04-arm, linux-arm64)	Execute official pinned binary on actual platform	2026-10-08T11:39:07.7337017Z     "005-stderr.log": "e3b0c44298fc1c149afbf4c8996fb92427ae41e4649b934ca495991b7852b855",
native (ubuntu-24.04-arm, linux-arm64)	Execute official pinned binary on actual platform	2026-10-08T11:39:07.7337685Z     "005-stdout.log": "05a0254bf621f2c5607ace0e81c83d283b2c27685a1169e3ee97d808b0b72886",
native (ubuntu-24.04-arm, linux-arm64)	Execute official pinned binary on actual platform	2026-10-08T11:39:07.7338325Z     "006-call.json": "4182017ae48128fed543d99250b5c68c82d8f56126f933aaef2839ff2ead7228",
native (ubuntu-24.04-arm, linux-arm64)	Execute official pinned binary on actual platform	2026-10-08T11:39:07.7339377Z     "006-stderr.log": "e3b0c44298fc1c149afbf4c8996fb92427ae41e4649b934ca495991b7852b855",
native (ubuntu-24.04-arm, linux-arm64)	Execute official pinned binary on actual platform	2026-10-08T11:39:07.7340339Z     "006-stdout.log": "1a04a191ace245e98cc7421a421c6dc44d0237a6d3e2d591272e8eb36e84dd0b",
native (ubuntu-24.04-arm, linux-arm64)	Execute official pinned binary on actual platform	2026-10-08T11:39:07.7341094Z     "007-call.json": "7c7a9629f2a16cf7becc69425b680f8cc34374884f937f1f40b2499f47c0c679",
native (ubuntu-24.04-arm, linux-arm64)	Execute official pinned binary on actual platform	2026-10-08T11:39:07.7341770Z     "007-stderr.log": "e3b0c44298fc1c149afbf4c8996fb92427ae41e4649b934ca495991b7852b855",
native (ubuntu-24.04-arm, linux-arm64)	Execute official pinned binary on actual platform	2026-10-08T11:39:07.7342425Z     "007-stdout.log": "86696a16aacf0f57f3bb129451d6fc4beeb518901609ed93dab29339eec83057",
native (ubuntu-24.04-arm, linux-arm64)	Execute official pinned binary on actual platform	2026-10-08T11:39:07.7343105Z     "008-call.json": "803f2ba8a3251ddd1acbc07ff785c132deb9e34fff383075511fe6f8896dfa06",
native (ubuntu-24.04-arm, linux-arm64)	Execute official pinned binary on actual platform	2026-10-08T11:39:07.7343736Z     "008-stderr.log": "663ad9fe33812d072154f0800b9639bc0b896f44bfaa41d4733c452a5b0a5014",
native (ubuntu-24.04-arm, linux-arm64)	Execute official pinned binary on actual platform	2026-10-08T11:39:07.7344607Z     "008-stdout.log": "e3b0c44298fc1c149afbf4c8996fb92427ae41e4649b934ca495991b7852b855",
native (ubuntu-24.04-arm, linux-arm64)	Execute official pinned binary on actual platform	2026-10-08T11:39:07.7345399Z     "009-call.json": "c0f642ea5ba900b29cd0c7438cc26f0b88ba31006c4e50962023cf0377a7d352",
native (ubuntu-24.04-arm, linux-arm64)	Execute official pinned binary on actual platform	2026-10-08T11:39:07.7346088Z     "009-stderr.log": "e3b0c44298fc1c149afbf4c8996fb92427ae41e4649b934ca495991b7852b855",
native (ubuntu-24.04-arm, linux-arm64)	Execute official pinned binary on actual platform	2026-10-08T11:39:07.7346793Z     "009-stdout.log": "1a064b4dee540b40f9f5515a40cf9b1550f343e632f6a4c2795317efb1cac92e",
native (ubuntu-24.04-arm, linux-arm64)	Execute official pinned binary on actual platform	2026-10-08T11:39:07.7347425Z     "010-call.json": "d6673701c7258128e0426b8f8655f37f9aff353117fc43581fbb1fb2fe91c2ef",
native (ubuntu-24.04-arm, linux-arm64)	Execute official pinned binary on actual platform	2026-10-08T11:39:07.7348184Z     "010-stderr.log": "e3b0c44298fc1c149afbf4c8996fb92427ae41e4649b934ca495991b7852b855",
native (ubuntu-24.04-arm, linux-arm64)	Execute official pinned binary on actual platform	2026-10-08T11:39:07.7349248Z     "010-stdout.log": "9916d52274b77b58ca8627b163e8d4e48d84ffc95f635a898d7e958a2b1f1562",
native (ubuntu-24.04-arm, linux-arm64)	Execute official pinned binary on actual platform	2026-10-08T11:39:07.7349909Z     "011-call.json": "fa905cea4d8dc34679d46e65fdcbaa9d61cbd948ddea5ac317365548b3f4c545",
native (ubuntu-24.04-arm, linux-arm64)	Execute official pinned binary on actual platform	2026-10-08T11:39:07.7350616Z     "011-stderr.log": "e3b0c44298fc1c149afbf4c8996fb92427ae41e4649b934ca495991b7852b855",
native (ubuntu-24.04-arm, linux-arm64)	Execute official pinned binary on actual platform	2026-10-08T11:39:07.7351313Z     "011-stdout.log": "1a04a191ace245e98cc7421a421c6dc44d0237a6d3e2d591272e8eb36e84dd0b",
native (ubuntu-24.04-arm, linux-arm64)	Execute official pinned binary on actual platform	2026-10-08T11:39:07.7351932Z     "012-call.json": "6ac105b0b564af533b69e908a9c3140c01814c2892ba2d2e238796e5cf5c5300",
native (ubuntu-24.04-arm, linux-arm64)	Execute official pinned binary on actual platform	2026-10-08T11:39:07.7352663Z     "012-stderr.log": "e3b0c44298fc1c149afbf4c8996fb92427ae41e4649b934ca495991b7852b855",
native (ubuntu-24.04-arm, linux-arm64)	Execute official pinned binary on actual platform	2026-10-08T11:39:07.7353303Z     "012-stdout.log": "86696a16aacf0f57f3bb129451d6fc4beeb518901609ed93dab29339eec83057",
native (ubuntu-24.04-arm, linux-arm64)	Execute official pinned binary on actual platform	2026-10-08T11:39:07.7353988Z     "013-call.json": "ef1b0cc8d1831b7f256a5b5de1c5aa5b4fc86255cc7c960aab8f4cc72aafd5af",
native (ubuntu-24.04-arm, linux-arm64)	Execute official pinned binary on actual platform	2026-10-08T11:39:07.7354631Z     "013-stderr.log": "e3b0c44298fc1c149afbf4c8996fb92427ae41e4649b934ca495991b7852b855",
native (ubuntu-24.04-arm, linux-arm64)	Execute official pinned binary on actual platform	2026-10-08T11:39:07.7355270Z     "013-stdout.log": "05a0254bf621f2c5607ace0e81c83d283b2c27685a1169e3ee97d808b0b72886",
native (ubuntu-24.04-arm, linux-arm64)	Execute official pinned binary on actual platform	2026-10-08T11:39:07.7355995Z     "014-call.json": "6d417b7c528880786d72598ede19cee6c44dc6a9da02fe02189a023c7ee780ef",
native (ubuntu-24.04-arm, linux-arm64)	Execute official pinned binary on actual platform	2026-10-08T11:39:07.7356647Z     "014-stderr.log": "d7427b7c4bbfd5399e05a7ae3caf4d4d6767c96c7c2e0036e62b45551a14d229",
native (ubuntu-24.04-arm, linux-arm64)	Execute official pinned binary on actual platform	2026-10-08T11:39:07.7357323Z     "014-stdout.log": "e3b0c44298fc1c149afbf4c8996fb92427ae41e4649b934ca495991b7852b855",
native (ubuntu-24.04-arm, linux-arm64)	Execute official pinned binary on actual platform	2026-10-08T11:39:07.7357970Z     "015-call.json": "328113ca7e9514866f612080bb2d56edc161b7916b408de7717b4bbc1ab79dcb",
native (ubuntu-24.04-arm, linux-arm64)	Execute official pinned binary on actual platform	2026-10-08T11:39:07.7358816Z     "015-stderr.log": "e3b0c44298fc1c149afbf4c8996fb92427ae41e4649b934ca495991b7852b855",
native (ubuntu-24.04-arm, linux-arm64)	Execute official pinned binary on actual platform	2026-10-08T11:39:07.7359634Z     "015-stdout.log": "9f354d543f662a66ae475b3e0e8c513a1415b1a2304b9658945aa7ed9f46a3d7",
native (ubuntu-24.04-arm, linux-arm64)	Execute official pinned binary on actual platform	2026-10-08T11:39:07.7360318Z     "016-call.json": "b8ac41f68951cc4173dc13500ce26ae2a460c3b00bc735617bc54f5a86587b7e",
native (ubuntu-24.04-arm, linux-arm64)	Execute official pinned binary on actual platform	2026-10-08T11:39:07.7361010Z     "016-stderr.log": "e3b0c44298fc1c149afbf4c8996fb92427ae41e4649b934ca495991b7852b855",
native (ubuntu-24.04-arm, linux-arm64)	Execute official pinned binary on actual platform	2026-10-08T11:39:07.7361670Z     "016-stdout.log": "e316cb487510166bae8a302df6f3375925e15ece4ad62fcb95612ead2f157ca5",
native (ubuntu-24.04-arm, linux-arm64)	Execute official pinned binary on actual platform	2026-10-08T11:39:07.7362306Z     "017-call.json": "477e9b17ab21ae105a0fad4e5271dd91b5ff0331253fec4831dc8ce168268a17",
native (ubuntu-24.04-arm, linux-arm64)	Execute official pinned binary on actual platform	2026-10-08T11:39:07.7363061Z     "017-stderr.log": "e3b0c44298fc1c149afbf4c8996fb92427ae41e4649b934ca495991b7852b855",
native (ubuntu-24.04-arm, linux-arm64)	Execute official pinned binary on actual platform	2026-10-08T11:39:07.7363700Z     "017-stdout.log": "1a04a191ace245e98cc7421a421c6dc44d0237a6d3e2d591272e8eb36e84dd0b",
native (ubuntu-24.04-arm, linux-arm64)	Execute official pinned binary on actual platform	2026-10-08T11:39:07.7364609Z     "018-call.json": "6d7edfcf7c4a303369b7bf91f35ee55787b0de87a1e237ff304cb80b30266e8b",
native (ubuntu-24.04-arm, linux-arm64)	Execute official pinned binary on actual platform	2026-10-08T11:39:07.7365372Z     "018-stderr.log": "e3b0c44298fc1c149afbf4c8996fb92427ae41e4649b934ca495991b7852b855",
native (ubuntu-24.04-arm, linux-arm64)	Execute official pinned binary on actual platform	2026-10-08T11:39:07.7366050Z     "018-stdout.log": "86696a16aacf0f57f3bb129451d6fc4beeb518901609ed93dab29339eec83057",
native (ubuntu-24.04-arm, linux-arm64)	Execute official pinned binary on actual platform	2026-10-08T11:39:07.7366735Z     "019-call.json": "b5e2681fe9ad181e915fb96b11dd93c498eb41776312f6147121e4d87a92557e",
native (ubuntu-24.04-arm, linux-arm64)	Execute official pinned binary on actual platform	2026-10-08T11:39:07.7367364Z     "019-stderr.log": "e3b0c44298fc1c149afbf4c8996fb92427ae41e4649b934ca495991b7852b855",
native (ubuntu-24.04-arm, linux-arm64)	Execute official pinned binary on actual platform	2026-10-08T11:39:07.7367988Z     "019-stdout.log": "05a0254bf621f2c5607ace0e81c83d283b2c27685a1169e3ee97d808b0b72886",
native (ubuntu-24.04-arm, linux-arm64)	Execute official pinned binary on actual platform	2026-10-08T11:39:07.7369337Z     "020-call.json": "0cb1ec35f7ec9cfbbdc80e6647bcff0f794a17f75353109c34e224dd3a7f2d41",
native (ubuntu-24.04-arm, linux-arm64)	Execute official pinned binary on actual platform	2026-10-08T11:39:07.7370384Z     "020-stderr.log": "f3e7094f1e88f237c4824b8abc70883bc1fff948814c03f29059da1735c74873",
native (ubuntu-24.04-arm, linux-arm64)	Execute official pinned binary on actual platform	2026-10-08T11:39:07.7371135Z     "020-stdout.log": "e3b0c44298fc1c149afbf4c8996fb92427ae41e4649b934ca495991b7852b855",
native (ubuntu-24.04-arm, linux-arm64)	Execute official pinned binary on actual platform	2026-10-08T11:39:07.7371810Z     "021-call.json": "9d213b21ed05f04a22e594d68e77595cb25f67b44210762f42de1d7038236123",
native (ubuntu-24.04-arm, linux-arm64)	Execute official pinned binary on actual platform	2026-10-08T11:39:07.7372563Z     "021-stderr.log": "e3b0c44298fc1c149afbf4c8996fb92427ae41e4649b934ca495991b7852b855",
native (ubuntu-24.04-arm, linux-arm64)	Execute official pinned binary on actual platform	2026-10-08T11:39:07.7373234Z     "021-stdout.log": "88ae02944a0265579702d62dec4f42892189eb57eb95b1f6c7809becb664fd05",
native (ubuntu-24.04-arm, linux-arm64)	Execute official pinned binary on actual platform	2026-10-08T11:39:07.7373975Z     "022-call.json": "35db8c12908a90c3b4f6eca3d5317e5f3040872b765a64c46b60b45a71f328ce",
native (ubuntu-24.04-arm, linux-arm64)	Execute official pinned binary on actual platform	2026-10-08T11:39:07.7374619Z     "022-stderr.log": "e3b0c44298fc1c149afbf4c8996fb92427ae41e4649b934ca495991b7852b855",
native (ubuntu-24.04-arm, linux-arm64)	Execute official pinned binary on actual platform	2026-10-08T11:39:07.7375348Z     "022-stdout.log": "ef228c26029d28df1e14fd6db9fa637eaf45858f926f269a390a029725be1ea8",
native (ubuntu-24.04-arm, linux-arm64)	Execute official pinned binary on actual platform	2026-10-08T11:39:07.7376018Z     "023-call.json": "f01161ff4c3274080e6f608f87246170a428936ee66b6947a8853d91176212e1",
native (ubuntu-24.04-arm, linux-arm64)	Execute official pinned binary on actual platform	2026-10-08T11:39:07.7376641Z     "023-stderr.log": "e3b0c44298fc1c149afbf4c8996fb92427ae41e4649b934ca495991b7852b855",
native (ubuntu-24.04-arm, linux-arm64)	Execute official pinned binary on actual platform	2026-10-08T11:39:07.7377376Z     "023-stdout.log": "7d5ddacda7ca8a0eaa9c0518aa8b55830ece0bc70bfed8015d06491e2b06df3e",
native (ubuntu-24.04-arm, linux-arm64)	Execute official pinned binary on actual platform	2026-10-08T11:39:07.7378015Z     "024-call.json": "6257c17c69d79b9c50d38b78191e2a194778687030559ba8425c0aa3f05bdde0",
native (ubuntu-24.04-arm, linux-arm64)	Execute official pinned binary on actual platform	2026-10-08T11:39:07.7378841Z     "024-stderr.log": "e3b0c44298fc1c149afbf4c8996fb92427ae41e4649b934ca495991b7852b855",
native (ubuntu-24.04-arm, linux-arm64)	Execute official pinned binary on actual platform	2026-10-08T11:39:07.7379599Z     "024-stdout.log": "33343d8e3983017124cdc4cddc1e91d1f4a53f393adaa8d0155ed1f27ce1186e",
native (ubuntu-24.04-arm, linux-arm64)	Execute official pinned binary on actual platform	2026-10-08T11:39:07.7380247Z     "025-call.json": "557e95d0a23e850a2733f4d44102b07887709267a031f7ef5890edb322cfa83c",
native (ubuntu-24.04-arm, linux-arm64)	Execute official pinned binary on actual platform	2026-10-08T11:39:07.7380949Z     "025-stderr.log": "663ad9fe33812d072154f0800b9639bc0b896f44bfaa41d4733c452a5b0a5014",
native (ubuntu-24.04-arm, linux-arm64)	Execute official pinned binary on actual platform	2026-10-08T11:39:07.7381616Z     "025-stdout.log": "e3b0c44298fc1c149afbf4c8996fb92427ae41e4649b934ca495991b7852b855",
native (ubuntu-24.04-arm, linux-arm64)	Execute official pinned binary on actual platform	2026-10-08T11:39:07.7382274Z     "026-call.json": "ca1aea0f476a00cde22d73057515c94e205a1c82fad6899bb083ecb547e331cd",
native (ubuntu-24.04-arm, linux-arm64)	Execute official pinned binary on actual platform	2026-10-08T11:39:07.7382988Z     "026-stderr.log": "e3b0c44298fc1c149afbf4c8996fb92427ae41e4649b934ca495991b7852b855",
native (ubuntu-24.04-arm, linux-arm64)	Execute official pinned binary on actual platform	2026-10-08T11:39:07.7383661Z     "026-stdout.log": "c429e56e96dbd6ee1b7bd0abaca0b489d226b3aeccf14394017524ce74241082",
native (ubuntu-24.04-arm, linux-arm64)	Execute official pinned binary on actual platform	2026-10-08T11:39:07.7384392Z     "crop.json": "767007e3b2dc0d95c41c3c17ee05670392c0d191a1ed7a8eaceddf54f4ff0762",
native (ubuntu-24.04-arm, linux-arm64)	Execute official pinned binary on actual platform	2026-10-08T11:39:07.7385004Z     "crop.pam": "800e5debd6af3433e00f8d0661b056aba194e6399b6f6115cbf4c76a1e3d5a33",
native (ubuntu-24.04-arm, linux-arm64)	Execute official pinned binary on actual platform	2026-10-08T11:39:07.7385592Z     "crop.pdf": "2046df751a19f501c4d79c8ea0152f11c3d50bb61d484be3af412ecef8ef01bd",
native (ubuntu-24.04-arm, linux-arm64)	Execute official pinned binary on actual platform	2026-10-08T11:39:07.7386275Z     "form-reopen.json": "cb2e864ed2588f761a0f8c40fd7330416e0a78b3e3d1b0a0d8b2af9816893e41",
native (ubuntu-24.04-arm, linux-arm64)	Execute official pinned binary on actual platform	2026-10-08T11:39:07.7386899Z     "form.json": "240f354e3312db6589c3c5062569fe15143c1af038c44fbd0192eaf713772308",
native (ubuntu-24.04-arm, linux-arm64)	Execute official pinned binary on actual platform	2026-10-08T11:39:07.7387565Z     "form.pdf": "816898624e7fcd451c5e514e4a9b183231ea96b27d60f5afe2a584b58ed0e61c",
native (ubuntu-24.04-arm, linux-arm64)	Execute official pinned binary on actual platform	2026-10-08T11:39:07.7388255Z     "ocr-status.json": "c1f6c98640836a6117fb41b8ad1492fadd5e3678fc977b2d526e059d51eda106",
native (ubuntu-24.04-arm, linux-arm64)	Execute official pinned binary on actual platform	2026-10-08T11:39:07.7389091Z     "redact.json": "7ac59572872adbef02973e52b52b299f8531df963bc980ba66e75f2d68bb4ff9",
native (ubuntu-24.04-arm, linux-arm64)	Execute official pinned binary on actual platform	2026-10-08T11:39:07.7390148Z     "redacted.pam": "91986fe8ceef5be0c48e7fd3613c9d3d8985018c621e5932e99d71191a20c7c9",
native (ubuntu-24.04-arm, linux-arm64)	Execute official pinned binary on actual platform	2026-10-08T11:39:07.7390853Z     "redacted.pdf": "8688b5b9a5393817bb685f18a4ab0d4b2874c78579cab788c13f35c77fadc378",
native (ubuntu-24.04-arm, linux-arm64)	Execute official pinned binary on actual platform	2026-10-08T11:39:07.7391536Z     "reorder.json": "b685a129250f75f973326da78277130c7417b52c39e6f249809bdfc6724342a8",
native (ubuntu-24.04-arm, linux-arm64)	Execute official pinned binary on actual platform	2026-10-08T11:39:07.7392175Z     "reorder.pam": "6db18d931d460ff50a4536ca589428ff9e7aadeb2f534bde9f96ae5521ea8f21",
native (ubuntu-24.04-arm, linux-arm64)	Execute official pinned binary on actual platform	2026-10-08T11:39:07.7392815Z     "reorder.pdf": "527f260ee0d7e452f1f577265b93197bd48f71f09b381dab61eaeb6f0de1c673",
native (ubuntu-24.04-arm, linux-arm64)	Execute official pinned binary on actual platform	2026-10-08T11:39:07.7393495Z     "rotate.json": "e5777834e3f716133c7278d8812767e66eb7ebabd780b55f6fd61c0cbbac81f3",
native (ubuntu-24.04-arm, linux-arm64)	Execute official pinned binary on actual platform	2026-10-08T11:39:07.7394413Z     "rotate.pam": "6c8181dcc97ff857c58fb82b0409fbc8841793cb9fb0b348df5919555968d91e",
native (ubuntu-24.04-arm, linux-arm64)	Execute official pinned binary on actual platform	2026-10-08T11:39:07.7395089Z     "rotate.pdf": "babc8ed4228a75eba837e3844dcaa4e0056d9cca27ca13c6e99eed9656d1e91d",
native (ubuntu-24.04-arm, linux-arm64)	Execute official pinned binary on actual platform	2026-10-08T11:39:07.7395721Z     "source.pdf": "9d035b63e05cfeb06b0985db1582f14185f99931a51eda69718764e91fdc0a0a",
native (ubuntu-24.04-arm, linux-arm64)	Execute official pinned binary on actual platform	2026-10-08T11:39:07.7396364Z     "tools.json": "8ddb81c0382bacbdebf8ffdf242ec795135abc0a7723eebbe3b14123de64bea1"
native (ubuntu-24.04-arm, linux-arm64)	Execute official pinned binary on actual platform	2026-10-08T11:39:07.7396914Z   },
native (ubuntu-24.04-arm, linux-arm64)	Execute official pinned binary on actual platform	2026-10-08T11:39:07.7397224Z   "finishedAt": "2026-10-08T11:39:07.722672+00:00"
native (ubuntu-24.04-arm, linux-arm64)	Execute official pinned binary on actual platform	2026-10-08T11:39:07.7397563Z }
native (ubuntu-24.04-arm, linux-arm64)	Preserve native observations even on failure	﻿2026-10-08T11:39:07.7501231Z ##[group]Run actions/upload-artifact@v4
native (ubuntu-24.04-arm, linux-arm64)	Preserve native observations even on failure	2026-10-08T11:39:07.7501726Z with:
native (ubuntu-24.04-arm, linux-arm64)	Preserve native observations even on failure	2026-10-08T11:39:07.7502020Z   name: native-linux-arm64-37771440411
native (ubuntu-24.04-arm, linux-arm64)	Preserve native observations even on failure	2026-10-08T11:39:07.7502714Z   path: native-evidence/*.json
native (ubuntu-24.04-arm, linux-arm64)	Preserve native observations even on failure	native-evidence/*.log
native (ubuntu-24.04-arm, linux-arm64)	Preserve native observations even on failure	native-evidence/*.pdf
native (ubuntu-24.04-arm, linux-arm64)	Preserve native observations even on failure	native-evidence/*.pam
native (ubuntu-24.04-arm, linux-arm64)	Preserve native observations even on failure	
native (ubuntu-24.04-arm, linux-arm64)	Preserve native observations even on failure	2026-10-08T11:39:07.7503270Z   if-no-files-found: error
native (ubuntu-24.04-arm, linux-arm64)	Preserve native observations even on failure	2026-10-08T11:39:07.7503646Z   compression-level: 6
native (ubuntu-24.04-arm, linux-arm64)	Preserve native observations even on failure	2026-10-08T11:39:07.7503933Z   overwrite: false
native (ubuntu-24.04-arm, linux-arm64)	Preserve native observations even on failure	2026-10-08T11:39:07.7504222Z   include-hidden-files: false
native (ubuntu-24.04-arm, linux-arm64)	Preserve native observations even on failure	2026-10-08T11:39:07.7504610Z env:
native (ubuntu-24.04-arm, linux-arm64)	Preserve native observations even on failure	2026-10-08T11:39:07.7504945Z   pythonLocation: /opt/hostedtoolcache/Python/3.13.15/arm64
native (ubuntu-24.04-arm, linux-arm64)	Preserve native observations even on failure	2026-10-08T11:39:07.7505481Z   PKG_CONFIG_PATH: /opt/hostedtoolcache/Python/3.13.15/arm64/lib/pkgconfig
native (ubuntu-24.04-arm, linux-arm64)	Preserve native observations even on failure	2026-10-08T11:39:07.7506036Z   Python_ROOT_DIR: /opt/hostedtoolcache/Python/3.13.15/arm64
native (ubuntu-24.04-arm, linux-arm64)	Preserve native observations even on failure	2026-10-08T11:39:07.7506488Z   Python2_ROOT_DIR: /opt/hostedtoolcache/Python/3.13.15/arm64
native (ubuntu-24.04-arm, linux-arm64)	Preserve native observations even on failure	2026-10-08T11:39:07.7507003Z   Python3_ROOT_DIR: /opt/hostedtoolcache/Python/3.13.15/arm64
native (ubuntu-24.04-arm, linux-arm64)	Preserve native observations even on failure	2026-10-08T11:39:07.7507457Z   LD_LIBRARY_PATH: /opt/hostedtoolcache/Python/3.13.15/arm64/lib
native (ubuntu-24.04-arm, linux-arm64)	Preserve native observations even on failure	2026-10-08T11:39:07.7508014Z ##[endgroup]
native (ubuntu-24.04-arm, linux-arm64)	Preserve native observations even on failure	2026-10-08T11:39:07.8935884Z (node:2374) [DEP0040] DeprecationWarning: The `punycode` module is deprecated. Please use a userland alternative instead.
native (ubuntu-24.04-arm, linux-arm64)	Preserve native observations even on failure	2026-10-08T11:39:07.8939379Z (Use `node --trace-deprecation ...` to show where the warning was created)
native (ubuntu-24.04-arm, linux-arm64)	Preserve native observations even on failure	2026-10-08T11:39:07.9161018Z With the provided path, there will be 97 files uploaded
native (ubuntu-24.04-arm, linux-arm64)	Preserve native observations even on failure	2026-10-08T11:39:07.9165467Z Artifact name is valid!
native (ubuntu-24.04-arm, linux-arm64)	Preserve native observations even on failure	2026-10-08T11:39:07.9166512Z Root directory input is valid!
native (ubuntu-24.04-arm, linux-arm64)	Preserve native observations even on failure	2026-10-08T11:39:08.1985908Z Beginning upload of artifact content to blob storage
native (ubuntu-24.04-arm, linux-arm64)	Preserve native observations even on failure	2026-10-08T11:39:08.3518450Z (node:2374) [DEP0169] DeprecationWarning: `url.parse()` behavior is not standardized and prone to errors that have security implications. Use the WHATWG URL API instead. CVEs are not issued for `url.parse()` vulnerabilities.
native (ubuntu-24.04-arm, linux-arm64)	Preserve native observations even on failure	2026-10-08T11:39:08.5683910Z Uploaded bytes 90320
native (ubuntu-24.04-arm, linux-arm64)	Preserve native observations even on failure	2026-10-08T11:39:08.6144349Z Finished uploading artifact content to blob storage!
native (ubuntu-24.04-arm, linux-arm64)	Preserve native observations even on failure	2026-10-08T11:39:08.6145056Z SHA256 digest of uploaded artifact zip is ae0a63e37fa284352c9e84f4fa0845395ad439882df931d1610b17b0598790a9
native (ubuntu-24.04-arm, linux-arm64)	Preserve native observations even on failure	2026-10-08T11:39:08.6146879Z Finalizing artifact upload
native (ubuntu-24.04-arm, linux-arm64)	Preserve native observations even on failure	2026-10-08T11:39:08.8575173Z Artifact native-linux-arm64-37771440411.zip successfully finalized. Artifact ID 11547892074
native (ubuntu-24.04-arm, linux-arm64)	Preserve native observations even on failure	2026-10-08T11:39:08.8576128Z Artifact native-linux-arm64-37771440411 has been successfully uploaded! Final size is 90320 bytes. Artifact ID is 11547892074
native (ubuntu-24.04-arm, linux-arm64)	Preserve native observations even on failure	2026-10-08T11:39:08.8582606Z Artifact download URL: https://github.com/full-aigc-skills/printcraft-skills/actions/runs/37771440411/artifacts/11547892074
native (ubuntu-24.04-arm, linux-arm64)	Post Run actions/setup-python@v5	﻿2026-10-08T11:39:08.8764871Z Post job cleanup.
native (ubuntu-24.04-arm, linux-arm64)	Post Run actions/setup-python@v5	2026-10-08T11:39:08.9819159Z (node:2387) [DEP0040] DeprecationWarning: The `punycode` module is deprecated. Please use a userland alternative instead.
native (ubuntu-24.04-arm, linux-arm64)	Post Run actions/setup-python@v5	2026-10-08T11:39:08.9820021Z (Use `node --trace-deprecation ...` to show where the warning was created)
native (ubuntu-24.04-arm, linux-arm64)	Post Run actions/checkout@v4	﻿2026-10-08T11:39:08.9953864Z Post job cleanup.
native (ubuntu-24.04-arm, linux-arm64)	Post Run actions/checkout@v4	2026-10-08T11:39:09.0690110Z [command]/usr/bin/git version
native (ubuntu-24.04-arm, linux-arm64)	Post Run actions/checkout@v4	2026-10-08T11:39:09.0723567Z git version 2.55.0
native (ubuntu-24.04-arm, linux-arm64)	Post Run actions/checkout@v4	2026-10-08T11:39:09.0799465Z Temporarily overriding HOME='/home/runner/work/_temp/38706535-2cb1-4af2-ae90-1e289967161d' before making global git config changes
native (ubuntu-24.04-arm, linux-arm64)	Post Run actions/checkout@v4	2026-10-08T11:39:09.0809972Z Adding repository directory to the temporary git global config as a safe directory
native (ubuntu-24.04-arm, linux-arm64)	Post Run actions/checkout@v4	2026-10-08T11:39:09.0810921Z [command]/usr/bin/git config --global --add safe.directory /home/runner/work/printcraft-skills/printcraft-skills
native (ubuntu-24.04-arm, linux-arm64)	Post Run actions/checkout@v4	2026-10-08T11:39:09.0820857Z [command]/usr/bin/git config --local --name-only --get-regexp core\.sshCommand
native (ubuntu-24.04-arm, linux-arm64)	Post Run actions/checkout@v4	2026-10-08T11:39:09.0881525Z [command]/usr/bin/git submodule foreach --recursive sh -c "git config --local --name-only --get-regexp 'core\.sshCommand' && git config --local --unset-all 'core.sshCommand' || :"
native (ubuntu-24.04-arm, linux-arm64)	Post Run actions/checkout@v4	2026-10-08T11:39:09.1081112Z [command]/usr/bin/git config --local --name-only --get-regexp http\.https\:\/\/github\.com\/\.extraheader
native (ubuntu-24.04-arm, linux-arm64)	Post Run actions/checkout@v4	2026-10-08T11:39:09.1103575Z http.https://github.com/.extraheader
native (ubuntu-24.04-arm, linux-arm64)	Post Run actions/checkout@v4	2026-10-08T11:39:09.1122555Z [command]/usr/bin/git config --local --unset-all http.https://github.com/.extraheader
native (ubuntu-24.04-arm, linux-arm64)	Post Run actions/checkout@v4	2026-10-08T11:39:09.1165886Z [command]/usr/bin/git submodule foreach --recursive sh -c "git config --local --name-only --get-regexp 'http\.https\:\/\/github\.com\/\.extraheader' && git config --local --unset-all 'http.https://github.com/.extraheader' || :"
native (ubuntu-24.04-arm, linux-arm64)	Post Run actions/checkout@v4	2026-10-08T11:39:09.1405557Z [command]/usr/bin/git config --local --name-only --get-regexp ^includeIf\.gitdir:
native (ubuntu-24.04-arm, linux-arm64)	Post Run actions/checkout@v4	2026-10-08T11:39:09.1440880Z [command]/usr/bin/git submodule foreach --recursive git config --local --show-origin --name-only --get-regexp remote.origin.url
native (ubuntu-24.04-arm, linux-arm64)	Complete job	﻿2026-10-08T11:39:09.1783522Z Cleaning up orphan processes
native (ubuntu-24.04-arm, linux-arm64)	Complete job	2026-10-08T11:39:09.2121016Z ##[warning]Node.js 20 is deprecated. The following actions target Node.js 20 but are being forced to run on Node.js 24: actions/checkout@v4, actions/setup-python@v5, actions/upload-artifact@v4. For more information see: https://github.blog/changelog/2025-09-19-deprecation-of-node-20-on-github-actions-runners/
native (macos-15, darwin-arm64)	Set up job	﻿2026-10-08T11:39:06.6695110Z Current runner version: '2.337.0'
native (macos-15, darwin-arm64)	Set up job	2026-10-08T11:39:06.6713300Z ##[group]Runner Image Provisioner
native (macos-15, darwin-arm64)	Set up job	2026-10-08T11:39:06.6713930Z Hosted Compute Agent
native (macos-15, darwin-arm64)	Set up job	2026-10-08T11:39:06.6714360Z Version: 20260828.587
native (macos-15, darwin-arm64)	Set up job	2026-10-08T11:39:06.6714840Z Commit: abac92662cab4cc7352de4f9f9d2e2419aad9c29
native (macos-15, darwin-arm64)	Set up job	2026-10-08T11:39:06.6715330Z Build Date: 2026-08-28T16:44:25Z
native (macos-15, darwin-arm64)	Set up job	2026-10-08T11:39:06.6715840Z Worker ID: {3d2cd808-bd6b-4a5c-885a-e64012c559d4}
native (macos-15, darwin-arm64)	Set up job	2026-10-08T11:39:06.6716360Z Azure Region: westus
native (macos-15, darwin-arm64)	Set up job	2026-10-08T11:39:06.6716780Z ##[endgroup]
native (macos-15, darwin-arm64)	Set up job	2026-10-08T11:39:06.6717750Z ##[group]Operating System
native (macos-15, darwin-arm64)	Set up job	2026-10-08T11:39:06.6718310Z macOS
native (macos-15, darwin-arm64)	Set up job	2026-10-08T11:39:06.6718710Z 15.7.9
native (macos-15, darwin-arm64)	Set up job	2026-10-08T11:39:06.6719060Z 24G830
native (macos-15, darwin-arm64)	Set up job	2026-10-08T11:39:06.6719410Z ##[endgroup]
native (macos-15, darwin-arm64)	Set up job	2026-10-08T11:39:06.6719770Z ##[group]Runner Image
native (macos-15, darwin-arm64)	Set up job	2026-10-08T11:39:06.6720190Z Image: macos-15-arm64
native (macos-15, darwin-arm64)	Set up job	2026-10-08T11:39:06.6720610Z Version: 20260907.0337.1
native (macos-15, darwin-arm64)	Set up job	2026-10-08T11:39:06.6721390Z Included Software: https://github.com/actions/runner-images/blob/macos-15-arm64/20260907.0337/images/macos/macos-15-arm64-Readme.md
native (macos-15, darwin-arm64)	Set up job	2026-10-08T11:39:06.6722570Z Image Release: https://github.com/actions/runner-images/releases/tag/macos-15-arm64%2F20260907.0337
native (macos-15, darwin-arm64)	Set up job	2026-10-08T11:39:06.6723280Z ##[endgroup]
native (macos-15, darwin-arm64)	Set up job	2026-10-08T11:39:06.6724100Z ##[group]GITHUB_TOKEN Permissions
native (macos-15, darwin-arm64)	Set up job	2026-10-08T11:39:06.6725420Z Contents: read
native (macos-15, darwin-arm64)	Set up job	2026-10-08T11:39:06.6725810Z Metadata: read
native (macos-15, darwin-arm64)	Set up job	2026-10-08T11:39:06.6726230Z ##[endgroup]
native (macos-15, darwin-arm64)	Set up job	2026-10-08T11:39:06.6727800Z Secret source: Actions
native (macos-15, darwin-arm64)	Set up job	2026-10-08T11:39:06.6728400Z Cache mode: write
native (macos-15, darwin-arm64)	Set up job	2026-10-08T11:39:06.6728850Z Prepare workflow directory
native (macos-15, darwin-arm64)	Set up job	2026-10-08T11:39:06.7062640Z Prepare all required actions
native (macos-15, darwin-arm64)	Set up job	2026-10-08T11:39:06.7098330Z Getting action download info
native (macos-15, darwin-arm64)	Set up job	2026-10-08T11:39:06.8896330Z Download action repository 'actions/checkout@v4' (SHA:11d5960a326750d5838078e36cf38b85af677262)
native (macos-15, darwin-arm64)	Set up job	2026-10-08T11:39:07.1371430Z Download action repository 'actions/setup-python@v5' (SHA:a26af69be951a213d495a4c3e4e4022e16d87065)
native (macos-15, darwin-arm64)	Set up job	2026-10-08T11:39:07.2545810Z Download action repository 'actions/upload-artifact@v4' (SHA:ea165f8d65b6e75b540449e92b4886f43607fa02)
native (macos-15, darwin-arm64)	Set up job	2026-10-08T11:39:07.4730630Z Complete job name: native (macos-15, darwin-arm64)
native (macos-15, darwin-arm64)	Run actions/checkout@v4	﻿2026-10-08T11:39:07.5666310Z ##[group]Run actions/checkout@v4
native (macos-15, darwin-arm64)	Run actions/checkout@v4	2026-10-08T11:39:07.5667040Z with:
native (macos-15, darwin-arm64)	Run actions/checkout@v4	2026-10-08T11:39:07.5667420Z   repository: full-aigc-skills/printcraft-skills
native (macos-15, darwin-arm64)	Run actions/checkout@v4	2026-10-08T11:39:07.5670040Z   token: ***
native (macos-15, darwin-arm64)	Run actions/checkout@v4	2026-10-08T11:39:07.5670360Z   ssh-strict: true
native (macos-15, darwin-arm64)	Run actions/checkout@v4	2026-10-08T11:39:07.5670680Z   ssh-user: git
native (macos-15, darwin-arm64)	Run actions/checkout@v4	2026-10-08T11:39:07.5671010Z   persist-credentials: true
native (macos-15, darwin-arm64)	Run actions/checkout@v4	2026-10-08T11:39:07.5671360Z   clean: true
native (macos-15, darwin-arm64)	Run actions/checkout@v4	2026-10-08T11:39:07.5671700Z   sparse-checkout-cone-mode: true
native (macos-15, darwin-arm64)	Run actions/checkout@v4	2026-10-08T11:39:07.5672070Z   fetch-depth: 1
native (macos-15, darwin-arm64)	Run actions/checkout@v4	2026-10-08T11:39:07.5672390Z   fetch-tags: false
native (macos-15, darwin-arm64)	Run actions/checkout@v4	2026-10-08T11:39:07.5672720Z   show-progress: true
native (macos-15, darwin-arm64)	Run actions/checkout@v4	2026-10-08T11:39:07.5673050Z   lfs: false
native (macos-15, darwin-arm64)	Run actions/checkout@v4	2026-10-08T11:39:07.5673360Z   submodules: false
native (macos-15, darwin-arm64)	Run actions/checkout@v4	2026-10-08T11:39:07.5673700Z   set-safe-directory: true
native (macos-15, darwin-arm64)	Run actions/checkout@v4	2026-10-08T11:39:07.5674070Z   allow-unsafe-pr-checkout: false
native (macos-15, darwin-arm64)	Run actions/checkout@v4	2026-10-08T11:39:07.5674570Z ##[endgroup]
native (macos-15, darwin-arm64)	Run actions/checkout@v4	2026-10-08T11:39:08.0065060Z Syncing repository: full-aigc-skills/printcraft-skills
native (macos-15, darwin-arm64)	Run actions/checkout@v4	2026-10-08T11:39:08.0066770Z ##[group]Getting Git version info
native (macos-15, darwin-arm64)	Run actions/checkout@v4	2026-10-08T11:39:08.0067370Z Working directory is '/Users/runner/work/printcraft-skills/printcraft-skills'
native (macos-15, darwin-arm64)	Run actions/checkout@v4	2026-10-08T11:39:08.0083410Z [command]/opt/homebrew/bin/git version
native (macos-15, darwin-arm64)	Run actions/checkout@v4	2026-10-08T11:39:08.0720930Z git version 2.55.0
native (macos-15, darwin-arm64)	Run actions/checkout@v4	2026-10-08T11:39:08.0732260Z ##[endgroup]
native (macos-15, darwin-arm64)	Run actions/checkout@v4	2026-10-08T11:39:08.0742370Z Copying '/Users/runner/.gitconfig' to '/Users/runner/work/_temp/158ca6eb-c808-4210-a29e-f231ccccf2f4/.gitconfig'
native (macos-15, darwin-arm64)	Run actions/checkout@v4	2026-10-08T11:39:08.0749350Z Temporarily overriding HOME='/Users/runner/work/_temp/158ca6eb-c808-4210-a29e-f231ccccf2f4' before making global git config changes
native (macos-15, darwin-arm64)	Run actions/checkout@v4	2026-10-08T11:39:08.0752500Z Adding repository directory to the temporary git global config as a safe directory
native (macos-15, darwin-arm64)	Run actions/checkout@v4	2026-10-08T11:39:08.0755520Z [command]/opt/homebrew/bin/git config --global --add safe.directory /Users/runner/work/printcraft-skills/printcraft-skills
native (macos-15, darwin-arm64)	Run actions/checkout@v4	2026-10-08T11:39:08.0927600Z Deleting the contents of '/Users/runner/work/printcraft-skills/printcraft-skills'
native (macos-15, darwin-arm64)	Run actions/checkout@v4	2026-10-08T11:39:08.0932340Z ##[group]Initializing the repository
native (macos-15, darwin-arm64)	Run actions/checkout@v4	2026-10-08T11:39:08.0937950Z [command]/opt/homebrew/bin/git init /Users/runner/work/printcraft-skills/printcraft-skills
native (macos-15, darwin-arm64)	Run actions/checkout@v4	2026-10-08T11:39:08.1262340Z hint: Using 'master' as the name for the initial branch. This default branch name
native (macos-15, darwin-arm64)	Run actions/checkout@v4	2026-10-08T11:39:08.1265430Z hint: will change to "main" in Git 3.0. To configure the initial branch name
native (macos-15, darwin-arm64)	Run actions/checkout@v4	2026-10-08T11:39:08.1267200Z hint: to use in all of your new repositories, which will suppress this warning,
native (macos-15, darwin-arm64)	Run actions/checkout@v4	2026-10-08T11:39:08.1267810Z hint: call:
native (macos-15, darwin-arm64)	Run actions/checkout@v4	2026-10-08T11:39:08.1268500Z hint:
native (macos-15, darwin-arm64)	Run actions/checkout@v4	2026-10-08T11:39:08.1269080Z hint: 	git config --global init.defaultBranch <name>
native (macos-15, darwin-arm64)	Run actions/checkout@v4	2026-10-08T11:39:08.1269540Z hint:
native (macos-15, darwin-arm64)	Run actions/checkout@v4	2026-10-08T11:39:08.1269970Z hint: Names commonly chosen instead of 'master' are 'main', 'trunk' and
native (macos-15, darwin-arm64)	Run actions/checkout@v4	2026-10-08T11:39:08.1270630Z hint: 'development'. The just-created branch can be renamed via this command:
native (macos-15, darwin-arm64)	Run actions/checkout@v4	2026-10-08T11:39:08.1271150Z hint:
native (macos-15, darwin-arm64)	Run actions/checkout@v4	2026-10-08T11:39:08.1271460Z hint: 	git branch -m <name>
native (macos-15, darwin-arm64)	Run actions/checkout@v4	2026-10-08T11:39:08.1271840Z hint:
native (macos-15, darwin-arm64)	Run actions/checkout@v4	2026-10-08T11:39:08.1272300Z hint: Disable this message with "git config set advice.defaultBranchName false"
native (macos-15, darwin-arm64)	Run actions/checkout@v4	2026-10-08T11:39:08.1296460Z Initialized empty Git repository in /Users/runner/work/printcraft-skills/printcraft-skills/.git/
native (macos-15, darwin-arm64)	Run actions/checkout@v4	2026-10-08T11:39:08.1303140Z [command]/opt/homebrew/bin/git remote add origin https://github.com/full-aigc-skills/printcraft-skills
native (macos-15, darwin-arm64)	Run actions/checkout@v4	2026-10-08T11:39:08.1395420Z ##[endgroup]
native (macos-15, darwin-arm64)	Run actions/checkout@v4	2026-10-08T11:39:08.1396740Z ##[group]Disabling automatic garbage collection
native (macos-15, darwin-arm64)	Run actions/checkout@v4	2026-10-08T11:39:08.1397410Z [command]/opt/homebrew/bin/git config --local gc.auto 0
native (macos-15, darwin-arm64)	Run actions/checkout@v4	2026-10-08T11:39:08.1484210Z ##[endgroup]
native (macos-15, darwin-arm64)	Run actions/checkout@v4	2026-10-08T11:39:08.1491200Z ##[group]Setting up auth
native (macos-15, darwin-arm64)	Run actions/checkout@v4	2026-10-08T11:39:08.1491920Z [command]/opt/homebrew/bin/git config --local --name-only --get-regexp core\.sshCommand
native (macos-15, darwin-arm64)	Run actions/checkout@v4	2026-10-08T11:39:08.1560310Z [command]/opt/homebrew/bin/git submodule foreach --recursive sh -c "git config --local --name-only --get-regexp 'core\.sshCommand' && git config --local --unset-all 'core.sshCommand' || :"
native (macos-15, darwin-arm64)	Run actions/checkout@v4	2026-10-08T11:39:08.2721280Z [command]/opt/homebrew/bin/git config --local --name-only --get-regexp http\.https\:\/\/github\.com\/\.extraheader
native (macos-15, darwin-arm64)	Run actions/checkout@v4	2026-10-08T11:39:08.2793230Z [command]/opt/homebrew/bin/git submodule foreach --recursive sh -c "git config --local --name-only --get-regexp 'http\.https\:\/\/github\.com\/\.extraheader' && git config --local --unset-all 'http.https://github.com/.extraheader' || :"
native (macos-15, darwin-arm64)	Run actions/checkout@v4	2026-10-08T11:39:08.3695610Z [command]/opt/homebrew/bin/git config --local --name-only --get-regexp ^includeIf\.gitdir:
native (macos-15, darwin-arm64)	Run actions/checkout@v4	2026-10-08T11:39:08.3761560Z [command]/opt/homebrew/bin/git submodule foreach --recursive git config --local --show-origin --name-only --get-regexp remote.origin.url
native (macos-15, darwin-arm64)	Run actions/checkout@v4	2026-10-08T11:39:08.4955200Z [command]/opt/homebrew/bin/git config --local http.https://github.com/.extraheader AUTHORIZATION: basic ***
native (macos-15, darwin-arm64)	Run actions/checkout@v4	2026-10-08T11:39:08.5024750Z ##[endgroup]
native (macos-15, darwin-arm64)	Run actions/checkout@v4	2026-10-08T11:39:08.5026470Z ##[group]Fetching the repository
native (macos-15, darwin-arm64)	Run actions/checkout@v4	2026-10-08T11:39:08.5030670Z [command]/opt/homebrew/bin/git -c protocol.version=2 fetch --no-tags --prune --no-recurse-submodules --depth=1 origin +8b43297a2f91ac3d286361ed9b1d92af820815bf:refs/remotes/origin/main
native (macos-15, darwin-arm64)	Run actions/checkout@v4	2026-10-08T11:39:09.2255560Z From https://github.com/full-aigc-skills/printcraft-skills
native (macos-15, darwin-arm64)	Run actions/checkout@v4	2026-10-08T11:39:09.2258400Z  * [new ref]         8b43297a2f91ac3d286361ed9b1d92af820815bf -> origin/main
native (macos-15, darwin-arm64)	Run actions/checkout@v4	2026-10-08T11:39:09.2265220Z ##[endgroup]
native (macos-15, darwin-arm64)	Run actions/checkout@v4	2026-10-08T11:39:09.2267440Z ##[group]Determining the checkout info
native (macos-15, darwin-arm64)	Run actions/checkout@v4	2026-10-08T11:39:09.2269870Z ##[endgroup]
native (macos-15, darwin-arm64)	Run actions/checkout@v4	2026-10-08T11:39:09.2271610Z [command]/opt/homebrew/bin/git sparse-checkout disable
native (macos-15, darwin-arm64)	Run actions/checkout@v4	2026-10-08T11:39:09.2350520Z [command]/opt/homebrew/bin/git config --local --unset-all extensions.worktreeConfig
native (macos-15, darwin-arm64)	Run actions/checkout@v4	2026-10-08T11:39:09.2424910Z ##[group]Checking out the ref
native (macos-15, darwin-arm64)	Run actions/checkout@v4	2026-10-08T11:39:09.2427740Z [command]/opt/homebrew/bin/git checkout --progress --force -B main refs/remotes/origin/main
native (macos-15, darwin-arm64)	Run actions/checkout@v4	2026-10-08T11:39:09.2922770Z Switched to a new branch 'main'
native (macos-15, darwin-arm64)	Run actions/checkout@v4	2026-10-08T11:39:09.2933600Z branch 'main' set up to track 'origin/main'.
native (macos-15, darwin-arm64)	Run actions/checkout@v4	2026-10-08T11:39:09.2940750Z ##[endgroup]
native (macos-15, darwin-arm64)	Run actions/checkout@v4	2026-10-08T11:39:09.3034650Z [command]/opt/homebrew/bin/git log -1 --format=%H
native (macos-15, darwin-arm64)	Run actions/checkout@v4	2026-10-08T11:39:09.3105110Z 8b43297a2f91ac3d286361ed9b1d92af820815bf
native (macos-15, darwin-arm64)	Run actions/setup-python@v5	﻿2026-10-08T11:39:09.3440200Z ##[group]Run actions/setup-python@v5
native (macos-15, darwin-arm64)	Run actions/setup-python@v5	2026-10-08T11:39:09.3441110Z with:
native (macos-15, darwin-arm64)	Run actions/setup-python@v5	2026-10-08T11:39:09.3441740Z   python-version: 3.13
native (macos-15, darwin-arm64)	Run actions/setup-python@v5	2026-10-08T11:39:09.3442430Z   check-latest: false
native (macos-15, darwin-arm64)	Run actions/setup-python@v5	2026-10-08T11:39:09.3448900Z   token: ***
native (macos-15, darwin-arm64)	Run actions/setup-python@v5	2026-10-08T11:39:09.3449520Z   update-environment: true
native (macos-15, darwin-arm64)	Run actions/setup-python@v5	2026-10-08T11:39:09.3450260Z   allow-prereleases: false
native (macos-15, darwin-arm64)	Run actions/setup-python@v5	2026-10-08T11:39:09.3451020Z   freethreaded: false
native (macos-15, darwin-arm64)	Run actions/setup-python@v5	2026-10-08T11:39:09.3451700Z ##[endgroup]
native (macos-15, darwin-arm64)	Run actions/setup-python@v5	2026-10-08T11:39:09.4905380Z ##[group]Installed versions
native (macos-15, darwin-arm64)	Run actions/setup-python@v5	2026-10-08T11:39:09.4957010Z (node:1323) [DEP0040] DeprecationWarning: The `punycode` module is deprecated. Please use a userland alternative instead.
native (macos-15, darwin-arm64)	Run actions/setup-python@v5	2026-10-08T11:39:09.4958840Z Successfully set up CPython (3.13.15)
native (macos-15, darwin-arm64)	Run actions/setup-python@v5	2026-10-08T11:39:09.4963870Z (Use `node --trace-deprecation ...` to show where the warning was created)
native (macos-15, darwin-arm64)	Run actions/setup-python@v5	2026-10-08T11:39:09.4965700Z ##[endgroup]
native (macos-15, darwin-arm64)	Execute official pinned binary on actual platform	﻿2026-10-08T11:39:09.5090710Z ##[group]Run python -I -B tests/platform_acceptance.py --platform darwin-arm64 --workdir native-evidence
native (macos-15, darwin-arm64)	Execute official pinned binary on actual platform	2026-10-08T11:39:09.5093060Z ^[[36;1mpython -I -B tests/platform_acceptance.py --platform darwin-arm64 --workdir native-evidence^[[0m
native (macos-15, darwin-arm64)	Execute official pinned binary on actual platform	2026-10-08T11:39:09.5142090Z shell: /bin/bash -e {0}
native (macos-15, darwin-arm64)	Execute official pinned binary on actual platform	2026-10-08T11:39:09.5142880Z env:
native (macos-15, darwin-arm64)	Execute official pinned binary on actual platform	2026-10-08T11:39:09.5143690Z   pythonLocation: /Users/runner/hostedtoolcache/Python/3.13.15/arm64
native (macos-15, darwin-arm64)	Execute official pinned binary on actual platform	2026-10-08T11:39:09.5145110Z   PKG_CONFIG_PATH: /Users/runner/hostedtoolcache/Python/3.13.15/arm64/lib/pkgconfig
native (macos-15, darwin-arm64)	Execute official pinned binary on actual platform	2026-10-08T11:39:09.5146470Z   Python_ROOT_DIR: /Users/runner/hostedtoolcache/Python/3.13.15/arm64
native (macos-15, darwin-arm64)	Execute official pinned binary on actual platform	2026-10-08T11:39:09.5147690Z   Python2_ROOT_DIR: /Users/runner/hostedtoolcache/Python/3.13.15/arm64
native (macos-15, darwin-arm64)	Execute official pinned binary on actual platform	2026-10-08T11:39:09.5148950Z   Python3_ROOT_DIR: /Users/runner/hostedtoolcache/Python/3.13.15/arm64
native (macos-15, darwin-arm64)	Execute official pinned binary on actual platform	2026-10-08T11:39:09.5149900Z ##[endgroup]
native (macos-15, darwin-arm64)	Execute official pinned binary on actual platform	2026-10-08T11:39:11.2478530Z {
native (macos-15, darwin-arm64)	Execute official pinned binary on actual platform	2026-10-08T11:39:11.2480910Z   "contract": "printcraft.native-platform-evidence/1",
native (macos-15, darwin-arm64)	Execute official pinned binary on actual platform	2026-10-08T11:39:11.2482620Z   "platform": "darwin-arm64",
native (macos-15, darwin-arm64)	Execute official pinned binary on actual platform	2026-10-08T11:39:11.2484130Z   "sourceCommit": "8b43297a2f91ac3d286361ed9b1d92af820815bf",
native (macos-15, darwin-arm64)	Execute official pinned binary on actual platform	2026-10-08T11:39:11.2485650Z   "startedAt": "2026-10-08T11:39:10.067867+00:00",
native (macos-15, darwin-arm64)	Execute official pinned binary on actual platform	2026-10-08T11:39:11.2486940Z   "sourceFiles": {
native (macos-15, darwin-arm64)	Execute official pinned binary on actual platform	2026-10-08T11:39:11.2491630Z     "tests/platform_acceptance.py": "14bee53d0f8cbdb8e0e7d26f7d852e9fc6ae1209a5f2dcfc48a596abff6fd18b",
native (macos-15, darwin-arm64)	Execute official pinned binary on actual platform	2026-10-08T11:39:11.2493690Z     "tests/platform-artifacts.json": "8c03b465e51e8f53bb337ffef75eb67cba12d945c3c319ad70619bbe01929717",
native (macos-15, darwin-arm64)	Execute official pinned binary on actual platform	2026-10-08T11:39:11.2495770Z     "tests/fixtures/make_pdf.py": "c41f12f867c5f81e359c3197373214c65e89fc2e58ff5643198afbffd4ac7993"
native (macos-15, darwin-arm64)	Execute official pinned binary on actual platform	2026-10-08T11:39:11.2497090Z   },
native (macos-15, darwin-arm64)	Execute official pinned binary on actual platform	2026-10-08T11:39:11.2497810Z   "host": {
native (macos-15, darwin-arm64)	Execute official pinned binary on actual platform	2026-10-08T11:39:11.2498690Z     "system": "Darwin",
native (macos-15, darwin-arm64)	Execute official pinned binary on actual platform	2026-10-08T11:39:11.2499910Z     "machine": "arm64",
native (macos-15, darwin-arm64)	Execute official pinned binary on actual platform	2026-10-08T11:39:11.2500870Z     "release": "24.6.0",
native (macos-15, darwin-arm64)	Execute official pinned binary on actual platform	2026-10-08T11:39:11.2501730Z     "python": "3.13.15"
native (macos-15, darwin-arm64)	Execute official pinned binary on actual platform	2026-10-08T11:39:11.2502850Z   },
native (macos-15, darwin-arm64)	Execute official pinned binary on actual platform	2026-10-08T11:39:11.2503820Z   "workflow": {
native (macos-15, darwin-arm64)	Execute official pinned binary on actual platform	2026-10-08T11:39:11.2504850Z     "runId": "37771440411",
native (macos-15, darwin-arm64)	Execute official pinned binary on actual platform	2026-10-08T11:39:11.2505820Z     "runAttempt": "1"
native (macos-15, darwin-arm64)	Execute official pinned binary on actual platform	2026-10-08T11:39:11.2506740Z   },
native (macos-15, darwin-arm64)	Execute official pinned binary on actual platform	2026-10-08T11:39:11.2507750Z   "runtime": {
native (macos-15, darwin-arm64)	Execute official pinned binary on actual platform	2026-10-08T11:39:11.2509050Z     "system": "darwin",
native (macos-15, darwin-arm64)	Execute official pinned binary on actual platform	2026-10-08T11:39:11.2534400Z     "machine": "arm64",
native (macos-15, darwin-arm64)	Execute official pinned binary on actual platform	2026-10-08T11:39:11.2535700Z     "asset": "printcraft-cli-0.2.1-macos-universal.zip",
native (macos-15, darwin-arm64)	Execute official pinned binary on actual platform	2026-10-08T11:39:11.2537890Z     "url": "https://github.com/storytold/pdfcraft/releases/download/v0.2.1/printcraft-cli-0.2.1-macos-universal.zip",
native (macos-15, darwin-arm64)	Execute official pinned binary on actual platform	2026-10-08T11:39:11.2539970Z     "archiveSha256": "bda65829033916c5de5a7ddc0763437f8db2e8792ee43c8dc2676434acb3d495",
native (macos-15, darwin-arm64)	Execute official pinned binary on actual platform	2026-10-08T11:39:11.2541590Z     "member": "printcraft-cli-0.2.1-macos-universal/printcraft-cli",
native (macos-15, darwin-arm64)	Execute official pinned binary on actual platform	2026-10-08T11:39:11.2543150Z     "binarySha256": "b7783b596870ed5a326f29456d4647382d2e1e4d7b7ffe75ded192cd15b86995"
native (macos-15, darwin-arm64)	Execute official pinned binary on actual platform	2026-10-08T11:39:11.2544500Z   },
native (macos-15, darwin-arm64)	Execute official pinned binary on actual platform	2026-10-08T11:39:11.2545720Z   "results": {
native (macos-15, darwin-arm64)	Execute official pinned binary on actual platform	2026-10-08T11:39:11.2546820Z     "reorder_save_reopen_render": {
native (macos-15, darwin-arm64)	Execute official pinned binary on actual platform	2026-10-08T11:39:11.2549380Z       "status": "PASS",
native (macos-15, darwin-arm64)	Execute official pinned binary on actual platform	2026-10-08T11:39:11.2550370Z       "details": {
native (macos-15, darwin-arm64)	Execute official pinned binary on actual platform	2026-10-08T11:39:11.2551740Z         "outputSha256": "0f980b7fe761253ef3bddd902cfa2c6f402ebc703995e1e48dc9ea4105a80045",
native (macos-15, darwin-arm64)	Execute official pinned binary on actual platform	2026-10-08T11:39:11.2552880Z         "info": {
native (macos-15, darwin-arm64)	Execute official pinned binary on actual platform	2026-10-08T11:39:11.2554180Z           "annotations": 0,
native (macos-15, darwin-arm64)	Execute official pinned binary on actual platform	2026-10-08T11:39:11.2554940Z           "attachments": 0,
native (macos-15, darwin-arm64)	Execute official pinned binary on actual platform	2026-10-08T11:39:11.2555610Z           "author": null,
native (macos-15, darwin-arm64)	Execute official pinned binary on actual platform	2026-10-08T11:39:11.2561110Z           "bookmarks": 0,
native (macos-15, darwin-arm64)	Execute official pinned binary on actual platform	2026-10-08T11:39:11.2561620Z           "creator": null,
native (macos-15, darwin-arm64)	Execute official pinned binary on actual platform	2026-10-08T11:39:11.2561920Z           "encrypted": false,
native (macos-15, darwin-arm64)	Execute official pinned binary on actual platform	2026-10-08T11:39:11.2562120Z           "fields": 0,
native (macos-15, darwin-arm64)	Execute official pinned binary on actual platform	2026-10-08T11:39:11.2562620Z           "file": "/Users/runner/work/printcraft-skills/printcraft-skills/native-evidence/reorder.pdf",
native (macos-15, darwin-arm64)	Execute official pinned binary on actual platform	2026-10-08T11:39:11.2564210Z           "file_size": 918,
native (macos-15, darwin-arm64)	Execute official pinned binary on actual platform	2026-10-08T11:39:11.2564840Z           "first_page_pt": [
native (macos-15, darwin-arm64)	Execute official pinned binary on actual platform	2026-10-08T11:39:11.2565130Z             612.0,
native (macos-15, darwin-arm64)	Execute official pinned binary on actual platform	2026-10-08T11:39:11.2565350Z             792.0
native (macos-15, darwin-arm64)	Execute official pinned binary on actual platform	2026-10-08T11:39:11.2566080Z           ],
native (macos-15, darwin-arm64)	Execute official pinned binary on actual platform	2026-10-08T11:39:11.2575060Z           "javascript": false,
native (macos-15, darwin-arm64)	Execute official pinned binary on actual platform	2026-10-08T11:39:11.2575760Z           "layers": 0,
native (macos-15, darwin-arm64)	Execute official pinned binary on actual platform	2026-10-08T11:39:11.2576360Z           "links": 0,
native (macos-15, darwin-arm64)	Execute official pinned binary on actual platform	2026-10-08T11:39:11.2577080Z           "page_labels": [
native (macos-15, darwin-arm64)	Execute official pinned binary on actual platform	2026-10-08T11:39:11.2581160Z             "1",
native (macos-15, darwin-arm64)	Execute official pinned binary on actual platform	2026-10-08T11:39:11.2581730Z             "2",
native (macos-15, darwin-arm64)	Execute official pinned binary on actual platform	2026-10-08T11:39:11.2582180Z             "3"
native (macos-15, darwin-arm64)	Execute official pinned binary on actual platform	2026-10-08T11:39:11.2582600Z           ],
native (macos-15, darwin-arm64)	Execute official pinned binary on actual platform	2026-10-08T11:39:11.2583050Z           "pages": 3,
native (macos-15, darwin-arm64)	Execute official pinned binary on actual platform	2026-10-08T11:39:11.2583540Z           "pdf_version": "1.5",
native (macos-15, darwin-arm64)	Execute official pinned binary on actual platform	2026-10-08T11:39:11.2584170Z           "producer": null,
native (macos-15, darwin-arm64)	Execute official pinned binary on actual platform	2026-10-08T11:39:11.2584730Z           "tagged": false,
native (macos-15, darwin-arm64)	Execute official pinned binary on actual platform	2026-10-08T11:39:11.2585250Z           "title": null,
native (macos-15, darwin-arm64)	Execute official pinned binary on actual platform	2026-10-08T11:39:11.2585740Z           "warnings": [],
native (macos-15, darwin-arm64)	Execute official pinned binary on actual platform	2026-10-08T11:39:11.2586250Z           "xfa": null
native (macos-15, darwin-arm64)	Execute official pinned binary on actual platform	2026-10-08T11:39:11.2586690Z         },
native (macos-15, darwin-arm64)	Execute official pinned binary on actual platform	2026-10-08T11:39:11.2587110Z         "texts": [
native (macos-15, darwin-arm64)	Execute official pinned binary on actual platform	2026-10-08T11:39:11.2587650Z           "PAGE-GAMMA",
native (macos-15, darwin-arm64)	Execute official pinned binary on actual platform	2026-10-08T11:39:11.2588260Z           "PAGE-ALPHA",
native (macos-15, darwin-arm64)	Execute official pinned binary on actual platform	2026-10-08T11:39:11.2588760Z           "PAGE-BETA"
native (macos-15, darwin-arm64)	Execute official pinned binary on actual platform	2026-10-08T11:39:11.2590810Z         ]
native (macos-15, darwin-arm64)	Execute official pinned binary on actual platform	2026-10-08T11:39:11.2590970Z       }
native (macos-15, darwin-arm64)	Execute official pinned binary on actual platform	2026-10-08T11:39:11.2591110Z     },
native (macos-15, darwin-arm64)	Execute official pinned binary on actual platform	2026-10-08T11:39:11.2591380Z     "rotate_save_reopen_render": {
native (macos-15, darwin-arm64)	Execute official pinned binary on actual platform	2026-10-08T11:39:11.2591600Z       "status": "PASS",
native (macos-15, darwin-arm64)	Execute official pinned binary on actual platform	2026-10-08T11:39:11.2591900Z       "details": {
native (macos-15, darwin-arm64)	Execute official pinned binary on actual platform	2026-10-08T11:39:11.2592470Z         "outputSha256": "83cbb5b7c0a8841cf698b76ce13fa624419e682b29dc58a33705511caaae6481",
native (macos-15, darwin-arm64)	Execute official pinned binary on actual platform	2026-10-08T11:39:11.2592860Z         "info": {
native (macos-15, darwin-arm64)	Execute official pinned binary on actual platform	2026-10-08T11:39:11.2593050Z           "annotations": 0,
native (macos-15, darwin-arm64)	Execute official pinned binary on actual platform	2026-10-08T11:39:11.2593360Z           "attachments": 0,
native (macos-15, darwin-arm64)	Execute official pinned binary on actual platform	2026-10-08T11:39:11.2593630Z           "author": null,
native (macos-15, darwin-arm64)	Execute official pinned binary on actual platform	2026-10-08T11:39:11.2593810Z           "bookmarks": 0,
native (macos-15, darwin-arm64)	Execute official pinned binary on actual platform	2026-10-08T11:39:11.2594050Z           "creator": null,
native (macos-15, darwin-arm64)	Execute official pinned binary on actual platform	2026-10-08T11:39:11.2594260Z           "encrypted": false,
native (macos-15, darwin-arm64)	Execute official pinned binary on actual platform	2026-10-08T11:39:11.2594490Z           "fields": 0,
native (macos-15, darwin-arm64)	Execute official pinned binary on actual platform	2026-10-08T11:39:11.2594860Z           "file": "/Users/runner/work/printcraft-skills/printcraft-skills/native-evidence/rotate.pdf",
native (macos-15, darwin-arm64)	Execute official pinned binary on actual platform	2026-10-08T11:39:11.2595350Z           "file_size": 928,
native (macos-15, darwin-arm64)	Execute official pinned binary on actual platform	2026-10-08T11:39:11.2595580Z           "first_page_pt": [
native (macos-15, darwin-arm64)	Execute official pinned binary on actual platform	2026-10-08T11:39:11.2595770Z             792.0,
native (macos-15, darwin-arm64)	Execute official pinned binary on actual platform	2026-10-08T11:39:11.2595950Z             612.0
native (macos-15, darwin-arm64)	Execute official pinned binary on actual platform	2026-10-08T11:39:11.2596100Z           ],
native (macos-15, darwin-arm64)	Execute official pinned binary on actual platform	2026-10-08T11:39:11.2596300Z           "javascript": false,
native (macos-15, darwin-arm64)	Execute official pinned binary on actual platform	2026-10-08T11:39:11.2596560Z           "layers": 0,
native (macos-15, darwin-arm64)	Execute official pinned binary on actual platform	2026-10-08T11:39:11.2596810Z           "links": 0,
native (macos-15, darwin-arm64)	Execute official pinned binary on actual platform	2026-10-08T11:39:11.2597000Z           "page_labels": [
native (macos-15, darwin-arm64)	Execute official pinned binary on actual platform	2026-10-08T11:39:11.2598840Z             "1",
native (macos-15, darwin-arm64)	Execute official pinned binary on actual platform	2026-10-08T11:39:11.2599090Z             "2",
native (macos-15, darwin-arm64)	Execute official pinned binary on actual platform	2026-10-08T11:39:11.2599290Z             "3"
native (macos-15, darwin-arm64)	Execute official pinned binary on actual platform	2026-10-08T11:39:11.2599460Z           ],
native (macos-15, darwin-arm64)	Execute official pinned binary on actual platform	2026-10-08T11:39:11.2599620Z           "pages": 3,
native (macos-15, darwin-arm64)	Execute official pinned binary on actual platform	2026-10-08T11:39:11.2599850Z           "pdf_version": "1.5",
native (macos-15, darwin-arm64)	Execute official pinned binary on actual platform	2026-10-08T11:39:11.2600100Z           "producer": null,
native (macos-15, darwin-arm64)	Execute official pinned binary on actual platform	2026-10-08T11:39:11.2600330Z           "tagged": false,
native (macos-15, darwin-arm64)	Execute official pinned binary on actual platform	2026-10-08T11:39:11.2600530Z           "title": null,
native (macos-15, darwin-arm64)	Execute official pinned binary on actual platform	2026-10-08T11:39:11.2600780Z           "warnings": [],
native (macos-15, darwin-arm64)	Execute official pinned binary on actual platform	2026-10-08T11:39:11.2601000Z           "xfa": null
native (macos-15, darwin-arm64)	Execute official pinned binary on actual platform	2026-10-08T11:39:11.2601190Z         },
native (macos-15, darwin-arm64)	Execute official pinned binary on actual platform	2026-10-08T11:39:11.2601870Z         "texts": [
native (macos-15, darwin-arm64)	Execute official pinned binary on actual platform	2026-10-08T11:39:11.2602100Z           "PAGE-ALPHA",
native (macos-15, darwin-arm64)	Execute official pinned binary on actual platform	2026-10-08T11:39:11.2602400Z           "PAGE-BETA",
native (macos-15, darwin-arm64)	Execute official pinned binary on actual platform	2026-10-08T11:39:11.2602580Z           "PAGE-GAMMA"
native (macos-15, darwin-arm64)	Execute official pinned binary on actual platform	2026-10-08T11:39:11.2602780Z         ]
native (macos-15, darwin-arm64)	Execute official pinned binary on actual platform	2026-10-08T11:39:11.2602990Z       }
native (macos-15, darwin-arm64)	Execute official pinned binary on actual platform	2026-10-08T11:39:11.2603240Z     },
native (macos-15, darwin-arm64)	Execute official pinned binary on actual platform	2026-10-08T11:39:11.2603460Z     "crop_save_reopen_render": {
native (macos-15, darwin-arm64)	Execute official pinned binary on actual platform	2026-10-08T11:39:11.2603970Z       "status": "PASS",
native (macos-15, darwin-arm64)	Execute official pinned binary on actual platform	2026-10-08T11:39:11.2604200Z       "details": {
native (macos-15, darwin-arm64)	Execute official pinned binary on actual platform	2026-10-08T11:39:11.2622720Z         "outputSha256": "6bc0a5cfeaeb7faa46748f9eac5577dd0b63f09cae22982dfa737129675866ff",
native (macos-15, darwin-arm64)	Execute official pinned binary on actual platform	2026-10-08T11:39:11.2623160Z         "info": {
native (macos-15, darwin-arm64)	Execute official pinned binary on actual platform	2026-10-08T11:39:11.2623450Z           "annotations": 0,
native (macos-15, darwin-arm64)	Execute official pinned binary on actual platform	2026-10-08T11:39:11.2623690Z           "attachments": 0,
native (macos-15, darwin-arm64)	Execute official pinned binary on actual platform	2026-10-08T11:39:11.2623970Z           "author": null,
native (macos-15, darwin-arm64)	Execute official pinned binary on actual platform	2026-10-08T11:39:11.2624180Z           "bookmarks": 0,
native (macos-15, darwin-arm64)	Execute official pinned binary on actual platform	2026-10-08T11:39:11.2624460Z           "creator": null,
native (macos-15, darwin-arm64)	Execute official pinned binary on actual platform	2026-10-08T11:39:11.2624710Z           "encrypted": false,
native (macos-15, darwin-arm64)	Execute official pinned binary on actual platform	2026-10-08T11:39:11.2625130Z           "fields": 0,
native (macos-15, darwin-arm64)	Execute official pinned binary on actual platform	2026-10-08T11:39:11.2625990Z           "file": "/Users/runner/work/printcraft-skills/printcraft-skills/native-evidence/crop.pdf",
native (macos-15, darwin-arm64)	Execute official pinned binary on actual platform	2026-10-08T11:39:11.2626450Z           "file_size": 935,
native (macos-15, darwin-arm64)	Execute official pinned binary on actual platform	2026-10-08T11:39:11.2626680Z           "first_page_pt": [
native (macos-15, darwin-arm64)	Execute official pinned binary on actual platform	2026-10-08T11:39:11.2626880Z             592.0,
native (macos-15, darwin-arm64)	Execute official pinned binary on actual platform	2026-10-08T11:39:11.2627030Z             772.0
native (macos-15, darwin-arm64)	Execute official pinned binary on actual platform	2026-10-08T11:39:11.2627200Z           ],
native (macos-15, darwin-arm64)	Execute official pinned binary on actual platform	2026-10-08T11:39:11.2627350Z           "javascript": false,
native (macos-15, darwin-arm64)	Execute official pinned binary on actual platform	2026-10-08T11:39:11.2627600Z           "layers": 0,
native (macos-15, darwin-arm64)	Execute official pinned binary on actual platform	2026-10-08T11:39:11.2627880Z           "links": 0,
native (macos-15, darwin-arm64)	Execute official pinned binary on actual platform	2026-10-08T11:39:11.2628120Z           "page_labels": [
native (macos-15, darwin-arm64)	Execute official pinned binary on actual platform	2026-10-08T11:39:11.2628310Z             "1",
native (macos-15, darwin-arm64)	Execute official pinned binary on actual platform	2026-10-08T11:39:11.2628520Z             "2",
native (macos-15, darwin-arm64)	Execute official pinned binary on actual platform	2026-10-08T11:39:11.2628680Z             "3"
native (macos-15, darwin-arm64)	Execute official pinned binary on actual platform	2026-10-08T11:39:11.2628870Z           ],
native (macos-15, darwin-arm64)	Execute official pinned binary on actual platform	2026-10-08T11:39:11.2629020Z           "pages": 3,
native (macos-15, darwin-arm64)	Execute official pinned binary on actual platform	2026-10-08T11:39:11.2629270Z           "pdf_version": "1.5",
native (macos-15, darwin-arm64)	Execute official pinned binary on actual platform	2026-10-08T11:39:11.2629530Z           "producer": null,
native (macos-15, darwin-arm64)	Execute official pinned binary on actual platform	2026-10-08T11:39:11.2629750Z           "tagged": false,
native (macos-15, darwin-arm64)	Execute official pinned binary on actual platform	2026-10-08T11:39:11.2630010Z           "title": null,
native (macos-15, darwin-arm64)	Execute official pinned binary on actual platform	2026-10-08T11:39:11.2630260Z           "warnings": [],
native (macos-15, darwin-arm64)	Execute official pinned binary on actual platform	2026-10-08T11:39:11.2630460Z           "xfa": null
native (macos-15, darwin-arm64)	Execute official pinned binary on actual platform	2026-10-08T11:39:11.2630670Z         },
native (macos-15, darwin-arm64)	Execute official pinned binary on actual platform	2026-10-08T11:39:11.2630910Z         "texts": [
native (macos-15, darwin-arm64)	Execute official pinned binary on actual platform	2026-10-08T11:39:11.2631150Z           "PAGE-ALPHA",
native (macos-15, darwin-arm64)	Execute official pinned binary on actual platform	2026-10-08T11:39:11.2631450Z           "PAGE-BETA",
native (macos-15, darwin-arm64)	Execute official pinned binary on actual platform	2026-10-08T11:39:11.2631700Z           "PAGE-GAMMA"
native (macos-15, darwin-arm64)	Execute official pinned binary on actual platform	2026-10-08T11:39:11.2631960Z         ]
native (macos-15, darwin-arm64)	Execute official pinned binary on actual platform	2026-10-08T11:39:11.2632150Z       }
native (macos-15, darwin-arm64)	Execute official pinned binary on actual platform	2026-10-08T11:39:11.2632340Z     },
native (macos-15, darwin-arm64)	Execute official pinned binary on actual platform	2026-10-08T11:39:11.2632530Z     "form_save_reopen": {
native (macos-15, darwin-arm64)	Execute official pinned binary on actual platform	2026-10-08T11:39:11.2632760Z       "status": "PASS",
native (macos-15, darwin-arm64)	Execute official pinned binary on actual platform	2026-10-08T11:39:11.2632920Z       "details": {
native (macos-15, darwin-arm64)	Execute official pinned binary on actual platform	2026-10-08T11:39:11.2633070Z         "fields": {
native (macos-15, darwin-arm64)	Execute official pinned binary on actual platform	2026-10-08T11:39:11.2633350Z           "count": 1,
native (macos-15, darwin-arm64)	Execute official pinned binary on actual platform	2026-10-08T11:39:11.2633550Z           "fields": [
native (macos-15, darwin-arm64)	Execute official pinned binary on actual platform	2026-10-08T11:39:11.2633700Z             {
native (macos-15, darwin-arm64)	Execute official pinned binary on actual platform	2026-10-08T11:39:11.2633860Z               "multiline": false,
native (macos-15, darwin-arm64)	Execute official pinned binary on actual platform	2026-10-08T11:39:11.2634140Z               "name": "sample",
native (macos-15, darwin-arm64)	Execute official pinned binary on actual platform	2026-10-08T11:39:11.2634400Z               "page": 1,
native (macos-15, darwin-arm64)	Execute official pinned binary on actual platform	2026-10-08T11:39:11.2634710Z               "read_only": false,
native (macos-15, darwin-arm64)	Execute official pinned binary on actual platform	2026-10-08T11:39:11.2634960Z               "rect": [
native (macos-15, darwin-arm64)	Execute official pinned binary on actual platform	2026-10-08T11:39:11.2635230Z                 72.0,
native (macos-15, darwin-arm64)	Execute official pinned binary on actual platform	2026-10-08T11:39:11.2635550Z                 120.0,
native (macos-15, darwin-arm64)	Execute official pinned binary on actual platform	2026-10-08T11:39:11.2635790Z                 200.0,
native (macos-15, darwin-arm64)	Execute official pinned binary on actual platform	2026-10-08T11:39:11.2636090Z                 150.0
native (macos-15, darwin-arm64)	Execute official pinned binary on actual platform	2026-10-08T11:39:11.2636310Z               ],
native (macos-15, darwin-arm64)	Execute official pinned binary on actual platform	2026-10-08T11:39:11.2636510Z               "required": false,
native (macos-15, darwin-arm64)	Execute official pinned binary on actual platform	2026-10-08T11:39:11.2636780Z               "type": "text",
native (macos-15, darwin-arm64)	Execute official pinned binary on actual platform	2026-10-08T11:39:11.2636990Z               "value": "verified form"
native (macos-15, darwin-arm64)	Execute official pinned binary on actual platform	2026-10-08T11:39:11.2637260Z             }
native (macos-15, darwin-arm64)	Execute official pinned binary on actual platform	2026-10-08T11:39:11.2637470Z           ]
native (macos-15, darwin-arm64)	Execute official pinned binary on actual platform	2026-10-08T11:39:11.2637720Z         },
native (macos-15, darwin-arm64)	Execute official pinned binary on actual platform	2026-10-08T11:39:11.2638110Z         "outputSha256": "0c97a5ad0a5e67044af11a0a2015a982f0e9aea1712853be610073ac9dcfb86f"
native (macos-15, darwin-arm64)	Execute official pinned binary on actual platform	2026-10-08T11:39:11.2638580Z       }
native (macos-15, darwin-arm64)	Execute official pinned binary on actual platform	2026-10-08T11:39:11.2638790Z     },
native (macos-15, darwin-arm64)	Execute official pinned binary on actual platform	2026-10-08T11:39:11.2639040Z     "redact_text_objects_render": {
native (macos-15, darwin-arm64)	Execute official pinned binary on actual platform	2026-10-08T11:39:11.2639360Z       "status": "PASS",
native (macos-15, darwin-arm64)	Execute official pinned binary on actual platform	2026-10-08T11:39:11.2639880Z       "details": {
native (macos-15, darwin-arm64)	Execute official pinned binary on actual platform	2026-10-08T11:39:11.2640340Z         "outputSha256": "7c4a883246b53993b9e1d771cf38bc2a9f3e3f80e39e41067b23b46727427266",
native (macos-15, darwin-arm64)	Execute official pinned binary on actual platform	2026-10-08T11:39:11.2640740Z         "textAndObjectBytesAbsent": true,
native (macos-15, darwin-arm64)	Execute official pinned binary on actual platform	2026-10-08T11:39:11.2640980Z         "visualReview": "NOT_RUN"
native (macos-15, darwin-arm64)	Execute official pinned binary on actual platform	2026-10-08T11:39:11.2641230Z       }
native (macos-15, darwin-arm64)	Execute official pinned binary on actual platform	2026-10-08T11:39:11.2641350Z     }
native (macos-15, darwin-arm64)	Execute official pinned binary on actual platform	2026-10-08T11:39:11.2641540Z   },
native (macos-15, darwin-arm64)	Execute official pinned binary on actual platform	2026-10-08T11:39:11.2641750Z   "scope": "DIRECT_NATIVE_ONLY_SKILL_INSTALLER_NOT_TESTED",
native (macos-15, darwin-arm64)	Execute official pinned binary on actual platform	2026-10-08T11:39:11.2642080Z   "chineseRecognition": "NOT_SUPPORTED_BY_PINNED_NATIVE",
native (macos-15, darwin-arm64)	Execute official pinned binary on actual platform	2026-10-08T11:39:11.2642450Z   "visualReview": "NOT_RUN",
native (macos-15, darwin-arm64)	Execute official pinned binary on actual platform	2026-10-08T11:39:11.2642710Z   "status": "PASS_SCOPED_NATIVE",
native (macos-15, darwin-arm64)	Execute official pinned binary on actual platform	2026-10-08T11:39:11.2643190Z   "runtimeArchiveSha256": "bda65829033916c5de5a7ddc0763437f8db2e8792ee43c8dc2676434acb3d495",
native (macos-15, darwin-arm64)	Execute official pinned binary on actual platform	2026-10-08T11:39:11.2643830Z   "runtimeBinarySha256": "b7783b596870ed5a326f29456d4647382d2e1e4d7b7ffe75ded192cd15b86995",
native (macos-15, darwin-arm64)	Execute official pinned binary on actual platform	2026-10-08T11:39:11.2644900Z   "versionOutput": "printcraft-cli 0.2.1\nDiscord: https://discord.gg/artcraft  (help and feedback)\nWeb:     https://getartcraft.com/apps/printcraft\nSource:  https://github.com/storytold/printcraft\n",
native (macos-15, darwin-arm64)	Execute official pinned binary on actual platform	2026-10-08T11:39:11.2646070Z   "catalogSha256": "8ddb81c0382bacbdebf8ffdf242ec795135abc0a7723eebbe3b14123de64bea1",
native (macos-15, darwin-arm64)	Execute official pinned binary on actual platform	2026-10-08T11:39:11.2646430Z   "catalogToolCount": 123,
native (macos-15, darwin-arm64)	Execute official pinned binary on actual platform	2026-10-08T11:39:11.2646770Z   "inputSha256": "9d035b63e05cfeb06b0985db1582f14185f99931a51eda69718764e91fdc0a0a",
native (macos-15, darwin-arm64)	Execute official pinned binary on actual platform	2026-10-08T11:39:11.2647100Z   "ocrStatus": {
native (macos-15, darwin-arm64)	Execute official pinned binary on actual platform	2026-10-08T11:39:11.2647260Z     "available": false,
native (macos-15, darwin-arm64)	Execute official pinned binary on actual platform	2026-10-08T11:39:11.2647430Z     "languages": [
native (macos-15, darwin-arm64)	Execute official pinned binary on actual platform	2026-10-08T11:39:11.2647730Z       {
native (macos-15, darwin-arm64)	Execute official pinned binary on actual platform	2026-10-08T11:39:11.2647870Z         "code": "en",
native (macos-15, darwin-arm64)	Execute official pinned binary on actual platform	2026-10-08T11:39:11.2648040Z         "name": "English"
native (macos-15, darwin-arm64)	Execute official pinned binary on actual platform	2026-10-08T11:39:11.2648200Z       }
native (macos-15, darwin-arm64)	Execute official pinned binary on actual platform	2026-10-08T11:39:11.2648370Z     ],
native (macos-15, darwin-arm64)	Execute official pinned binary on actual platform	2026-10-08T11:39:11.2648510Z     "search_dirs": [
native (macos-15, darwin-arm64)	Execute official pinned binary on actual platform	2026-10-08T11:39:11.2648830Z       "/Users/runner/work/printcraft-skills/printcraft-skills/native-evidence/models",
native (macos-15, darwin-arm64)	Execute official pinned binary on actual platform	2026-10-08T11:39:11.2649400Z       "/Users/runner/work/printcraft-skills/printcraft-skills/native-evidence/../Resources/models",
native (macos-15, darwin-arm64)	Execute official pinned binary on actual platform	2026-10-08T11:39:11.2649930Z       "/Users/runner/work/printcraft/printcraft/crates/ocr/../../assets/models"
native (macos-15, darwin-arm64)	Execute official pinned binary on actual platform	2026-10-08T11:39:11.2650220Z     ]
native (macos-15, darwin-arm64)	Execute official pinned binary on actual platform	2026-10-08T11:39:11.2650350Z   },
native (macos-15, darwin-arm64)	Execute official pinned binary on actual platform	2026-10-08T11:39:11.2650500Z   "sourceUnchanged": true,
native (macos-15, darwin-arm64)	Execute official pinned binary on actual platform	2026-10-08T11:39:11.2650680Z   "artifacts": {
native (macos-15, darwin-arm64)	Execute official pinned binary on actual platform	2026-10-08T11:39:11.2651000Z     "001-call.json": "5bea3fedd7eeae64a3b72ad99bdfe8f8e3175bf270715ef247a4f00265debfc3",
native (macos-15, darwin-arm64)	Execute official pinned binary on actual platform	2026-10-08T11:39:11.2651500Z     "001-stderr.log": "e3b0c44298fc1c149afbf4c8996fb92427ae41e4649b934ca495991b7852b855",
native (macos-15, darwin-arm64)	Execute official pinned binary on actual platform	2026-10-08T11:39:11.2651980Z     "001-stdout.log": "260187c52b001191acc62e300b68203b492022e0c2b78b74db7f63ed6cf0eb9b",
native (macos-15, darwin-arm64)	Execute official pinned binary on actual platform	2026-10-08T11:39:11.2652490Z     "002-call.json": "e44a6d5b24dfbbf9a357a5722714b0608e6d0902ed29e7080757cd1e45e8cc3b",
native (macos-15, darwin-arm64)	Execute official pinned binary on actual platform	2026-10-08T11:39:11.2652980Z     "002-stderr.log": "e3b0c44298fc1c149afbf4c8996fb92427ae41e4649b934ca495991b7852b855",
native (macos-15, darwin-arm64)	Execute official pinned binary on actual platform	2026-10-08T11:39:11.2653480Z     "002-stdout.log": "8ddb81c0382bacbdebf8ffdf242ec795135abc0a7723eebbe3b14123de64bea1",
native (macos-15, darwin-arm64)	Execute official pinned binary on actual platform	2026-10-08T11:39:11.2654060Z     "003-call.json": "584bf4c02e7caf23485889b918004758aec0311642a8ecb49f19fb9b1f89b71e",
native (macos-15, darwin-arm64)	Execute official pinned binary on actual platform	2026-10-08T11:39:11.2654600Z     "003-stderr.log": "e3b0c44298fc1c149afbf4c8996fb92427ae41e4649b934ca495991b7852b855",
native (macos-15, darwin-arm64)	Execute official pinned binary on actual platform	2026-10-08T11:39:11.2655090Z     "003-stdout.log": "e386028c4227510857e0d37f5997f34aad25ed99ef64243feee48fa2a4dbd5cf",
native (macos-15, darwin-arm64)	Execute official pinned binary on actual platform	2026-10-08T11:39:11.2655570Z     "004-call.json": "68a9f44486983eef1e98669c29b53c5207431b49af9d504de59d6c37d73b2c36",
native (macos-15, darwin-arm64)	Execute official pinned binary on actual platform	2026-10-08T11:39:11.2656050Z     "004-stderr.log": "e3b0c44298fc1c149afbf4c8996fb92427ae41e4649b934ca495991b7852b855",
native (macos-15, darwin-arm64)	Execute official pinned binary on actual platform	2026-10-08T11:39:11.2656540Z     "004-stdout.log": "06a0356a3929db45cc722b204446e32b8f5fe01e62a9813206ab32dd6a076b7b",
native (macos-15, darwin-arm64)	Execute official pinned binary on actual platform	2026-10-08T11:39:11.2657030Z     "005-call.json": "fb944fbaad4fb2c90bc6d3039c3d59bd7b4484fb63effa626a7c8d0b8a9eebca",
native (macos-15, darwin-arm64)	Execute official pinned binary on actual platform	2026-10-08T11:39:11.2657510Z     "005-stderr.log": "e3b0c44298fc1c149afbf4c8996fb92427ae41e4649b934ca495991b7852b855",
native (macos-15, darwin-arm64)	Execute official pinned binary on actual platform	2026-10-08T11:39:11.2658000Z     "005-stdout.log": "05a0254bf621f2c5607ace0e81c83d283b2c27685a1169e3ee97d808b0b72886",
native (macos-15, darwin-arm64)	Execute official pinned binary on actual platform	2026-10-08T11:39:11.2658740Z     "006-call.json": "8ec64d7877dc242e620b5686f24a6ef99a6d5c79c232e1145dada6e389962b97",
native (macos-15, darwin-arm64)	Execute official pinned binary on actual platform	2026-10-08T11:39:11.2659220Z     "006-stderr.log": "e3b0c44298fc1c149afbf4c8996fb92427ae41e4649b934ca495991b7852b855",
native (macos-15, darwin-arm64)	Execute official pinned binary on actual platform	2026-10-08T11:39:11.2659710Z     "006-stdout.log": "1a04a191ace245e98cc7421a421c6dc44d0237a6d3e2d591272e8eb36e84dd0b",
native (macos-15, darwin-arm64)	Execute official pinned binary on actual platform	2026-10-08T11:39:11.2660190Z     "007-call.json": "cff061bd9e55123bca0df3858e7b128c328f23ad6a0d86f4e4cc8e4aea0d9fb2",
native (macos-15, darwin-arm64)	Execute official pinned binary on actual platform	2026-10-08T11:39:11.2660680Z     "007-stderr.log": "e3b0c44298fc1c149afbf4c8996fb92427ae41e4649b934ca495991b7852b855",
native (macos-15, darwin-arm64)	Execute official pinned binary on actual platform	2026-10-08T11:39:11.2661170Z     "007-stdout.log": "86696a16aacf0f57f3bb129451d6fc4beeb518901609ed93dab29339eec83057",
native (macos-15, darwin-arm64)	Execute official pinned binary on actual platform	2026-10-08T11:39:11.2661650Z     "008-call.json": "4e7840c3a0f4e95db70e6837d0b5f10525e775b57b02eb3445d5b70e7ba47163",
native (macos-15, darwin-arm64)	Execute official pinned binary on actual platform	2026-10-08T11:39:11.2662130Z     "008-stderr.log": "663ad9fe33812d072154f0800b9639bc0b896f44bfaa41d4733c452a5b0a5014",
native (macos-15, darwin-arm64)	Execute official pinned binary on actual platform	2026-10-08T11:39:11.2662780Z     "008-stdout.log": "e3b0c44298fc1c149afbf4c8996fb92427ae41e4649b934ca495991b7852b855",
native (macos-15, darwin-arm64)	Execute official pinned binary on actual platform	2026-10-08T11:39:11.2663250Z     "009-call.json": "21106011a84d3e805d348a33752771db72253fef469998e47e085a1263a7ce68",
native (macos-15, darwin-arm64)	Execute official pinned binary on actual platform	2026-10-08T11:39:11.2663730Z     "009-stderr.log": "e3b0c44298fc1c149afbf4c8996fb92427ae41e4649b934ca495991b7852b855",
native (macos-15, darwin-arm64)	Execute official pinned binary on actual platform	2026-10-08T11:39:11.2664210Z     "009-stdout.log": "dc221f7db74b373f139198adc5dbe6ec9ef87f364394f74f6b63c45d83e3cbac",
native (macos-15, darwin-arm64)	Execute official pinned binary on actual platform	2026-10-08T11:39:11.2664690Z     "010-call.json": "611e68fc000aca5e872ab728ec8beebe00e401bd8157e5a7e6f71600efaab91c",
native (macos-15, darwin-arm64)	Execute official pinned binary on actual platform	2026-10-08T11:39:11.2665170Z     "010-stderr.log": "e3b0c44298fc1c149afbf4c8996fb92427ae41e4649b934ca495991b7852b855",
native (macos-15, darwin-arm64)	Execute official pinned binary on actual platform	2026-10-08T11:39:11.2665640Z     "010-stdout.log": "b9abbd28c2967e31d106aea04c499ad26634f73ec23f0c979e61d2d8e94f0264",
native (macos-15, darwin-arm64)	Execute official pinned binary on actual platform	2026-10-08T11:39:11.2666120Z     "011-call.json": "609cb4fd4326e040f66b43e28f7ad15ef9f49d6f38dc04ec3a4e33298190eb2e",
native (macos-15, darwin-arm64)	Execute official pinned binary on actual platform	2026-10-08T11:39:11.2666600Z     "011-stderr.log": "e3b0c44298fc1c149afbf4c8996fb92427ae41e4649b934ca495991b7852b855",
native (macos-15, darwin-arm64)	Execute official pinned binary on actual platform	2026-10-08T11:39:11.2667090Z     "011-stdout.log": "1a04a191ace245e98cc7421a421c6dc44d0237a6d3e2d591272e8eb36e84dd0b",
native (macos-15, darwin-arm64)	Execute official pinned binary on actual platform	2026-10-08T11:39:11.2667560Z     "012-call.json": "51e0e918efde4c15ab2c0d901263d272a091d0e2d1859386e755026bd5d2a7b8",
native (macos-15, darwin-arm64)	Execute official pinned binary on actual platform	2026-10-08T11:39:11.2668040Z     "012-stderr.log": "e3b0c44298fc1c149afbf4c8996fb92427ae41e4649b934ca495991b7852b855",
native (macos-15, darwin-arm64)	Execute official pinned binary on actual platform	2026-10-08T11:39:11.2668510Z     "012-stdout.log": "86696a16aacf0f57f3bb129451d6fc4beeb518901609ed93dab29339eec83057",
native (macos-15, darwin-arm64)	Execute official pinned binary on actual platform	2026-10-08T11:39:11.2668990Z     "013-call.json": "bb85808cb6860d1d9a30fe9e74df8cc9198ff9e2e59f4e83af1201db9cf07ebb",
native (macos-15, darwin-arm64)	Execute official pinned binary on actual platform	2026-10-08T11:39:11.2669470Z     "013-stderr.log": "e3b0c44298fc1c149afbf4c8996fb92427ae41e4649b934ca495991b7852b855",
native (macos-15, darwin-arm64)	Execute official pinned binary on actual platform	2026-10-08T11:39:11.2669950Z     "013-stdout.log": "05a0254bf621f2c5607ace0e81c83d283b2c27685a1169e3ee97d808b0b72886",
native (macos-15, darwin-arm64)	Execute official pinned binary on actual platform	2026-10-08T11:39:11.2670430Z     "014-call.json": "6aae8f53f51fa338f5f9cd643a34f0848df2d1e5a45a8b7cd46a75f460702948",
native (macos-15, darwin-arm64)	Execute official pinned binary on actual platform	2026-10-08T11:39:11.2670900Z     "014-stderr.log": "f5823b81062be25f7924346006a2ad8d8cc9edb8022b3f923c89c3f4c7424c6c",
native (macos-15, darwin-arm64)	Execute official pinned binary on actual platform	2026-10-08T11:39:11.2671390Z     "014-stdout.log": "e3b0c44298fc1c149afbf4c8996fb92427ae41e4649b934ca495991b7852b855",
native (macos-15, darwin-arm64)	Execute official pinned binary on actual platform	2026-10-08T11:39:11.2671870Z     "015-call.json": "76d9ecaf683afe175f8ae2947f12d5d4944093d464133f592efbdda3c29b47f9",
native (macos-15, darwin-arm64)	Execute official pinned binary on actual platform	2026-10-08T11:39:11.2672350Z     "015-stderr.log": "e3b0c44298fc1c149afbf4c8996fb92427ae41e4649b934ca495991b7852b855",
native (macos-15, darwin-arm64)	Execute official pinned binary on actual platform	2026-10-08T11:39:11.2672820Z     "015-stdout.log": "11386c78201a0bda14379d7c41646aa84983718cac68b173d4b88da160730075",
native (macos-15, darwin-arm64)	Execute official pinned binary on actual platform	2026-10-08T11:39:11.2673290Z     "016-call.json": "cbda547e7072db4ab2bded11d82afd67a637eb76ea3072bbc37230397df32d1f",
native (macos-15, darwin-arm64)	Execute official pinned binary on actual platform	2026-10-08T11:39:11.2673770Z     "016-stderr.log": "e3b0c44298fc1c149afbf4c8996fb92427ae41e4649b934ca495991b7852b855",
native (macos-15, darwin-arm64)	Execute official pinned binary on actual platform	2026-10-08T11:39:11.2674250Z     "016-stdout.log": "57f6d9f411c12d01e605d4e0e31c86db2f6d15d09442556c49fa93d8727aaf8e",
native (macos-15, darwin-arm64)	Execute official pinned binary on actual platform	2026-10-08T11:39:11.2674720Z     "017-call.json": "ff3c59a7d2e79bd165ab72fdd6dd94402c456b3a432df15b0eaf3cd4be48874d",
native (macos-15, darwin-arm64)	Execute official pinned binary on actual platform	2026-10-08T11:39:11.2675350Z     "017-stderr.log": "e3b0c44298fc1c149afbf4c8996fb92427ae41e4649b934ca495991b7852b855",
native (macos-15, darwin-arm64)	Execute official pinned binary on actual platform	2026-10-08T11:39:11.2675830Z     "017-stdout.log": "1a04a191ace245e98cc7421a421c6dc44d0237a6d3e2d591272e8eb36e84dd0b",
native (macos-15, darwin-arm64)	Execute official pinned binary on actual platform	2026-10-08T11:39:11.2676310Z     "018-call.json": "f0f299117363555ac4bdead9334d42ccf09d98ae3735adaaa633e981c879433b",
native (macos-15, darwin-arm64)	Execute official pinned binary on actual platform	2026-10-08T11:39:11.2676780Z     "018-stderr.log": "e3b0c44298fc1c149afbf4c8996fb92427ae41e4649b934ca495991b7852b855",
native (macos-15, darwin-arm64)	Execute official pinned binary on actual platform	2026-10-08T11:39:11.2677260Z     "018-stdout.log": "86696a16aacf0f57f3bb129451d6fc4beeb518901609ed93dab29339eec83057",
native (macos-15, darwin-arm64)	Execute official pinned binary on actual platform	2026-10-08T11:39:11.2677740Z     "019-call.json": "88483a391fe345a123b4ae66962a6237f65b15cfc68fa1b5e8aa226282860f87",
native (macos-15, darwin-arm64)	Execute official pinned binary on actual platform	2026-10-08T11:39:11.2678210Z     "019-stderr.log": "e3b0c44298fc1c149afbf4c8996fb92427ae41e4649b934ca495991b7852b855",
native (macos-15, darwin-arm64)	Execute official pinned binary on actual platform	2026-10-08T11:39:11.2678680Z     "019-stdout.log": "05a0254bf621f2c5607ace0e81c83d283b2c27685a1169e3ee97d808b0b72886",
native (macos-15, darwin-arm64)	Execute official pinned binary on actual platform	2026-10-08T11:39:11.2679160Z     "020-call.json": "a71d7bb29b0cab26159f6486b210713db9df9f87725bbae878266ce117961e3d",
native (macos-15, darwin-arm64)	Execute official pinned binary on actual platform	2026-10-08T11:39:11.2679800Z     "020-stderr.log": "2d011927f27fa972e4e451dbf56174bb05571235315da99618151b138d2f2ce6",
native (macos-15, darwin-arm64)	Execute official pinned binary on actual platform	2026-10-08T11:39:11.2680280Z     "020-stdout.log": "e3b0c44298fc1c149afbf4c8996fb92427ae41e4649b934ca495991b7852b855",
native (macos-15, darwin-arm64)	Execute official pinned binary on actual platform	2026-10-08T11:39:11.2680750Z     "021-call.json": "465d88c5b625a3dd6c91f2deaf1f77d88820e71e9e37cdcb932f090411ca6523",
native (macos-15, darwin-arm64)	Execute official pinned binary on actual platform	2026-10-08T11:39:11.2681230Z     "021-stderr.log": "e3b0c44298fc1c149afbf4c8996fb92427ae41e4649b934ca495991b7852b855",
native (macos-15, darwin-arm64)	Execute official pinned binary on actual platform	2026-10-08T11:39:11.2681710Z     "021-stdout.log": "50fe6d0c7ff119bef31749c28eb66cb3711aa87cd0d79fd9e45a3290cb8ab55c",
native (macos-15, darwin-arm64)	Execute official pinned binary on actual platform	2026-10-08T11:39:11.2682280Z     "022-call.json": "6b1932adb41c2710c5573efa308a2fd338a2026248d58f7ebf7b83b18fb4f706",
native (macos-15, darwin-arm64)	Execute official pinned binary on actual platform	2026-10-08T11:39:11.2682760Z     "022-stderr.log": "e3b0c44298fc1c149afbf4c8996fb92427ae41e4649b934ca495991b7852b855",
native (macos-15, darwin-arm64)	Execute official pinned binary on actual platform	2026-10-08T11:39:11.2683230Z     "022-stdout.log": "593eb16125aec2999d9e6b130fb5cc7c517aa7976c7931221c75ea8b5b8d583f",
native (macos-15, darwin-arm64)	Execute official pinned binary on actual platform	2026-10-08T11:39:11.2683700Z     "023-call.json": "b19019d1506086d339598a6631cfa882b22b340f20f7e40e536c9b08ae325890",
native (macos-15, darwin-arm64)	Execute official pinned binary on actual platform	2026-10-08T11:39:11.2684180Z     "023-stderr.log": "e3b0c44298fc1c149afbf4c8996fb92427ae41e4649b934ca495991b7852b855",
native (macos-15, darwin-arm64)	Execute official pinned binary on actual platform	2026-10-08T11:39:11.2684650Z     "023-stdout.log": "3f0aa56e4cb3583192313183b85c05446e87a5a097ab85c5d5292daee932338c",
native (macos-15, darwin-arm64)	Execute official pinned binary on actual platform	2026-10-08T11:39:11.2685120Z     "024-call.json": "282dc4a6b142b6b7674249a91bd16336ae325060ae13301349aeb04f7f51322d",
native (macos-15, darwin-arm64)	Execute official pinned binary on actual platform	2026-10-08T11:39:11.2685590Z     "024-stderr.log": "e3b0c44298fc1c149afbf4c8996fb92427ae41e4649b934ca495991b7852b855",
native (macos-15, darwin-arm64)	Execute official pinned binary on actual platform	2026-10-08T11:39:11.2686140Z     "024-stdout.log": "33343d8e3983017124cdc4cddc1e91d1f4a53f393adaa8d0155ed1f27ce1186e",
native (macos-15, darwin-arm64)	Execute official pinned binary on actual platform	2026-10-08T11:39:11.2686620Z     "025-call.json": "1c24eb595b34f5feb8f15717bc38199603f123ea75008b047af8add945f39be2",
native (macos-15, darwin-arm64)	Execute official pinned binary on actual platform	2026-10-08T11:39:11.2687090Z     "025-stderr.log": "34ac5348f085f60e7679f8b5b75b9ac38ffdad55aef5c0366810f22e5274b063",
native (macos-15, darwin-arm64)	Execute official pinned binary on actual platform	2026-10-08T11:39:11.2687570Z     "025-stdout.log": "e3b0c44298fc1c149afbf4c8996fb92427ae41e4649b934ca495991b7852b855",
native (macos-15, darwin-arm64)	Execute official pinned binary on actual platform	2026-10-08T11:39:11.2688050Z     "026-call.json": "ab0e8eee5b303437e78c8d7fd085104399acbfe298191ad89b2f69250478ec7b",
native (macos-15, darwin-arm64)	Execute official pinned binary on actual platform	2026-10-08T11:39:11.2688530Z     "026-stderr.log": "e3b0c44298fc1c149afbf4c8996fb92427ae41e4649b934ca495991b7852b855",
native (macos-15, darwin-arm64)	Execute official pinned binary on actual platform	2026-10-08T11:39:11.2689000Z     "026-stdout.log": "1782005dd98370f6d5796e83851ff904f173bace60493b7594b0923afe1a1f5b",
native (macos-15, darwin-arm64)	Execute official pinned binary on actual platform	2026-10-08T11:39:11.2689480Z     "crop.json": "e951c9c1db0cddc21f3fd49c38d38bc3aac6b7ba54cf640d53be7d5dac836fc1",
native (macos-15, darwin-arm64)	Execute official pinned binary on actual platform	2026-10-08T11:39:11.2689950Z     "crop.pam": "800e5debd6af3433e00f8d0661b056aba194e6399b6f6115cbf4c76a1e3d5a33",
native (macos-15, darwin-arm64)	Execute official pinned binary on actual platform	2026-10-08T11:39:11.2690420Z     "crop.pdf": "6bc0a5cfeaeb7faa46748f9eac5577dd0b63f09cae22982dfa737129675866ff",
native (macos-15, darwin-arm64)	Execute official pinned binary on actual platform	2026-10-08T11:39:11.2690910Z     "form-reopen.json": "751df5d153a48ca7367b97c8e2640b60929e52dc90b80644e0045966c101c28a",
native (macos-15, darwin-arm64)	Execute official pinned binary on actual platform	2026-10-08T11:39:11.2691570Z     "form.json": "b6e66f92767ced592a7e6c08297a7c2fe1502f398631379af4dfa7ea3138c481",
native (macos-15, darwin-arm64)	Execute official pinned binary on actual platform	2026-10-08T11:39:11.2692030Z     "form.pdf": "0c97a5ad0a5e67044af11a0a2015a982f0e9aea1712853be610073ac9dcfb86f",
native (macos-15, darwin-arm64)	Execute official pinned binary on actual platform	2026-10-08T11:39:11.2692700Z     "ocr-status.json": "c1e2272eb0b04dd03cde92ae4387f987210b9598f98183d3bf1624ff0a25b24e",
native (macos-15, darwin-arm64)	Execute official pinned binary on actual platform	2026-10-08T11:39:11.2693180Z     "redact.json": "c1e72e7c1e692da374eb2e50023b0bc6c30df6a15ac53b1c632361eb1e643df2",
native (macos-15, darwin-arm64)	Execute official pinned binary on actual platform	2026-10-08T11:39:11.2693660Z     "redacted.pam": "91986fe8ceef5be0c48e7fd3613c9d3d8985018c621e5932e99d71191a20c7c9",
native (macos-15, darwin-arm64)	Execute official pinned binary on actual platform	2026-10-08T11:39:11.2694140Z     "redacted.pdf": "7c4a883246b53993b9e1d771cf38bc2a9f3e3f80e39e41067b23b46727427266",
native (macos-15, darwin-arm64)	Execute official pinned binary on actual platform	2026-10-08T11:39:11.2694610Z     "reorder.json": "d73e62bcf276cf944288ed61fa08418956f28ee0fc654c849e7115dfecfbed55",
native (macos-15, darwin-arm64)	Execute official pinned binary on actual platform	2026-10-08T11:39:11.2695090Z     "reorder.pam": "6db18d931d460ff50a4536ca589428ff9e7aadeb2f534bde9f96ae5521ea8f21",
native (macos-15, darwin-arm64)	Execute official pinned binary on actual platform	2026-10-08T11:39:11.2695560Z     "reorder.pdf": "0f980b7fe761253ef3bddd902cfa2c6f402ebc703995e1e48dc9ea4105a80045",
native (macos-15, darwin-arm64)	Execute official pinned binary on actual platform	2026-10-08T11:39:11.2696030Z     "rotate.json": "63e3286f708aa71b9b2525c937b5a7929073e7f549f001337cb81f3054b377ba",
native (macos-15, darwin-arm64)	Execute official pinned binary on actual platform	2026-10-08T11:39:11.2696480Z     "rotate.pam": "6c8181dcc97ff857c58fb82b0409fbc8841793cb9fb0b348df5919555968d91e",
native (macos-15, darwin-arm64)	Execute official pinned binary on actual platform	2026-10-08T11:39:11.2697080Z     "rotate.pdf": "83cbb5b7c0a8841cf698b76ce13fa624419e682b29dc58a33705511caaae6481",
native (macos-15, darwin-arm64)	Execute official pinned binary on actual platform	2026-10-08T11:39:11.2697540Z     "source.pdf": "9d035b63e05cfeb06b0985db1582f14185f99931a51eda69718764e91fdc0a0a",
native (macos-15, darwin-arm64)	Execute official pinned binary on actual platform	2026-10-08T11:39:11.2698000Z     "tools.json": "8ddb81c0382bacbdebf8ffdf242ec795135abc0a7723eebbe3b14123de64bea1"
native (macos-15, darwin-arm64)	Execute official pinned binary on actual platform	2026-10-08T11:39:11.2698320Z   },
native (macos-15, darwin-arm64)	Execute official pinned binary on actual platform	2026-10-08T11:39:11.2698500Z   "finishedAt": "2026-10-08T11:39:11.246561+00:00"
native (macos-15, darwin-arm64)	Execute official pinned binary on actual platform	2026-10-08T11:39:11.2698710Z }
native (macos-15, darwin-arm64)	Preserve native observations even on failure	﻿2026-10-08T11:39:11.2947410Z ##[group]Run actions/upload-artifact@v4
native (macos-15, darwin-arm64)	Preserve native observations even on failure	2026-10-08T11:39:11.2947700Z with:
native (macos-15, darwin-arm64)	Preserve native observations even on failure	2026-10-08T11:39:11.2947870Z   name: native-darwin-arm64-37771440411
native (macos-15, darwin-arm64)	Preserve native observations even on failure	2026-10-08T11:39:11.2948250Z   path: native-evidence/*.json
native (macos-15, darwin-arm64)	Preserve native observations even on failure	native-evidence/*.log
native (macos-15, darwin-arm64)	Preserve native observations even on failure	native-evidence/*.pdf
native (macos-15, darwin-arm64)	Preserve native observations even on failure	native-evidence/*.pam
native (macos-15, darwin-arm64)	Preserve native observations even on failure	
native (macos-15, darwin-arm64)	Preserve native observations even on failure	2026-10-08T11:39:11.2948980Z   if-no-files-found: error
native (macos-15, darwin-arm64)	Preserve native observations even on failure	2026-10-08T11:39:11.2949180Z   compression-level: 6
native (macos-15, darwin-arm64)	Preserve native observations even on failure	2026-10-08T11:39:11.2949340Z   overwrite: false
native (macos-15, darwin-arm64)	Preserve native observations even on failure	2026-10-08T11:39:11.2949520Z   include-hidden-files: false
native (macos-15, darwin-arm64)	Preserve native observations even on failure	2026-10-08T11:39:11.2949700Z env:
native (macos-15, darwin-arm64)	Preserve native observations even on failure	2026-10-08T11:39:11.2949920Z   pythonLocation: /Users/runner/hostedtoolcache/Python/3.13.15/arm64
native (macos-15, darwin-arm64)	Preserve native observations even on failure	2026-10-08T11:39:11.2950340Z   PKG_CONFIG_PATH: /Users/runner/hostedtoolcache/Python/3.13.15/arm64/lib/pkgconfig
native (macos-15, darwin-arm64)	Preserve native observations even on failure	2026-10-08T11:39:11.2950740Z   Python_ROOT_DIR: /Users/runner/hostedtoolcache/Python/3.13.15/arm64
native (macos-15, darwin-arm64)	Preserve native observations even on failure	2026-10-08T11:39:11.2951100Z   Python2_ROOT_DIR: /Users/runner/hostedtoolcache/Python/3.13.15/arm64
native (macos-15, darwin-arm64)	Preserve native observations even on failure	2026-10-08T11:39:11.2951470Z   Python3_ROOT_DIR: /Users/runner/hostedtoolcache/Python/3.13.15/arm64
native (macos-15, darwin-arm64)	Preserve native observations even on failure	2026-10-08T11:39:11.2951790Z ##[endgroup]
native (macos-15, darwin-arm64)	Preserve native observations even on failure	2026-10-08T11:39:11.4979310Z (node:1431) [DEP0040] DeprecationWarning: The `punycode` module is deprecated. Please use a userland alternative instead.
native (macos-15, darwin-arm64)	Preserve native observations even on failure	2026-10-08T11:39:11.4981110Z (Use `node --trace-deprecation ...` to show where the warning was created)
native (macos-15, darwin-arm64)	Preserve native observations even on failure	2026-10-08T11:39:11.5157540Z With the provided path, there will be 97 files uploaded
native (macos-15, darwin-arm64)	Preserve native observations even on failure	2026-10-08T11:39:11.5164200Z Artifact name is valid!
native (macos-15, darwin-arm64)	Preserve native observations even on failure	2026-10-08T11:39:11.5165060Z Root directory input is valid!
native (macos-15, darwin-arm64)	Preserve native observations even on failure	2026-10-08T11:39:11.7435440Z Beginning upload of artifact content to blob storage
native (macos-15, darwin-arm64)	Preserve native observations even on failure	2026-10-08T11:39:11.8763810Z (node:1431) [DEP0169] DeprecationWarning: `url.parse()` behavior is not standardized and prone to errors that have security implications. Use the WHATWG URL API instead. CVEs are not issued for `url.parse()` vulnerabilities.
native (macos-15, darwin-arm64)	Preserve native observations even on failure	2026-10-08T11:39:11.9062080Z Uploaded bytes 90422
native (macos-15, darwin-arm64)	Preserve native observations even on failure	2026-10-08T11:39:11.9205730Z Finished uploading artifact content to blob storage!
native (macos-15, darwin-arm64)	Preserve native observations even on failure	2026-10-08T11:39:11.9210830Z SHA256 digest of uploaded artifact zip is 864dfb0de8fd4b13e2dd78d85e2ac18c5d4e0070790cd8004728f4ba303f8fca
native (macos-15, darwin-arm64)	Preserve native observations even on failure	2026-10-08T11:39:11.9212580Z Finalizing artifact upload
native (macos-15, darwin-arm64)	Preserve native observations even on failure	2026-10-08T11:39:12.1260240Z Artifact native-darwin-arm64-37771440411.zip successfully finalized. Artifact ID 11547897058
native (macos-15, darwin-arm64)	Preserve native observations even on failure	2026-10-08T11:39:12.1264630Z Artifact native-darwin-arm64-37771440411 has been successfully uploaded! Final size is 90422 bytes. Artifact ID is 11547897058
native (macos-15, darwin-arm64)	Preserve native observations even on failure	2026-10-08T11:39:12.1268030Z Artifact download URL: https://github.com/full-aigc-skills/printcraft-skills/actions/runs/37771440411/artifacts/11547897058
native (macos-15, darwin-arm64)	Post Run actions/setup-python@v5	﻿2026-10-08T11:39:12.1455670Z Post job cleanup.
native (macos-15, darwin-arm64)	Post Run actions/setup-python@v5	2026-10-08T11:39:12.2652070Z (node:1436) [DEP0040] DeprecationWarning: The `punycode` module is deprecated. Please use a userland alternative instead.
native (macos-15, darwin-arm64)	Post Run actions/setup-python@v5	2026-10-08T11:39:12.2653810Z (Use `node --trace-deprecation ...` to show where the warning was created)
native (macos-15, darwin-arm64)	Post Run actions/checkout@v4	﻿2026-10-08T11:39:12.2754830Z Post job cleanup.
native (macos-15, darwin-arm64)	Post Run actions/checkout@v4	2026-10-08T11:39:12.3745500Z [command]/opt/homebrew/bin/git version
native (macos-15, darwin-arm64)	Post Run actions/checkout@v4	2026-10-08T11:39:12.3844130Z git version 2.55.0
native (macos-15, darwin-arm64)	Post Run actions/checkout@v4	2026-10-08T11:39:12.3866380Z Copying '/Users/runner/.gitconfig' to '/Users/runner/work/_temp/d7ae906d-e55d-4826-9159-59e4a425b07e/.gitconfig'
native (macos-15, darwin-arm64)	Post Run actions/checkout@v4	2026-10-08T11:39:12.3882850Z Temporarily overriding HOME='/Users/runner/work/_temp/d7ae906d-e55d-4826-9159-59e4a425b07e' before making global git config changes
native (macos-15, darwin-arm64)	Post Run actions/checkout@v4	2026-10-08T11:39:12.3883560Z Adding repository directory to the temporary git global config as a safe directory
native (macos-15, darwin-arm64)	Post Run actions/checkout@v4	2026-10-08T11:39:12.3888030Z [command]/opt/homebrew/bin/git config --global --add safe.directory /Users/runner/work/printcraft-skills/printcraft-skills
native (macos-15, darwin-arm64)	Post Run actions/checkout@v4	2026-10-08T11:39:12.3963830Z [command]/opt/homebrew/bin/git config --local --name-only --get-regexp core\.sshCommand
native (macos-15, darwin-arm64)	Post Run actions/checkout@v4	2026-10-08T11:39:12.4035960Z [command]/opt/homebrew/bin/git submodule foreach --recursive sh -c "git config --local --name-only --get-regexp 'core\.sshCommand' && git config --local --unset-all 'core.sshCommand' || :"
native (macos-15, darwin-arm64)	Post Run actions/checkout@v4	2026-10-08T11:39:12.4969710Z [command]/opt/homebrew/bin/git config --local --name-only --get-regexp http\.https\:\/\/github\.com\/\.extraheader
native (macos-15, darwin-arm64)	Post Run actions/checkout@v4	2026-10-08T11:39:12.5070980Z http.https://github.com/.extraheader
native (macos-15, darwin-arm64)	Post Run actions/checkout@v4	2026-10-08T11:39:12.5373860Z [command]/opt/homebrew/bin/git config --local --unset-all http.https://github.com/.extraheader
native (macos-15, darwin-arm64)	Post Run actions/checkout@v4	2026-10-08T11:39:12.5531590Z [command]/opt/homebrew/bin/git submodule foreach --recursive sh -c "git config --local --name-only --get-regexp 'http\.https\:\/\/github\.com\/\.extraheader' && git config --local --unset-all 'http.https://github.com/.extraheader' || :"
native (macos-15, darwin-arm64)	Post Run actions/checkout@v4	2026-10-08T11:39:12.6257550Z [command]/opt/homebrew/bin/git config --local --name-only --get-regexp ^includeIf\.gitdir:
native (macos-15, darwin-arm64)	Post Run actions/checkout@v4	2026-10-08T11:39:12.6398740Z [command]/opt/homebrew/bin/git submodule foreach --recursive git config --local --show-origin --name-only --get-regexp remote.origin.url
native (macos-15, darwin-arm64)	Complete job	﻿2026-10-08T11:39:12.7493410Z Cleaning up orphan processes
native (macos-15, darwin-arm64)	Complete job	2026-10-08T11:39:13.2115910Z ##[warning]Node.js 20 is deprecated. The following actions target Node.js 20 but are being forced to run on Node.js 24: actions/checkout@v4, actions/setup-python@v5, actions/upload-artifact@v4. For more information see: https://github.blog/changelog/2025-09-19-deprecation-of-node-20-on-github-actions-runners/
native (ubuntu-24.04, linux-x86_64)	Set up job	﻿2026-10-08T11:39:01.0886236Z Current runner version: '2.337.0'
native (ubuntu-24.04, linux-x86_64)	Set up job	2026-10-08T11:39:01.0918272Z ##[group]Runner Image Provisioner
native (ubuntu-24.04, linux-x86_64)	Set up job	2026-10-08T11:39:01.0919403Z Hosted Compute Agent
native (ubuntu-24.04, linux-x86_64)	Set up job	2026-10-08T11:39:01.0920344Z Version: 20260901.588
native (ubuntu-24.04, linux-x86_64)	Set up job	2026-10-08T11:39:01.0921141Z Commit: f88ec8081b781fac6c440065ac7ff9e710ce3d0b
native (ubuntu-24.04, linux-x86_64)	Set up job	2026-10-08T11:39:01.0922163Z Build Date: 2026-09-01T19:56:44Z
native (ubuntu-24.04, linux-x86_64)	Set up job	2026-10-08T11:39:01.0923045Z Worker ID: {8a35e361-0fa1-4af8-ab8a-5c85743f5c01}
native (ubuntu-24.04, linux-x86_64)	Set up job	2026-10-08T11:39:01.0924037Z Azure Region: eastus
native (ubuntu-24.04, linux-x86_64)	Set up job	2026-10-08T11:39:01.0924790Z ##[endgroup]
native (ubuntu-24.04, linux-x86_64)	Set up job	2026-10-08T11:39:01.0926450Z ##[group]Operating System
native (ubuntu-24.04, linux-x86_64)	Set up job	2026-10-08T11:39:01.0927320Z Ubuntu
native (ubuntu-24.04, linux-x86_64)	Set up job	2026-10-08T11:39:01.0927980Z 24.04.5
native (ubuntu-24.04, linux-x86_64)	Set up job	2026-10-08T11:39:01.0928596Z LTS
native (ubuntu-24.04, linux-x86_64)	Set up job	2026-10-08T11:39:01.0929362Z ##[endgroup]
native (ubuntu-24.04, linux-x86_64)	Set up job	2026-10-08T11:39:01.0930239Z ##[group]Runner Image
native (ubuntu-24.04, linux-x86_64)	Set up job	2026-10-08T11:39:01.0931134Z Image: ubuntu-24.04
native (ubuntu-24.04, linux-x86_64)	Set up job	2026-10-08T11:39:01.0931853Z Version: 20260927.320.1
native (ubuntu-24.04, linux-x86_64)	Set up job	2026-10-08T11:39:01.0933211Z Included Software: https://github.com/actions/runner-images/blob/ubuntu24/20260927.320/images/ubuntu/Ubuntu2404-Readme.md
native (ubuntu-24.04, linux-x86_64)	Set up job	2026-10-08T11:39:01.0935616Z Image Release: https://github.com/actions/runner-images/releases/tag/ubuntu24%2F20260927.320
native (ubuntu-24.04, linux-x86_64)	Set up job	2026-10-08T11:39:01.0936962Z ##[endgroup]
native (ubuntu-24.04, linux-x86_64)	Set up job	2026-10-08T11:39:01.0938354Z ##[group]GITHUB_TOKEN Permissions
native (ubuntu-24.04, linux-x86_64)	Set up job	2026-10-08T11:39:01.0940959Z Contents: read
native (ubuntu-24.04, linux-x86_64)	Set up job	2026-10-08T11:39:01.0941732Z Metadata: read
native (ubuntu-24.04, linux-x86_64)	Set up job	2026-10-08T11:39:01.0942453Z ##[endgroup]
native (ubuntu-24.04, linux-x86_64)	Set up job	2026-10-08T11:39:01.0944685Z Secret source: Actions
native (ubuntu-24.04, linux-x86_64)	Set up job	2026-10-08T11:39:01.0946336Z Cache mode: write
native (ubuntu-24.04, linux-x86_64)	Set up job	2026-10-08T11:39:01.0947407Z Prepare workflow directory
native (ubuntu-24.04, linux-x86_64)	Set up job	2026-10-08T11:39:01.1313876Z Prepare all required actions
native (ubuntu-24.04, linux-x86_64)	Set up job	2026-10-08T11:39:01.1369850Z Getting action download info
native (ubuntu-24.04, linux-x86_64)	Set up job	2026-10-08T11:39:01.3035336Z Download action repository 'actions/checkout@v4' (SHA:11d5960a326750d5838078e36cf38b85af677262)
native (ubuntu-24.04, linux-x86_64)	Set up job	2026-10-08T11:39:01.7617773Z Download action repository 'actions/setup-python@v5' (SHA:a26af69be951a213d495a4c3e4e4022e16d87065)
native (ubuntu-24.04, linux-x86_64)	Set up job	2026-10-08T11:39:01.8592384Z Download action repository 'actions/upload-artifact@v4' (SHA:ea165f8d65b6e75b540449e92b4886f43607fa02)
native (ubuntu-24.04, linux-x86_64)	Set up job	2026-10-08T11:39:02.1652640Z Complete job name: native (ubuntu-24.04, linux-x86_64)
native (ubuntu-24.04, linux-x86_64)	Run actions/checkout@v4	﻿2026-10-08T11:39:02.2373962Z ##[group]Run actions/checkout@v4
native (ubuntu-24.04, linux-x86_64)	Run actions/checkout@v4	2026-10-08T11:39:02.2375110Z with:
native (ubuntu-24.04, linux-x86_64)	Run actions/checkout@v4	2026-10-08T11:39:02.2375899Z   repository: full-aigc-skills/printcraft-skills
native (ubuntu-24.04, linux-x86_64)	Run actions/checkout@v4	2026-10-08T11:39:02.2382383Z   token: ***
native (ubuntu-24.04, linux-x86_64)	Run actions/checkout@v4	2026-10-08T11:39:02.2383097Z   ssh-strict: true
native (ubuntu-24.04, linux-x86_64)	Run actions/checkout@v4	2026-10-08T11:39:02.2383823Z   ssh-user: git
native (ubuntu-24.04, linux-x86_64)	Run actions/checkout@v4	2026-10-08T11:39:02.2384547Z   persist-credentials: true
native (ubuntu-24.04, linux-x86_64)	Run actions/checkout@v4	2026-10-08T11:39:02.2385341Z   clean: true
native (ubuntu-24.04, linux-x86_64)	Run actions/checkout@v4	2026-10-08T11:39:02.2386071Z   sparse-checkout-cone-mode: true
native (ubuntu-24.04, linux-x86_64)	Run actions/checkout@v4	2026-10-08T11:39:02.2386916Z   fetch-depth: 1
native (ubuntu-24.04, linux-x86_64)	Run actions/checkout@v4	2026-10-08T11:39:02.2387625Z   fetch-tags: false
native (ubuntu-24.04, linux-x86_64)	Run actions/checkout@v4	2026-10-08T11:39:02.2388358Z   show-progress: true
native (ubuntu-24.04, linux-x86_64)	Run actions/checkout@v4	2026-10-08T11:39:02.2389116Z   lfs: false
native (ubuntu-24.04, linux-x86_64)	Run actions/checkout@v4	2026-10-08T11:39:02.2389801Z   submodules: false
native (ubuntu-24.04, linux-x86_64)	Run actions/checkout@v4	2026-10-08T11:39:02.2390831Z   set-safe-directory: true
native (ubuntu-24.04, linux-x86_64)	Run actions/checkout@v4	2026-10-08T11:39:02.2391684Z   allow-unsafe-pr-checkout: false
native (ubuntu-24.04, linux-x86_64)	Run actions/checkout@v4	2026-10-08T11:39:02.2392766Z ##[endgroup]
native (ubuntu-24.04, linux-x86_64)	Run actions/checkout@v4	2026-10-08T11:39:02.3243139Z Syncing repository: full-aigc-skills/printcraft-skills
native (ubuntu-24.04, linux-x86_64)	Run actions/checkout@v4	2026-10-08T11:39:02.3246374Z ##[group]Getting Git version info
native (ubuntu-24.04, linux-x86_64)	Run actions/checkout@v4	2026-10-08T11:39:02.3247777Z Working directory is '/home/runner/work/printcraft-skills/printcraft-skills'
native (ubuntu-24.04, linux-x86_64)	Run actions/checkout@v4	2026-10-08T11:39:02.3249718Z [command]/usr/bin/git version
native (ubuntu-24.04, linux-x86_64)	Run actions/checkout@v4	2026-10-08T11:39:02.3643355Z git version 2.55.0
native (ubuntu-24.04, linux-x86_64)	Run actions/checkout@v4	2026-10-08T11:39:02.3670281Z ##[endgroup]
native (ubuntu-24.04, linux-x86_64)	Run actions/checkout@v4	2026-10-08T11:39:02.3679200Z Temporarily overriding HOME='/home/runner/work/_temp/88d2a889-7620-497e-8de6-72d48854b5ab' before making global git config changes
native (ubuntu-24.04, linux-x86_64)	Run actions/checkout@v4	2026-10-08T11:39:02.3682694Z Adding repository directory to the temporary git global config as a safe directory
native (ubuntu-24.04, linux-x86_64)	Run actions/checkout@v4	2026-10-08T11:39:02.3685591Z [command]/usr/bin/git config --global --add safe.directory /home/runner/work/printcraft-skills/printcraft-skills
native (ubuntu-24.04, linux-x86_64)	Run actions/checkout@v4	2026-10-08T11:39:02.3731628Z Deleting the contents of '/home/runner/work/printcraft-skills/printcraft-skills'
native (ubuntu-24.04, linux-x86_64)	Run actions/checkout@v4	2026-10-08T11:39:02.3740820Z ##[group]Initializing the repository
native (ubuntu-24.04, linux-x86_64)	Run actions/checkout@v4	2026-10-08T11:39:02.3742696Z [command]/usr/bin/git init /home/runner/work/printcraft-skills/printcraft-skills
native (ubuntu-24.04, linux-x86_64)	Run actions/checkout@v4	2026-10-08T11:39:02.3830491Z hint: Using 'master' as the name for the initial branch. This default branch name
native (ubuntu-24.04, linux-x86_64)	Run actions/checkout@v4	2026-10-08T11:39:02.3833366Z hint: will change to "main" in Git 3.0. To configure the initial branch name
native (ubuntu-24.04, linux-x86_64)	Run actions/checkout@v4	2026-10-08T11:39:02.3835353Z hint: to use in all of your new repositories, which will suppress this warning,
native (ubuntu-24.04, linux-x86_64)	Run actions/checkout@v4	2026-10-08T11:39:02.3836932Z hint: call:
native (ubuntu-24.04, linux-x86_64)	Run actions/checkout@v4	2026-10-08T11:39:02.3838081Z hint:
native (ubuntu-24.04, linux-x86_64)	Run actions/checkout@v4	2026-10-08T11:39:02.3839484Z hint: 	git config --global init.defaultBranch <name>
native (ubuntu-24.04, linux-x86_64)	Run actions/checkout@v4	2026-10-08T11:39:02.3841285Z hint:
native (ubuntu-24.04, linux-x86_64)	Run actions/checkout@v4	2026-10-08T11:39:02.3843104Z hint: Names commonly chosen instead of 'master' are 'main', 'trunk' and
native (ubuntu-24.04, linux-x86_64)	Run actions/checkout@v4	2026-10-08T11:39:02.3845307Z hint: 'development'. The just-created branch can be renamed via this command:
native (ubuntu-24.04, linux-x86_64)	Run actions/checkout@v4	2026-10-08T11:39:02.3846810Z hint:
native (ubuntu-24.04, linux-x86_64)	Run actions/checkout@v4	2026-10-08T11:39:02.3847948Z hint: 	git branch -m <name>
native (ubuntu-24.04, linux-x86_64)	Run actions/checkout@v4	2026-10-08T11:39:02.3849187Z hint:
native (ubuntu-24.04, linux-x86_64)	Run actions/checkout@v4	2026-10-08T11:39:02.3850925Z hint: Disable this message with "git config set advice.defaultBranchName false"
native (ubuntu-24.04, linux-x86_64)	Run actions/checkout@v4	2026-10-08T11:39:02.3853644Z Initialized empty Git repository in /home/runner/work/printcraft-skills/printcraft-skills/.git/
native (ubuntu-24.04, linux-x86_64)	Run actions/checkout@v4	2026-10-08T11:39:02.3858112Z [command]/usr/bin/git remote add origin https://github.com/full-aigc-skills/printcraft-skills
native (ubuntu-24.04, linux-x86_64)	Run actions/checkout@v4	2026-10-08T11:39:02.3900325Z ##[endgroup]
native (ubuntu-24.04, linux-x86_64)	Run actions/checkout@v4	2026-10-08T11:39:02.3902125Z ##[group]Disabling automatic garbage collection
native (ubuntu-24.04, linux-x86_64)	Run actions/checkout@v4	2026-10-08T11:39:02.3904116Z [command]/usr/bin/git config --local gc.auto 0
native (ubuntu-24.04, linux-x86_64)	Run actions/checkout@v4	2026-10-08T11:39:02.3950865Z ##[endgroup]
native (ubuntu-24.04, linux-x86_64)	Run actions/checkout@v4	2026-10-08T11:39:02.3952576Z ##[group]Setting up auth
native (ubuntu-24.04, linux-x86_64)	Run actions/checkout@v4	2026-10-08T11:39:02.3954302Z [command]/usr/bin/git config --local --name-only --get-regexp core\.sshCommand
native (ubuntu-24.04, linux-x86_64)	Run actions/checkout@v4	2026-10-08T11:39:02.3991680Z [command]/usr/bin/git submodule foreach --recursive sh -c "git config --local --name-only --get-regexp 'core\.sshCommand' && git config --local --unset-all 'core.sshCommand' || :"
native (ubuntu-24.04, linux-x86_64)	Run actions/checkout@v4	2026-10-08T11:39:02.4401949Z [command]/usr/bin/git config --local --name-only --get-regexp http\.https\:\/\/github\.com\/\.extraheader
native (ubuntu-24.04, linux-x86_64)	Run actions/checkout@v4	2026-10-08T11:39:02.4435767Z [command]/usr/bin/git submodule foreach --recursive sh -c "git config --local --name-only --get-regexp 'http\.https\:\/\/github\.com\/\.extraheader' && git config --local --unset-all 'http.https://github.com/.extraheader' || :"
native (ubuntu-24.04, linux-x86_64)	Run actions/checkout@v4	2026-10-08T11:39:02.4628860Z [command]/usr/bin/git config --local --name-only --get-regexp ^includeIf\.gitdir:
native (ubuntu-24.04, linux-x86_64)	Run actions/checkout@v4	2026-10-08T11:39:02.4661077Z [command]/usr/bin/git submodule foreach --recursive git config --local --show-origin --name-only --get-regexp remote.origin.url
native (ubuntu-24.04, linux-x86_64)	Run actions/checkout@v4	2026-10-08T11:39:02.4856355Z [command]/usr/bin/git config --local http.https://github.com/.extraheader AUTHORIZATION: basic ***
native (ubuntu-24.04, linux-x86_64)	Run actions/checkout@v4	2026-10-08T11:39:02.4898816Z ##[endgroup]
native (ubuntu-24.04, linux-x86_64)	Run actions/checkout@v4	2026-10-08T11:39:02.4906247Z ##[group]Fetching the repository
native (ubuntu-24.04, linux-x86_64)	Run actions/checkout@v4	2026-10-08T11:39:02.4908508Z [command]/usr/bin/git -c protocol.version=2 fetch --no-tags --prune --no-recurse-submodules --depth=1 origin +8b43297a2f91ac3d286361ed9b1d92af820815bf:refs/remotes/origin/main
native (ubuntu-24.04, linux-x86_64)	Run actions/checkout@v4	2026-10-08T11:39:02.8001462Z From https://github.com/full-aigc-skills/printcraft-skills
native (ubuntu-24.04, linux-x86_64)	Run actions/checkout@v4	2026-10-08T11:39:02.8004321Z  * [new ref]         8b43297a2f91ac3d286361ed9b1d92af820815bf -> origin/main
native (ubuntu-24.04, linux-x86_64)	Run actions/checkout@v4	2026-10-08T11:39:02.8009702Z ##[endgroup]
native (ubuntu-24.04, linux-x86_64)	Run actions/checkout@v4	2026-10-08T11:39:02.8011655Z ##[group]Determining the checkout info
native (ubuntu-24.04, linux-x86_64)	Run actions/checkout@v4	2026-10-08T11:39:02.8013598Z ##[endgroup]
native (ubuntu-24.04, linux-x86_64)	Run actions/checkout@v4	2026-10-08T11:39:02.8014908Z [command]/usr/bin/git sparse-checkout disable
native (ubuntu-24.04, linux-x86_64)	Run actions/checkout@v4	2026-10-08T11:39:02.8062287Z [command]/usr/bin/git config --local --unset-all extensions.worktreeConfig
native (ubuntu-24.04, linux-x86_64)	Run actions/checkout@v4	2026-10-08T11:39:02.8092689Z ##[group]Checking out the ref
native (ubuntu-24.04, linux-x86_64)	Run actions/checkout@v4	2026-10-08T11:39:02.8096273Z [command]/usr/bin/git checkout --progress --force -B main refs/remotes/origin/main
native (ubuntu-24.04, linux-x86_64)	Run actions/checkout@v4	2026-10-08T11:39:02.8334241Z Switched to a new branch 'main'
native (ubuntu-24.04, linux-x86_64)	Run actions/checkout@v4	2026-10-08T11:39:02.8337939Z branch 'main' set up to track 'origin/main'.
native (ubuntu-24.04, linux-x86_64)	Run actions/checkout@v4	2026-10-08T11:39:02.8344403Z ##[endgroup]
native (ubuntu-24.04, linux-x86_64)	Run actions/checkout@v4	2026-10-08T11:39:02.8384234Z [command]/usr/bin/git log -1 --format=%H
native (ubuntu-24.04, linux-x86_64)	Run actions/checkout@v4	2026-10-08T11:39:02.8407523Z 8b43297a2f91ac3d286361ed9b1d92af820815bf
native (ubuntu-24.04, linux-x86_64)	Run actions/setup-python@v5	﻿2026-10-08T11:39:02.8695505Z ##[group]Run actions/setup-python@v5
native (ubuntu-24.04, linux-x86_64)	Run actions/setup-python@v5	2026-10-08T11:39:02.8696385Z with:
native (ubuntu-24.04, linux-x86_64)	Run actions/setup-python@v5	2026-10-08T11:39:02.8697025Z   python-version: 3.13
native (ubuntu-24.04, linux-x86_64)	Run actions/setup-python@v5	2026-10-08T11:39:02.8697893Z   check-latest: false
native (ubuntu-24.04, linux-x86_64)	Run actions/setup-python@v5	2026-10-08T11:39:02.8703695Z   token: ***
native (ubuntu-24.04, linux-x86_64)	Run actions/setup-python@v5	2026-10-08T11:39:02.8704368Z   update-environment: true
native (ubuntu-24.04, linux-x86_64)	Run actions/setup-python@v5	2026-10-08T11:39:02.8705152Z   allow-prereleases: false
native (ubuntu-24.04, linux-x86_64)	Run actions/setup-python@v5	2026-10-08T11:39:02.8705914Z   freethreaded: false
native (ubuntu-24.04, linux-x86_64)	Run actions/setup-python@v5	2026-10-08T11:39:02.8706614Z ##[endgroup]
native (ubuntu-24.04, linux-x86_64)	Run actions/setup-python@v5	2026-10-08T11:39:02.9789325Z ##[group]Installed versions
native (ubuntu-24.04, linux-x86_64)	Run actions/setup-python@v5	2026-10-08T11:39:02.9991149Z (node:2134) [DEP0040] DeprecationWarning: The `punycode` module is deprecated. Please use a userland alternative instead.
native (ubuntu-24.04, linux-x86_64)	Run actions/setup-python@v5	2026-10-08T11:39:02.9994084Z (Use `node --trace-deprecation ...` to show where the warning was created)
native (ubuntu-24.04, linux-x86_64)	Run actions/setup-python@v5	2026-10-08T11:39:02.9995738Z Successfully set up CPython (3.13.15)
native (ubuntu-24.04, linux-x86_64)	Run actions/setup-python@v5	2026-10-08T11:39:02.9997530Z ##[endgroup]
native (ubuntu-24.04, linux-x86_64)	Execute official pinned binary on actual platform	﻿2026-10-08T11:39:03.0344068Z ##[group]Run python -I -B tests/platform_acceptance.py --platform linux-x86_64 --workdir native-evidence
native (ubuntu-24.04, linux-x86_64)	Execute official pinned binary on actual platform	2026-10-08T11:39:03.0347589Z ^[[36;1mpython -I -B tests/platform_acceptance.py --platform linux-x86_64 --workdir native-evidence^[[0m
native (ubuntu-24.04, linux-x86_64)	Execute official pinned binary on actual platform	2026-10-08T11:39:03.0706613Z shell: /usr/bin/bash -e {0}
native (ubuntu-24.04, linux-x86_64)	Execute official pinned binary on actual platform	2026-10-08T11:39:03.0707466Z env:
native (ubuntu-24.04, linux-x86_64)	Execute official pinned binary on actual platform	2026-10-08T11:39:03.0708274Z   pythonLocation: /opt/hostedtoolcache/Python/3.13.15/x64
native (ubuntu-24.04, linux-x86_64)	Execute official pinned binary on actual platform	2026-10-08T11:39:03.0709535Z   PKG_CONFIG_PATH: /opt/hostedtoolcache/Python/3.13.15/x64/lib/pkgconfig
native (ubuntu-24.04, linux-x86_64)	Execute official pinned binary on actual platform	2026-10-08T11:39:03.0711059Z   Python_ROOT_DIR: /opt/hostedtoolcache/Python/3.13.15/x64
native (ubuntu-24.04, linux-x86_64)	Execute official pinned binary on actual platform	2026-10-08T11:39:03.0712189Z   Python2_ROOT_DIR: /opt/hostedtoolcache/Python/3.13.15/x64
native (ubuntu-24.04, linux-x86_64)	Execute official pinned binary on actual platform	2026-10-08T11:39:03.0713339Z   Python3_ROOT_DIR: /opt/hostedtoolcache/Python/3.13.15/x64
native (ubuntu-24.04, linux-x86_64)	Execute official pinned binary on actual platform	2026-10-08T11:39:03.0714487Z   LD_LIBRARY_PATH: /opt/hostedtoolcache/Python/3.13.15/x64/lib
native (ubuntu-24.04, linux-x86_64)	Execute official pinned binary on actual platform	2026-10-08T11:39:03.0715476Z ##[endgroup]
native (ubuntu-24.04, linux-x86_64)	Execute official pinned binary on actual platform	2026-10-08T11:39:04.5527559Z {
native (ubuntu-24.04, linux-x86_64)	Execute official pinned binary on actual platform	2026-10-08T11:39:04.5528986Z   "contract": "printcraft.native-platform-evidence/1",
native (ubuntu-24.04, linux-x86_64)	Execute official pinned binary on actual platform	2026-10-08T11:39:04.5529618Z   "platform": "linux-x86_64",
native (ubuntu-24.04, linux-x86_64)	Execute official pinned binary on actual platform	2026-10-08T11:39:04.5529997Z   "sourceCommit": "8b43297a2f91ac3d286361ed9b1d92af820815bf",
native (ubuntu-24.04, linux-x86_64)	Execute official pinned binary on actual platform	2026-10-08T11:39:04.5530543Z   "startedAt": "2026-10-08T11:39:03.294206+00:00",
native (ubuntu-24.04, linux-x86_64)	Execute official pinned binary on actual platform	2026-10-08T11:39:04.5530818Z   "sourceFiles": {
native (ubuntu-24.04, linux-x86_64)	Execute official pinned binary on actual platform	2026-10-08T11:39:04.5531243Z     "tests/platform_acceptance.py": "14bee53d0f8cbdb8e0e7d26f7d852e9fc6ae1209a5f2dcfc48a596abff6fd18b",
native (ubuntu-24.04, linux-x86_64)	Execute official pinned binary on actual platform	2026-10-08T11:39:04.5531898Z     "tests/platform-artifacts.json": "8c03b465e51e8f53bb337ffef75eb67cba12d945c3c319ad70619bbe01929717",
native (ubuntu-24.04, linux-x86_64)	Execute official pinned binary on actual platform	2026-10-08T11:39:04.5532478Z     "tests/fixtures/make_pdf.py": "c41f12f867c5f81e359c3197373214c65e89fc2e58ff5643198afbffd4ac7993"
native (ubuntu-24.04, linux-x86_64)	Execute official pinned binary on actual platform	2026-10-08T11:39:04.5532874Z   },
native (ubuntu-24.04, linux-x86_64)	Execute official pinned binary on actual platform	2026-10-08T11:39:04.5533071Z   "host": {
native (ubuntu-24.04, linux-x86_64)	Execute official pinned binary on actual platform	2026-10-08T11:39:04.5533269Z     "system": "Linux",
native (ubuntu-24.04, linux-x86_64)	Execute official pinned binary on actual platform	2026-10-08T11:39:04.5533490Z     "machine": "x86_64",
native (ubuntu-24.04, linux-x86_64)	Execute official pinned binary on actual platform	2026-10-08T11:39:04.5533733Z     "release": "6.17.0-1022-azure",
native (ubuntu-24.04, linux-x86_64)	Execute official pinned binary on actual platform	2026-10-08T11:39:04.5534053Z     "python": "3.13.15"
native (ubuntu-24.04, linux-x86_64)	Execute official pinned binary on actual platform	2026-10-08T11:39:04.5534390Z   },
native (ubuntu-24.04, linux-x86_64)	Execute official pinned binary on actual platform	2026-10-08T11:39:04.5534586Z   "workflow": {
native (ubuntu-24.04, linux-x86_64)	Execute official pinned binary on actual platform	2026-10-08T11:39:04.5534805Z     "runId": "37771440411",
native (ubuntu-24.04, linux-x86_64)	Execute official pinned binary on actual platform	2026-10-08T11:39:04.5535043Z     "runAttempt": "1"
native (ubuntu-24.04, linux-x86_64)	Execute official pinned binary on actual platform	2026-10-08T11:39:04.5535252Z   },
native (ubuntu-24.04, linux-x86_64)	Execute official pinned binary on actual platform	2026-10-08T11:39:04.5535462Z   "runtime": {
native (ubuntu-24.04, linux-x86_64)	Execute official pinned binary on actual platform	2026-10-08T11:39:04.5535663Z     "system": "linux",
native (ubuntu-24.04, linux-x86_64)	Execute official pinned binary on actual platform	2026-10-08T11:39:04.5535898Z     "machine": "x86_64",
native (ubuntu-24.04, linux-x86_64)	Execute official pinned binary on actual platform	2026-10-08T11:39:04.5536153Z     "asset": "printcraft-0.2.1-linux-x86_64.tar.gz",
native (ubuntu-24.04, linux-x86_64)	Execute official pinned binary on actual platform	2026-10-08T11:39:04.5536784Z     "url": "https://github.com/storytold/pdfcraft/releases/download/v0.2.1/printcraft-0.2.1-linux-x86_64.tar.gz",
native (ubuntu-24.04, linux-x86_64)	Execute official pinned binary on actual platform	2026-10-08T11:39:04.5537356Z     "archiveSha256": "73b2977330d73716971237f68f89cba6ad52cbfb563ad0ab6d9ad18f44d45192",
native (ubuntu-24.04, linux-x86_64)	Execute official pinned binary on actual platform	2026-10-08T11:39:04.5537800Z     "member": "printcraft-0.2.1-linux-x86_64/bin/printcraft-cli",
native (ubuntu-24.04, linux-x86_64)	Execute official pinned binary on actual platform	2026-10-08T11:39:04.5538221Z     "binarySha256": "83fa013a814583d569fb2463bc6e1379f4aa0f9d293b034cf96308e8f77c54c4"
native (ubuntu-24.04, linux-x86_64)	Execute official pinned binary on actual platform	2026-10-08T11:39:04.5538573Z   },
native (ubuntu-24.04, linux-x86_64)	Execute official pinned binary on actual platform	2026-10-08T11:39:04.5538835Z   "results": {
native (ubuntu-24.04, linux-x86_64)	Execute official pinned binary on actual platform	2026-10-08T11:39:04.5539427Z     "reorder_save_reopen_render": {
native (ubuntu-24.04, linux-x86_64)	Execute official pinned binary on actual platform	2026-10-08T11:39:04.5539694Z       "status": "PASS",
native (ubuntu-24.04, linux-x86_64)	Execute official pinned binary on actual platform	2026-10-08T11:39:04.5539922Z       "details": {
native (ubuntu-24.04, linux-x86_64)	Execute official pinned binary on actual platform	2026-10-08T11:39:04.5540436Z         "outputSha256": "c33df25b25e67b936c5d95e1bd9e1c7acae329f904e8c68675fe7a88b4cd4c3b",
native (ubuntu-24.04, linux-x86_64)	Execute official pinned binary on actual platform	2026-10-08T11:39:04.5540818Z         "info": {
native (ubuntu-24.04, linux-x86_64)	Execute official pinned binary on actual platform	2026-10-08T11:39:04.5541301Z           "annotations": 0,
native (ubuntu-24.04, linux-x86_64)	Execute official pinned binary on actual platform	2026-10-08T11:39:04.5541537Z           "attachments": 0,
native (ubuntu-24.04, linux-x86_64)	Execute official pinned binary on actual platform	2026-10-08T11:39:04.5541762Z           "author": null,
native (ubuntu-24.04, linux-x86_64)	Execute official pinned binary on actual platform	2026-10-08T11:39:04.5541988Z           "bookmarks": 0,
native (ubuntu-24.04, linux-x86_64)	Execute official pinned binary on actual platform	2026-10-08T11:39:04.5542217Z           "creator": null,
native (ubuntu-24.04, linux-x86_64)	Execute official pinned binary on actual platform	2026-10-08T11:39:04.5542450Z           "encrypted": false,
native (ubuntu-24.04, linux-x86_64)	Execute official pinned binary on actual platform	2026-10-08T11:39:04.5542687Z           "fields": 0,
native (ubuntu-24.04, linux-x86_64)	Execute official pinned binary on actual platform	2026-10-08T11:39:04.5543062Z           "file": "/home/runner/work/printcraft-skills/printcraft-skills/native-evidence/reorder.pdf",
native (ubuntu-24.04, linux-x86_64)	Execute official pinned binary on actual platform	2026-10-08T11:39:04.5543463Z           "file_size": 918,
native (ubuntu-24.04, linux-x86_64)	Execute official pinned binary on actual platform	2026-10-08T11:39:04.5543695Z           "first_page_pt": [
native (ubuntu-24.04, linux-x86_64)	Execute official pinned binary on actual platform	2026-10-08T11:39:04.5543922Z             612.0,
native (ubuntu-24.04, linux-x86_64)	Execute official pinned binary on actual platform	2026-10-08T11:39:04.5544119Z             792.0
native (ubuntu-24.04, linux-x86_64)	Execute official pinned binary on actual platform	2026-10-08T11:39:04.5544490Z           ],
native (ubuntu-24.04, linux-x86_64)	Execute official pinned binary on actual platform	2026-10-08T11:39:04.5544698Z           "javascript": false,
native (ubuntu-24.04, linux-x86_64)	Execute official pinned binary on actual platform	2026-10-08T11:39:04.5544930Z           "layers": 0,
native (ubuntu-24.04, linux-x86_64)	Execute official pinned binary on actual platform	2026-10-08T11:39:04.5545140Z           "links": 0,
native (ubuntu-24.04, linux-x86_64)	Execute official pinned binary on actual platform	2026-10-08T11:39:04.5545359Z           "page_labels": [
native (ubuntu-24.04, linux-x86_64)	Execute official pinned binary on actual platform	2026-10-08T11:39:04.5545577Z             "1",
native (ubuntu-24.04, linux-x86_64)	Execute official pinned binary on actual platform	2026-10-08T11:39:04.5545775Z             "2",
native (ubuntu-24.04, linux-x86_64)	Execute official pinned binary on actual platform	2026-10-08T11:39:04.5545968Z             "3"
native (ubuntu-24.04, linux-x86_64)	Execute official pinned binary on actual platform	2026-10-08T11:39:04.5546163Z           ],
native (ubuntu-24.04, linux-x86_64)	Execute official pinned binary on actual platform	2026-10-08T11:39:04.5546359Z           "pages": 3,
native (ubuntu-24.04, linux-x86_64)	Execute official pinned binary on actual platform	2026-10-08T11:39:04.5546574Z           "pdf_version": "1.5",
native (ubuntu-24.04, linux-x86_64)	Execute official pinned binary on actual platform	2026-10-08T11:39:04.5546809Z           "producer": null,
native (ubuntu-24.04, linux-x86_64)	Execute official pinned binary on actual platform	2026-10-08T11:39:04.5547033Z           "tagged": false,
native (ubuntu-24.04, linux-x86_64)	Execute official pinned binary on actual platform	2026-10-08T11:39:04.5547252Z           "title": null,
native (ubuntu-24.04, linux-x86_64)	Execute official pinned binary on actual platform	2026-10-08T11:39:04.5547478Z           "warnings": [],
native (ubuntu-24.04, linux-x86_64)	Execute official pinned binary on actual platform	2026-10-08T11:39:04.5547707Z           "xfa": null
native (ubuntu-24.04, linux-x86_64)	Execute official pinned binary on actual platform	2026-10-08T11:39:04.5547915Z         },
native (ubuntu-24.04, linux-x86_64)	Execute official pinned binary on actual platform	2026-10-08T11:39:04.5548104Z         "texts": [
native (ubuntu-24.04, linux-x86_64)	Execute official pinned binary on actual platform	2026-10-08T11:39:04.5548354Z           "PAGE-GAMMA",
native (ubuntu-24.04, linux-x86_64)	Execute official pinned binary on actual platform	2026-10-08T11:39:04.5548617Z           "PAGE-ALPHA",
native (ubuntu-24.04, linux-x86_64)	Execute official pinned binary on actual platform	2026-10-08T11:39:04.5548838Z           "PAGE-BETA"
native (ubuntu-24.04, linux-x86_64)	Execute official pinned binary on actual platform	2026-10-08T11:39:04.5549041Z         ]
native (ubuntu-24.04, linux-x86_64)	Execute official pinned binary on actual platform	2026-10-08T11:39:04.5549231Z       }
native (ubuntu-24.04, linux-x86_64)	Execute official pinned binary on actual platform	2026-10-08T11:39:04.5549416Z     },
native (ubuntu-24.04, linux-x86_64)	Execute official pinned binary on actual platform	2026-10-08T11:39:04.5549621Z     "rotate_save_reopen_render": {
native (ubuntu-24.04, linux-x86_64)	Execute official pinned binary on actual platform	2026-10-08T11:39:04.5549876Z       "status": "PASS",
native (ubuntu-24.04, linux-x86_64)	Execute official pinned binary on actual platform	2026-10-08T11:39:04.5550273Z       "details": {
native (ubuntu-24.04, linux-x86_64)	Execute official pinned binary on actual platform	2026-10-08T11:39:04.5550812Z         "outputSha256": "6d353919ce7ad7e966dd2598825cfdb50bbf7aa875ff3346d0887168943d4fe8",
native (ubuntu-24.04, linux-x86_64)	Execute official pinned binary on actual platform	2026-10-08T11:39:04.5551381Z         "info": {
native (ubuntu-24.04, linux-x86_64)	Execute official pinned binary on actual platform	2026-10-08T11:39:04.5551695Z           "annotations": 0,
native (ubuntu-24.04, linux-x86_64)	Execute official pinned binary on actual platform	2026-10-08T11:39:04.5552000Z           "attachments": 0,
native (ubuntu-24.04, linux-x86_64)	Execute official pinned binary on actual platform	2026-10-08T11:39:04.5552221Z           "author": null,
native (ubuntu-24.04, linux-x86_64)	Execute official pinned binary on actual platform	2026-10-08T11:39:04.5552443Z           "bookmarks": 0,
native (ubuntu-24.04, linux-x86_64)	Execute official pinned binary on actual platform	2026-10-08T11:39:04.5552669Z           "creator": null,
native (ubuntu-24.04, linux-x86_64)	Execute official pinned binary on actual platform	2026-10-08T11:39:04.5552897Z           "encrypted": false,
native (ubuntu-24.04, linux-x86_64)	Execute official pinned binary on actual platform	2026-10-08T11:39:04.5553128Z           "fields": 0,
native (ubuntu-24.04, linux-x86_64)	Execute official pinned binary on actual platform	2026-10-08T11:39:04.5553493Z           "file": "/home/runner/work/printcraft-skills/printcraft-skills/native-evidence/rotate.pdf",
native (ubuntu-24.04, linux-x86_64)	Execute official pinned binary on actual platform	2026-10-08T11:39:04.5553892Z           "file_size": 928,
native (ubuntu-24.04, linux-x86_64)	Execute official pinned binary on actual platform	2026-10-08T11:39:04.5554137Z           "first_page_pt": [
native (ubuntu-24.04, linux-x86_64)	Execute official pinned binary on actual platform	2026-10-08T11:39:04.5554358Z             792.0,
native (ubuntu-24.04, linux-x86_64)	Execute official pinned binary on actual platform	2026-10-08T11:39:04.5554554Z             612.0
native (ubuntu-24.04, linux-x86_64)	Execute official pinned binary on actual platform	2026-10-08T11:39:04.5554751Z           ],
native (ubuntu-24.04, linux-x86_64)	Execute official pinned binary on actual platform	2026-10-08T11:39:04.5554959Z           "javascript": false,
native (ubuntu-24.04, linux-x86_64)	Execute official pinned binary on actual platform	2026-10-08T11:39:04.5555203Z           "layers": 0,
native (ubuntu-24.04, linux-x86_64)	Execute official pinned binary on actual platform	2026-10-08T11:39:04.5555410Z           "links": 0,
native (ubuntu-24.04, linux-x86_64)	Execute official pinned binary on actual platform	2026-10-08T11:39:04.5555624Z           "page_labels": [
native (ubuntu-24.04, linux-x86_64)	Execute official pinned binary on actual platform	2026-10-08T11:39:04.5555835Z             "1",
native (ubuntu-24.04, linux-x86_64)	Execute official pinned binary on actual platform	2026-10-08T11:39:04.5556028Z             "2",
native (ubuntu-24.04, linux-x86_64)	Execute official pinned binary on actual platform	2026-10-08T11:39:04.5556221Z             "3"
native (ubuntu-24.04, linux-x86_64)	Execute official pinned binary on actual platform	2026-10-08T11:39:04.5556419Z           ],
native (ubuntu-24.04, linux-x86_64)	Execute official pinned binary on actual platform	2026-10-08T11:39:04.5556624Z           "pages": 3,
native (ubuntu-24.04, linux-x86_64)	Execute official pinned binary on actual platform	2026-10-08T11:39:04.5556840Z           "pdf_version": "1.5",
native (ubuntu-24.04, linux-x86_64)	Execute official pinned binary on actual platform	2026-10-08T11:39:04.5557075Z           "producer": null,
native (ubuntu-24.04, linux-x86_64)	Execute official pinned binary on actual platform	2026-10-08T11:39:04.5557299Z           "tagged": false,
native (ubuntu-24.04, linux-x86_64)	Execute official pinned binary on actual platform	2026-10-08T11:39:04.5557518Z           "title": null,
native (ubuntu-24.04, linux-x86_64)	Execute official pinned binary on actual platform	2026-10-08T11:39:04.5557735Z           "warnings": [],
native (ubuntu-24.04, linux-x86_64)	Execute official pinned binary on actual platform	2026-10-08T11:39:04.5557945Z           "xfa": null
native (ubuntu-24.04, linux-x86_64)	Execute official pinned binary on actual platform	2026-10-08T11:39:04.5558145Z         },
native (ubuntu-24.04, linux-x86_64)	Execute official pinned binary on actual platform	2026-10-08T11:39:04.5558335Z         "texts": [
native (ubuntu-24.04, linux-x86_64)	Execute official pinned binary on actual platform	2026-10-08T11:39:04.5558541Z           "PAGE-ALPHA",
native (ubuntu-24.04, linux-x86_64)	Execute official pinned binary on actual platform	2026-10-08T11:39:04.5558758Z           "PAGE-BETA",
native (ubuntu-24.04, linux-x86_64)	Execute official pinned binary on actual platform	2026-10-08T11:39:04.5558978Z           "PAGE-GAMMA"
native (ubuntu-24.04, linux-x86_64)	Execute official pinned binary on actual platform	2026-10-08T11:39:04.5559195Z         ]
native (ubuntu-24.04, linux-x86_64)	Execute official pinned binary on actual platform	2026-10-08T11:39:04.5559383Z       }
native (ubuntu-24.04, linux-x86_64)	Execute official pinned binary on actual platform	2026-10-08T11:39:04.5559752Z     },
native (ubuntu-24.04, linux-x86_64)	Execute official pinned binary on actual platform	2026-10-08T11:39:04.5559960Z     "crop_save_reopen_render": {
native (ubuntu-24.04, linux-x86_64)	Execute official pinned binary on actual platform	2026-10-08T11:39:04.5560413Z       "status": "PASS",
native (ubuntu-24.04, linux-x86_64)	Execute official pinned binary on actual platform	2026-10-08T11:39:04.5560635Z       "details": {
native (ubuntu-24.04, linux-x86_64)	Execute official pinned binary on actual platform	2026-10-08T11:39:04.5560974Z         "outputSha256": "a0d4ce764343ceb99b80dec9968c2bc47777f194b9747344dd4b48f092e25c22",
native (ubuntu-24.04, linux-x86_64)	Execute official pinned binary on actual platform	2026-10-08T11:39:04.5561346Z         "info": {
native (ubuntu-24.04, linux-x86_64)	Execute official pinned binary on actual platform	2026-10-08T11:39:04.5561559Z           "annotations": 0,
native (ubuntu-24.04, linux-x86_64)	Execute official pinned binary on actual platform	2026-10-08T11:39:04.5561792Z           "attachments": 0,
native (ubuntu-24.04, linux-x86_64)	Execute official pinned binary on actual platform	2026-10-08T11:39:04.5562025Z           "author": null,
native (ubuntu-24.04, linux-x86_64)	Execute official pinned binary on actual platform	2026-10-08T11:39:04.5562246Z           "bookmarks": 0,
native (ubuntu-24.04, linux-x86_64)	Execute official pinned binary on actual platform	2026-10-08T11:39:04.5562468Z           "creator": null,
native (ubuntu-24.04, linux-x86_64)	Execute official pinned binary on actual platform	2026-10-08T11:39:04.5562697Z           "encrypted": false,
native (ubuntu-24.04, linux-x86_64)	Execute official pinned binary on actual platform	2026-10-08T11:39:04.5563089Z           "fields": 0,
native (ubuntu-24.04, linux-x86_64)	Execute official pinned binary on actual platform	2026-10-08T11:39:04.5563442Z           "file": "/home/runner/work/printcraft-skills/printcraft-skills/native-evidence/crop.pdf",
native (ubuntu-24.04, linux-x86_64)	Execute official pinned binary on actual platform	2026-10-08T11:39:04.5563833Z           "file_size": 935,
native (ubuntu-24.04, linux-x86_64)	Execute official pinned binary on actual platform	2026-10-08T11:39:04.5564064Z           "first_page_pt": [
native (ubuntu-24.04, linux-x86_64)	Execute official pinned binary on actual platform	2026-10-08T11:39:04.5564298Z             592.0,
native (ubuntu-24.04, linux-x86_64)	Execute official pinned binary on actual platform	2026-10-08T11:39:04.5564500Z             772.0
native (ubuntu-24.04, linux-x86_64)	Execute official pinned binary on actual platform	2026-10-08T11:39:04.5564701Z           ],
native (ubuntu-24.04, linux-x86_64)	Execute official pinned binary on actual platform	2026-10-08T11:39:04.5564910Z           "javascript": false,
native (ubuntu-24.04, linux-x86_64)	Execute official pinned binary on actual platform	2026-10-08T11:39:04.5565142Z           "layers": 0,
native (ubuntu-24.04, linux-x86_64)	Execute official pinned binary on actual platform	2026-10-08T11:39:04.5565353Z           "links": 0,
native (ubuntu-24.04, linux-x86_64)	Execute official pinned binary on actual platform	2026-10-08T11:39:04.5565569Z           "page_labels": [
native (ubuntu-24.04, linux-x86_64)	Execute official pinned binary on actual platform	2026-10-08T11:39:04.5565787Z             "1",
native (ubuntu-24.04, linux-x86_64)	Execute official pinned binary on actual platform	2026-10-08T11:39:04.5565982Z             "2",
native (ubuntu-24.04, linux-x86_64)	Execute official pinned binary on actual platform	2026-10-08T11:39:04.5566178Z             "3"
native (ubuntu-24.04, linux-x86_64)	Execute official pinned binary on actual platform	2026-10-08T11:39:04.5566369Z           ],
native (ubuntu-24.04, linux-x86_64)	Execute official pinned binary on actual platform	2026-10-08T11:39:04.5566568Z           "pages": 3,
native (ubuntu-24.04, linux-x86_64)	Execute official pinned binary on actual platform	2026-10-08T11:39:04.5566783Z           "pdf_version": "1.5",
native (ubuntu-24.04, linux-x86_64)	Execute official pinned binary on actual platform	2026-10-08T11:39:04.5567024Z           "producer": null,
native (ubuntu-24.04, linux-x86_64)	Execute official pinned binary on actual platform	2026-10-08T11:39:04.5567248Z           "tagged": false,
native (ubuntu-24.04, linux-x86_64)	Execute official pinned binary on actual platform	2026-10-08T11:39:04.5567472Z           "title": null,
native (ubuntu-24.04, linux-x86_64)	Execute official pinned binary on actual platform	2026-10-08T11:39:04.5567693Z           "warnings": [],
native (ubuntu-24.04, linux-x86_64)	Execute official pinned binary on actual platform	2026-10-08T11:39:04.5567911Z           "xfa": null
native (ubuntu-24.04, linux-x86_64)	Execute official pinned binary on actual platform	2026-10-08T11:39:04.5568130Z         },
native (ubuntu-24.04, linux-x86_64)	Execute official pinned binary on actual platform	2026-10-08T11:39:04.5568321Z         "texts": [
native (ubuntu-24.04, linux-x86_64)	Execute official pinned binary on actual platform	2026-10-08T11:39:04.5568530Z           "PAGE-ALPHA",
native (ubuntu-24.04, linux-x86_64)	Execute official pinned binary on actual platform	2026-10-08T11:39:04.5568749Z           "PAGE-BETA",
native (ubuntu-24.04, linux-x86_64)	Execute official pinned binary on actual platform	2026-10-08T11:39:04.5568960Z           "PAGE-GAMMA"
native (ubuntu-24.04, linux-x86_64)	Execute official pinned binary on actual platform	2026-10-08T11:39:04.5569167Z         ]
native (ubuntu-24.04, linux-x86_64)	Execute official pinned binary on actual platform	2026-10-08T11:39:04.5569354Z       }
native (ubuntu-24.04, linux-x86_64)	Execute official pinned binary on actual platform	2026-10-08T11:39:04.5569549Z     },
native (ubuntu-24.04, linux-x86_64)	Execute official pinned binary on actual platform	2026-10-08T11:39:04.5569745Z     "form_save_reopen": {
native (ubuntu-24.04, linux-x86_64)	Execute official pinned binary on actual platform	2026-10-08T11:39:04.5569970Z       "status": "PASS",
native (ubuntu-24.04, linux-x86_64)	Execute official pinned binary on actual platform	2026-10-08T11:39:04.5570308Z       "details": {
native (ubuntu-24.04, linux-x86_64)	Execute official pinned binary on actual platform	2026-10-08T11:39:04.5570510Z         "fields": {
native (ubuntu-24.04, linux-x86_64)	Execute official pinned binary on actual platform	2026-10-08T11:39:04.5570725Z           "count": 1,
native (ubuntu-24.04, linux-x86_64)	Execute official pinned binary on actual platform	2026-10-08T11:39:04.5570937Z           "fields": [
native (ubuntu-24.04, linux-x86_64)	Execute official pinned binary on actual platform	2026-10-08T11:39:04.5571139Z             {
native (ubuntu-24.04, linux-x86_64)	Execute official pinned binary on actual platform	2026-10-08T11:39:04.5571353Z               "multiline": false,
native (ubuntu-24.04, linux-x86_64)	Execute official pinned binary on actual platform	2026-10-08T11:39:04.5571601Z               "name": "sample",
native (ubuntu-24.04, linux-x86_64)	Execute official pinned binary on actual platform	2026-10-08T11:39:04.5571842Z               "page": 1,
native (ubuntu-24.04, linux-x86_64)	Execute official pinned binary on actual platform	2026-10-08T11:39:04.5572078Z               "read_only": false,
native (ubuntu-24.04, linux-x86_64)	Execute official pinned binary on actual platform	2026-10-08T11:39:04.5572316Z               "rect": [
native (ubuntu-24.04, linux-x86_64)	Execute official pinned binary on actual platform	2026-10-08T11:39:04.5572540Z                 72.0,
native (ubuntu-24.04, linux-x86_64)	Execute official pinned binary on actual platform	2026-10-08T11:39:04.5572752Z                 120.0,
native (ubuntu-24.04, linux-x86_64)	Execute official pinned binary on actual platform	2026-10-08T11:39:04.5572966Z                 200.0,
native (ubuntu-24.04, linux-x86_64)	Execute official pinned binary on actual platform	2026-10-08T11:39:04.5573185Z                 150.0
native (ubuntu-24.04, linux-x86_64)	Execute official pinned binary on actual platform	2026-10-08T11:39:04.5573394Z               ],
native (ubuntu-24.04, linux-x86_64)	Execute official pinned binary on actual platform	2026-10-08T11:39:04.5573613Z               "required": false,
native (ubuntu-24.04, linux-x86_64)	Execute official pinned binary on actual platform	2026-10-08T11:39:04.5573860Z               "type": "text",
native (ubuntu-24.04, linux-x86_64)	Execute official pinned binary on actual platform	2026-10-08T11:39:04.5574112Z               "value": "verified form"
native (ubuntu-24.04, linux-x86_64)	Execute official pinned binary on actual platform	2026-10-08T11:39:04.5574367Z             }
native (ubuntu-24.04, linux-x86_64)	Execute official pinned binary on actual platform	2026-10-08T11:39:04.5574570Z           ]
native (ubuntu-24.04, linux-x86_64)	Execute official pinned binary on actual platform	2026-10-08T11:39:04.5574764Z         },
native (ubuntu-24.04, linux-x86_64)	Execute official pinned binary on actual platform	2026-10-08T11:39:04.5575112Z         "outputSha256": "6ff6196816c4680e4bc164575b876fdbd4a7cb556693e38e11d3a6525e0aab34"
native (ubuntu-24.04, linux-x86_64)	Execute official pinned binary on actual platform	2026-10-08T11:39:04.5575499Z       }
native (ubuntu-24.04, linux-x86_64)	Execute official pinned binary on actual platform	2026-10-08T11:39:04.5575690Z     },
native (ubuntu-24.04, linux-x86_64)	Execute official pinned binary on actual platform	2026-10-08T11:39:04.5575910Z     "redact_text_objects_render": {
native (ubuntu-24.04, linux-x86_64)	Execute official pinned binary on actual platform	2026-10-08T11:39:04.5576168Z       "status": "PASS",
native (ubuntu-24.04, linux-x86_64)	Execute official pinned binary on actual platform	2026-10-08T11:39:04.5576393Z       "details": {
native (ubuntu-24.04, linux-x86_64)	Execute official pinned binary on actual platform	2026-10-08T11:39:04.5576750Z         "outputSha256": "85433e32ee6dc686df59aa723ef085015564d7cc5f294cc800b18d6a81c383ac",
native (ubuntu-24.04, linux-x86_64)	Execute official pinned binary on actual platform	2026-10-08T11:39:04.5577156Z         "textAndObjectBytesAbsent": true,
native (ubuntu-24.04, linux-x86_64)	Execute official pinned binary on actual platform	2026-10-08T11:39:04.5577449Z         "visualReview": "NOT_RUN"
native (ubuntu-24.04, linux-x86_64)	Execute official pinned binary on actual platform	2026-10-08T11:39:04.5577824Z       }
native (ubuntu-24.04, linux-x86_64)	Execute official pinned binary on actual platform	2026-10-08T11:39:04.5578013Z     }
native (ubuntu-24.04, linux-x86_64)	Execute official pinned binary on actual platform	2026-10-08T11:39:04.5578199Z   },
native (ubuntu-24.04, linux-x86_64)	Execute official pinned binary on actual platform	2026-10-08T11:39:04.5578465Z   "scope": "DIRECT_NATIVE_ONLY_SKILL_INSTALLER_NOT_TESTED",
native (ubuntu-24.04, linux-x86_64)	Execute official pinned binary on actual platform	2026-10-08T11:39:04.5578840Z   "chineseRecognition": "NOT_SUPPORTED_BY_PINNED_NATIVE",
native (ubuntu-24.04, linux-x86_64)	Execute official pinned binary on actual platform	2026-10-08T11:39:04.5579159Z   "visualReview": "NOT_RUN",
native (ubuntu-24.04, linux-x86_64)	Execute official pinned binary on actual platform	2026-10-08T11:39:04.5579425Z   "status": "PASS_SCOPED_NATIVE",
native (ubuntu-24.04, linux-x86_64)	Execute official pinned binary on actual platform	2026-10-08T11:39:04.5579840Z   "runtimeArchiveSha256": "73b2977330d73716971237f68f89cba6ad52cbfb563ad0ab6d9ad18f44d45192",
native (ubuntu-24.04, linux-x86_64)	Execute official pinned binary on actual platform	2026-10-08T11:39:04.5580496Z   "runtimeBinarySha256": "83fa013a814583d569fb2463bc6e1379f4aa0f9d293b034cf96308e8f77c54c4",
native (ubuntu-24.04, linux-x86_64)	Execute official pinned binary on actual platform	2026-10-08T11:39:04.5581406Z   "versionOutput": "printcraft-cli 0.2.1\nDiscord: https://discord.gg/artcraft  (help and feedback)\nWeb:     https://getartcraft.com/apps/printcraft\nSource:  https://github.com/storytold/printcraft\n",
native (ubuntu-24.04, linux-x86_64)	Execute official pinned binary on actual platform	2026-10-08T11:39:04.5582388Z   "catalogSha256": "8ddb81c0382bacbdebf8ffdf242ec795135abc0a7723eebbe3b14123de64bea1",
native (ubuntu-24.04, linux-x86_64)	Execute official pinned binary on actual platform	2026-10-08T11:39:04.5582812Z   "catalogToolCount": 123,
native (ubuntu-24.04, linux-x86_64)	Execute official pinned binary on actual platform	2026-10-08T11:39:04.5583193Z   "inputSha256": "9d035b63e05cfeb06b0985db1582f14185f99931a51eda69718764e91fdc0a0a",
native (ubuntu-24.04, linux-x86_64)	Execute official pinned binary on actual platform	2026-10-08T11:39:04.5583563Z   "ocrStatus": {
native (ubuntu-24.04, linux-x86_64)	Execute official pinned binary on actual platform	2026-10-08T11:39:04.5583787Z     "available": false,
native (ubuntu-24.04, linux-x86_64)	Execute official pinned binary on actual platform	2026-10-08T11:39:04.5584017Z     "languages": [
native (ubuntu-24.04, linux-x86_64)	Execute official pinned binary on actual platform	2026-10-08T11:39:04.5584230Z       {
native (ubuntu-24.04, linux-x86_64)	Execute official pinned binary on actual platform	2026-10-08T11:39:04.5584431Z         "code": "en",
native (ubuntu-24.04, linux-x86_64)	Execute official pinned binary on actual platform	2026-10-08T11:39:04.5584658Z         "name": "English"
native (ubuntu-24.04, linux-x86_64)	Execute official pinned binary on actual platform	2026-10-08T11:39:04.5584877Z       }
native (ubuntu-24.04, linux-x86_64)	Execute official pinned binary on actual platform	2026-10-08T11:39:04.5585062Z     ],
native (ubuntu-24.04, linux-x86_64)	Execute official pinned binary on actual platform	2026-10-08T11:39:04.5585265Z     "search_dirs": [
native (ubuntu-24.04, linux-x86_64)	Execute official pinned binary on actual platform	2026-10-08T11:39:04.5585631Z       "/home/runner/work/printcraft-skills/printcraft-skills/native-evidence/models",
native (ubuntu-24.04, linux-x86_64)	Execute official pinned binary on actual platform	2026-10-08T11:39:04.5586207Z       "/home/runner/work/printcraft-skills/printcraft-skills/native-evidence/../Resources/models",
native (ubuntu-24.04, linux-x86_64)	Execute official pinned binary on actual platform	2026-10-08T11:39:04.5586756Z       "/home/runner/work/printcraft/printcraft/crates/ocr/../../assets/models"
native (ubuntu-24.04, linux-x86_64)	Execute official pinned binary on actual platform	2026-10-08T11:39:04.5587100Z     ]
native (ubuntu-24.04, linux-x86_64)	Execute official pinned binary on actual platform	2026-10-08T11:39:04.5587288Z   },
native (ubuntu-24.04, linux-x86_64)	Execute official pinned binary on actual platform	2026-10-08T11:39:04.5587500Z   "sourceUnchanged": true,
native (ubuntu-24.04, linux-x86_64)	Execute official pinned binary on actual platform	2026-10-08T11:39:04.5587742Z   "artifacts": {
native (ubuntu-24.04, linux-x86_64)	Execute official pinned binary on actual platform	2026-10-08T11:39:04.5588106Z     "001-call.json": "5bea3fedd7eeae64a3b72ad99bdfe8f8e3175bf270715ef247a4f00265debfc3",
native (ubuntu-24.04, linux-x86_64)	Execute official pinned binary on actual platform	2026-10-08T11:39:04.5588629Z     "001-stderr.log": "e3b0c44298fc1c149afbf4c8996fb92427ae41e4649b934ca495991b7852b855",
native (ubuntu-24.04, linux-x86_64)	Execute official pinned binary on actual platform	2026-10-08T11:39:04.5589144Z     "001-stdout.log": "260187c52b001191acc62e300b68203b492022e0c2b78b74db7f63ed6cf0eb9b",
native (ubuntu-24.04, linux-x86_64)	Execute official pinned binary on actual platform	2026-10-08T11:39:04.5589643Z     "002-call.json": "e44a6d5b24dfbbf9a357a5722714b0608e6d0902ed29e7080757cd1e45e8cc3b",
native (ubuntu-24.04, linux-x86_64)	Execute official pinned binary on actual platform	2026-10-08T11:39:04.5590316Z     "002-stderr.log": "e3b0c44298fc1c149afbf4c8996fb92427ae41e4649b934ca495991b7852b855",
native (ubuntu-24.04, linux-x86_64)	Execute official pinned binary on actual platform	2026-10-08T11:39:04.5590831Z     "002-stdout.log": "8ddb81c0382bacbdebf8ffdf242ec795135abc0a7723eebbe3b14123de64bea1",
native (ubuntu-24.04, linux-x86_64)	Execute official pinned binary on actual platform	2026-10-08T11:39:04.5591354Z     "003-call.json": "f22a8b916e1cf4a0cb7a4ed91003eb6ca5f7fe95081f15f28287b92a73f3117b",
native (ubuntu-24.04, linux-x86_64)	Execute official pinned binary on actual platform	2026-10-08T11:39:04.5591858Z     "003-stderr.log": "e3b0c44298fc1c149afbf4c8996fb92427ae41e4649b934ca495991b7852b855",
native (ubuntu-24.04, linux-x86_64)	Execute official pinned binary on actual platform	2026-10-08T11:39:04.5592357Z     "003-stdout.log": "3f920767520f0143c86016d9f520b66a4bdd4732b334fc690d611173b9f4e4ce",
native (ubuntu-24.04, linux-x86_64)	Execute official pinned binary on actual platform	2026-10-08T11:39:04.5592838Z     "004-call.json": "d88cf207091fa7b6e12402e3cf427f426c41101109e4c5ad1b5ea45596856eca",
native (ubuntu-24.04, linux-x86_64)	Execute official pinned binary on actual platform	2026-10-08T11:39:04.5593340Z     "004-stderr.log": "e3b0c44298fc1c149afbf4c8996fb92427ae41e4649b934ca495991b7852b855",
native (ubuntu-24.04, linux-x86_64)	Execute official pinned binary on actual platform	2026-10-08T11:39:04.5593833Z     "004-stdout.log": "810915fe6ec3230e87e23d42939bdf62f176bb431faf5085aaa1422318931aae",
native (ubuntu-24.04, linux-x86_64)	Execute official pinned binary on actual platform	2026-10-08T11:39:04.5594327Z     "005-call.json": "3c9453a60dfa96869fd67ae1e840352424e43e6e660914ad0c7d7b2469c6566c",
native (ubuntu-24.04, linux-x86_64)	Execute official pinned binary on actual platform	2026-10-08T11:39:04.5594812Z     "005-stderr.log": "e3b0c44298fc1c149afbf4c8996fb92427ae41e4649b934ca495991b7852b855",
native (ubuntu-24.04, linux-x86_64)	Execute official pinned binary on actual platform	2026-10-08T11:39:04.5595308Z     "005-stdout.log": "05a0254bf621f2c5607ace0e81c83d283b2c27685a1169e3ee97d808b0b72886",
native (ubuntu-24.04, linux-x86_64)	Execute official pinned binary on actual platform	2026-10-08T11:39:04.5595814Z     "006-call.json": "4182017ae48128fed543d99250b5c68c82d8f56126f933aaef2839ff2ead7228",
native (ubuntu-24.04, linux-x86_64)	Execute official pinned binary on actual platform	2026-10-08T11:39:04.5596301Z     "006-stderr.log": "e3b0c44298fc1c149afbf4c8996fb92427ae41e4649b934ca495991b7852b855",
native (ubuntu-24.04, linux-x86_64)	Execute official pinned binary on actual platform	2026-10-08T11:39:04.5596935Z     "006-stdout.log": "1a04a191ace245e98cc7421a421c6dc44d0237a6d3e2d591272e8eb36e84dd0b",
native (ubuntu-24.04, linux-x86_64)	Execute official pinned binary on actual platform	2026-10-08T11:39:04.5597430Z     "007-call.json": "7c7a9629f2a16cf7becc69425b680f8cc34374884f937f1f40b2499f47c0c679",
native (ubuntu-24.04, linux-x86_64)	Execute official pinned binary on actual platform	2026-10-08T11:39:04.5597924Z     "007-stderr.log": "e3b0c44298fc1c149afbf4c8996fb92427ae41e4649b934ca495991b7852b855",
native (ubuntu-24.04, linux-x86_64)	Execute official pinned binary on actual platform	2026-10-08T11:39:04.5598415Z     "007-stdout.log": "86696a16aacf0f57f3bb129451d6fc4beeb518901609ed93dab29339eec83057",
native (ubuntu-24.04, linux-x86_64)	Execute official pinned binary on actual platform	2026-10-08T11:39:04.5598911Z     "008-call.json": "803f2ba8a3251ddd1acbc07ff785c132deb9e34fff383075511fe6f8896dfa06",
native (ubuntu-24.04, linux-x86_64)	Execute official pinned binary on actual platform	2026-10-08T11:39:04.5599405Z     "008-stderr.log": "663ad9fe33812d072154f0800b9639bc0b896f44bfaa41d4733c452a5b0a5014",
native (ubuntu-24.04, linux-x86_64)	Execute official pinned binary on actual platform	2026-10-08T11:39:04.5599996Z     "008-stdout.log": "e3b0c44298fc1c149afbf4c8996fb92427ae41e4649b934ca495991b7852b855",
native (ubuntu-24.04, linux-x86_64)	Execute official pinned binary on actual platform	2026-10-08T11:39:04.5600697Z     "009-call.json": "c0f642ea5ba900b29cd0c7438cc26f0b88ba31006c4e50962023cf0377a7d352",
native (ubuntu-24.04, linux-x86_64)	Execute official pinned binary on actual platform	2026-10-08T11:39:04.5601249Z     "009-stderr.log": "e3b0c44298fc1c149afbf4c8996fb92427ae41e4649b934ca495991b7852b855",
native (ubuntu-24.04, linux-x86_64)	Execute official pinned binary on actual platform	2026-10-08T11:39:04.5601767Z     "009-stdout.log": "1a064b4dee540b40f9f5515a40cf9b1550f343e632f6a4c2795317efb1cac92e",
native (ubuntu-24.04, linux-x86_64)	Execute official pinned binary on actual platform	2026-10-08T11:39:04.5602266Z     "010-call.json": "d6673701c7258128e0426b8f8655f37f9aff353117fc43581fbb1fb2fe91c2ef",
native (ubuntu-24.04, linux-x86_64)	Execute official pinned binary on actual platform	2026-10-08T11:39:04.5602750Z     "010-stderr.log": "e3b0c44298fc1c149afbf4c8996fb92427ae41e4649b934ca495991b7852b855",
native (ubuntu-24.04, linux-x86_64)	Execute official pinned binary on actual platform	2026-10-08T11:39:04.5603235Z     "010-stdout.log": "9916d52274b77b58ca8627b163e8d4e48d84ffc95f635a898d7e958a2b1f1562",
native (ubuntu-24.04, linux-x86_64)	Execute official pinned binary on actual platform	2026-10-08T11:39:04.5603723Z     "011-call.json": "fa905cea4d8dc34679d46e65fdcbaa9d61cbd948ddea5ac317365548b3f4c545",
native (ubuntu-24.04, linux-x86_64)	Execute official pinned binary on actual platform	2026-10-08T11:39:04.5604234Z     "011-stderr.log": "e3b0c44298fc1c149afbf4c8996fb92427ae41e4649b934ca495991b7852b855",
native (ubuntu-24.04, linux-x86_64)	Execute official pinned binary on actual platform	2026-10-08T11:39:04.5604741Z     "011-stdout.log": "1a04a191ace245e98cc7421a421c6dc44d0237a6d3e2d591272e8eb36e84dd0b",
native (ubuntu-24.04, linux-x86_64)	Execute official pinned binary on actual platform	2026-10-08T11:39:04.5605227Z     "012-call.json": "6ac105b0b564af533b69e908a9c3140c01814c2892ba2d2e238796e5cf5c5300",
native (ubuntu-24.04, linux-x86_64)	Execute official pinned binary on actual platform	2026-10-08T11:39:04.5605716Z     "012-stderr.log": "e3b0c44298fc1c149afbf4c8996fb92427ae41e4649b934ca495991b7852b855",
native (ubuntu-24.04, linux-x86_64)	Execute official pinned binary on actual platform	2026-10-08T11:39:04.5606215Z     "012-stdout.log": "86696a16aacf0f57f3bb129451d6fc4beeb518901609ed93dab29339eec83057",
native (ubuntu-24.04, linux-x86_64)	Execute official pinned binary on actual platform	2026-10-08T11:39:04.5606717Z     "013-call.json": "ef1b0cc8d1831b7f256a5b5de1c5aa5b4fc86255cc7c960aab8f4cc72aafd5af",
native (ubuntu-24.04, linux-x86_64)	Execute official pinned binary on actual platform	2026-10-08T11:39:04.5607201Z     "013-stderr.log": "e3b0c44298fc1c149afbf4c8996fb92427ae41e4649b934ca495991b7852b855",
native (ubuntu-24.04, linux-x86_64)	Execute official pinned binary on actual platform	2026-10-08T11:39:04.5607680Z     "013-stdout.log": "05a0254bf621f2c5607ace0e81c83d283b2c27685a1169e3ee97d808b0b72886",
native (ubuntu-24.04, linux-x86_64)	Execute official pinned binary on actual platform	2026-10-08T11:39:04.5608165Z     "014-call.json": "6d417b7c528880786d72598ede19cee6c44dc6a9da02fe02189a023c7ee780ef",
native (ubuntu-24.04, linux-x86_64)	Execute official pinned binary on actual platform	2026-10-08T11:39:04.5608651Z     "014-stderr.log": "f5823b81062be25f7924346006a2ad8d8cc9edb8022b3f923c89c3f4c7424c6c",
native (ubuntu-24.04, linux-x86_64)	Execute official pinned binary on actual platform	2026-10-08T11:39:04.5609132Z     "014-stdout.log": "e3b0c44298fc1c149afbf4c8996fb92427ae41e4649b934ca495991b7852b855",
native (ubuntu-24.04, linux-x86_64)	Execute official pinned binary on actual platform	2026-10-08T11:39:04.5609619Z     "015-call.json": "328113ca7e9514866f612080bb2d56edc161b7916b408de7717b4bbc1ab79dcb",
native (ubuntu-24.04, linux-x86_64)	Execute official pinned binary on actual platform	2026-10-08T11:39:04.5610183Z     "015-stderr.log": "e3b0c44298fc1c149afbf4c8996fb92427ae41e4649b934ca495991b7852b855",
native (ubuntu-24.04, linux-x86_64)	Execute official pinned binary on actual platform	2026-10-08T11:39:04.5610671Z     "015-stdout.log": "9f354d543f662a66ae475b3e0e8c513a1415b1a2304b9658945aa7ed9f46a3d7",
native (ubuntu-24.04, linux-x86_64)	Execute official pinned binary on actual platform	2026-10-08T11:39:04.5611160Z     "016-call.json": "b8ac41f68951cc4173dc13500ce26ae2a460c3b00bc735617bc54f5a86587b7e",
native (ubuntu-24.04, linux-x86_64)	Execute official pinned binary on actual platform	2026-10-08T11:39:04.5611641Z     "016-stderr.log": "e3b0c44298fc1c149afbf4c8996fb92427ae41e4649b934ca495991b7852b855",
native (ubuntu-24.04, linux-x86_64)	Execute official pinned binary on actual platform	2026-10-08T11:39:04.5612142Z     "016-stdout.log": "e316cb487510166bae8a302df6f3375925e15ece4ad62fcb95612ead2f157ca5",
native (ubuntu-24.04, linux-x86_64)	Execute official pinned binary on actual platform	2026-10-08T11:39:04.5612638Z     "017-call.json": "477e9b17ab21ae105a0fad4e5271dd91b5ff0331253fec4831dc8ce168268a17",
native (ubuntu-24.04, linux-x86_64)	Execute official pinned binary on actual platform	2026-10-08T11:39:04.5613132Z     "017-stderr.log": "e3b0c44298fc1c149afbf4c8996fb92427ae41e4649b934ca495991b7852b855",
native (ubuntu-24.04, linux-x86_64)	Execute official pinned binary on actual platform	2026-10-08T11:39:04.5613619Z     "017-stdout.log": "1a04a191ace245e98cc7421a421c6dc44d0237a6d3e2d591272e8eb36e84dd0b",
native (ubuntu-24.04, linux-x86_64)	Execute official pinned binary on actual platform	2026-10-08T11:39:04.5614100Z     "018-call.json": "6d7edfcf7c4a303369b7bf91f35ee55787b0de87a1e237ff304cb80b30266e8b",
native (ubuntu-24.04, linux-x86_64)	Execute official pinned binary on actual platform	2026-10-08T11:39:04.5614708Z     "018-stderr.log": "e3b0c44298fc1c149afbf4c8996fb92427ae41e4649b934ca495991b7852b855",
native (ubuntu-24.04, linux-x86_64)	Execute official pinned binary on actual platform	2026-10-08T11:39:04.5615203Z     "018-stdout.log": "86696a16aacf0f57f3bb129451d6fc4beeb518901609ed93dab29339eec83057",
native (ubuntu-24.04, linux-x86_64)	Execute official pinned binary on actual platform	2026-10-08T11:39:04.5615697Z     "019-call.json": "b5e2681fe9ad181e915fb96b11dd93c498eb41776312f6147121e4d87a92557e",
native (ubuntu-24.04, linux-x86_64)	Execute official pinned binary on actual platform	2026-10-08T11:39:04.5616182Z     "019-stderr.log": "e3b0c44298fc1c149afbf4c8996fb92427ae41e4649b934ca495991b7852b855",
native (ubuntu-24.04, linux-x86_64)	Execute official pinned binary on actual platform	2026-10-08T11:39:04.5616663Z     "019-stdout.log": "05a0254bf621f2c5607ace0e81c83d283b2c27685a1169e3ee97d808b0b72886",
native (ubuntu-24.04, linux-x86_64)	Execute official pinned binary on actual platform	2026-10-08T11:39:04.5617140Z     "020-call.json": "0cb1ec35f7ec9cfbbdc80e6647bcff0f794a17f75353109c34e224dd3a7f2d41",
native (ubuntu-24.04, linux-x86_64)	Execute official pinned binary on actual platform	2026-10-08T11:39:04.5617751Z     "020-stderr.log": "2d011927f27fa972e4e451dbf56174bb05571235315da99618151b138d2f2ce6",
native (ubuntu-24.04, linux-x86_64)	Execute official pinned binary on actual platform	2026-10-08T11:39:04.5618277Z     "020-stdout.log": "e3b0c44298fc1c149afbf4c8996fb92427ae41e4649b934ca495991b7852b855",
native (ubuntu-24.04, linux-x86_64)	Execute official pinned binary on actual platform	2026-10-08T11:39:04.5618778Z     "021-call.json": "9d213b21ed05f04a22e594d68e77595cb25f67b44210762f42de1d7038236123",
native (ubuntu-24.04, linux-x86_64)	Execute official pinned binary on actual platform	2026-10-08T11:39:04.5619267Z     "021-stderr.log": "e3b0c44298fc1c149afbf4c8996fb92427ae41e4649b934ca495991b7852b855",
native (ubuntu-24.04, linux-x86_64)	Execute official pinned binary on actual platform	2026-10-08T11:39:04.5619744Z     "021-stdout.log": "88ae02944a0265579702d62dec4f42892189eb57eb95b1f6c7809becb664fd05",
native (ubuntu-24.04, linux-x86_64)	Execute official pinned binary on actual platform	2026-10-08T11:39:04.5620416Z     "022-call.json": "35db8c12908a90c3b4f6eca3d5317e5f3040872b765a64c46b60b45a71f328ce",
native (ubuntu-24.04, linux-x86_64)	Execute official pinned binary on actual platform	2026-10-08T11:39:04.5620908Z     "022-stderr.log": "e3b0c44298fc1c149afbf4c8996fb92427ae41e4649b934ca495991b7852b855",
native (ubuntu-24.04, linux-x86_64)	Execute official pinned binary on actual platform	2026-10-08T11:39:04.5621399Z     "022-stdout.log": "ef228c26029d28df1e14fd6db9fa637eaf45858f926f269a390a029725be1ea8",
native (ubuntu-24.04, linux-x86_64)	Execute official pinned binary on actual platform	2026-10-08T11:39:04.5621882Z     "023-call.json": "f01161ff4c3274080e6f608f87246170a428936ee66b6947a8853d91176212e1",
native (ubuntu-24.04, linux-x86_64)	Execute official pinned binary on actual platform	2026-10-08T11:39:04.5622356Z     "023-stderr.log": "e3b0c44298fc1c149afbf4c8996fb92427ae41e4649b934ca495991b7852b855",
native (ubuntu-24.04, linux-x86_64)	Execute official pinned binary on actual platform	2026-10-08T11:39:04.5622855Z     "023-stdout.log": "7d5ddacda7ca8a0eaa9c0518aa8b55830ece0bc70bfed8015d06491e2b06df3e",
native (ubuntu-24.04, linux-x86_64)	Execute official pinned binary on actual platform	2026-10-08T11:39:04.5623346Z     "024-call.json": "6257c17c69d79b9c50d38b78191e2a194778687030559ba8425c0aa3f05bdde0",
native (ubuntu-24.04, linux-x86_64)	Execute official pinned binary on actual platform	2026-10-08T11:39:04.5623826Z     "024-stderr.log": "e3b0c44298fc1c149afbf4c8996fb92427ae41e4649b934ca495991b7852b855",
native (ubuntu-24.04, linux-x86_64)	Execute official pinned binary on actual platform	2026-10-08T11:39:04.5624325Z     "024-stdout.log": "33343d8e3983017124cdc4cddc1e91d1f4a53f393adaa8d0155ed1f27ce1186e",
native (ubuntu-24.04, linux-x86_64)	Execute official pinned binary on actual platform	2026-10-08T11:39:04.5624801Z     "025-call.json": "557e95d0a23e850a2733f4d44102b07887709267a031f7ef5890edb322cfa83c",
native (ubuntu-24.04, linux-x86_64)	Execute official pinned binary on actual platform	2026-10-08T11:39:04.5625274Z     "025-stderr.log": "663ad9fe33812d072154f0800b9639bc0b896f44bfaa41d4733c452a5b0a5014",
native (ubuntu-24.04, linux-x86_64)	Execute official pinned binary on actual platform	2026-10-08T11:39:04.5625754Z     "025-stdout.log": "e3b0c44298fc1c149afbf4c8996fb92427ae41e4649b934ca495991b7852b855",
native (ubuntu-24.04, linux-x86_64)	Execute official pinned binary on actual platform	2026-10-08T11:39:04.5626244Z     "026-call.json": "ca1aea0f476a00cde22d73057515c94e205a1c82fad6899bb083ecb547e331cd",
native (ubuntu-24.04, linux-x86_64)	Execute official pinned binary on actual platform	2026-10-08T11:39:04.5626741Z     "026-stderr.log": "e3b0c44298fc1c149afbf4c8996fb92427ae41e4649b934ca495991b7852b855",
native (ubuntu-24.04, linux-x86_64)	Execute official pinned binary on actual platform	2026-10-08T11:39:04.5627236Z     "026-stdout.log": "c429e56e96dbd6ee1b7bd0abaca0b489d226b3aeccf14394017524ce74241082",
native (ubuntu-24.04, linux-x86_64)	Execute official pinned binary on actual platform	2026-10-08T11:39:04.5627721Z     "crop.json": "767007e3b2dc0d95c41c3c17ee05670392c0d191a1ed7a8eaceddf54f4ff0762",
native (ubuntu-24.04, linux-x86_64)	Execute official pinned binary on actual platform	2026-10-08T11:39:04.5628204Z     "crop.pam": "800e5debd6af3433e00f8d0661b056aba194e6399b6f6115cbf4c76a1e3d5a33",
native (ubuntu-24.04, linux-x86_64)	Execute official pinned binary on actual platform	2026-10-08T11:39:04.5628673Z     "crop.pdf": "a0d4ce764343ceb99b80dec9968c2bc47777f194b9747344dd4b48f092e25c22",
native (ubuntu-24.04, linux-x86_64)	Execute official pinned binary on actual platform	2026-10-08T11:39:04.5629169Z     "form-reopen.json": "cb2e864ed2588f761a0f8c40fd7330416e0a78b3e3d1b0a0d8b2af9816893e41",
native (ubuntu-24.04, linux-x86_64)	Execute official pinned binary on actual platform	2026-10-08T11:39:04.5629660Z     "form.json": "240f354e3312db6589c3c5062569fe15143c1af038c44fbd0192eaf713772308",
native (ubuntu-24.04, linux-x86_64)	Execute official pinned binary on actual platform	2026-10-08T11:39:04.5630212Z     "form.pdf": "6ff6196816c4680e4bc164575b876fdbd4a7cb556693e38e11d3a6525e0aab34",
native (ubuntu-24.04, linux-x86_64)	Execute official pinned binary on actual platform	2026-10-08T11:39:04.5630703Z     "ocr-status.json": "c1f6c98640836a6117fb41b8ad1492fadd5e3678fc977b2d526e059d51eda106",
native (ubuntu-24.04, linux-x86_64)	Execute official pinned binary on actual platform	2026-10-08T11:39:04.5631198Z     "redact.json": "7ac59572872adbef02973e52b52b299f8531df963bc980ba66e75f2d68bb4ff9",
native (ubuntu-24.04, linux-x86_64)	Execute official pinned binary on actual platform	2026-10-08T11:39:04.5631842Z     "redacted.pam": "91986fe8ceef5be0c48e7fd3613c9d3d8985018c621e5932e99d71191a20c7c9",
native (ubuntu-24.04, linux-x86_64)	Execute official pinned binary on actual platform	2026-10-08T11:39:04.5632339Z     "redacted.pdf": "85433e32ee6dc686df59aa723ef085015564d7cc5f294cc800b18d6a81c383ac",
native (ubuntu-24.04, linux-x86_64)	Execute official pinned binary on actual platform	2026-10-08T11:39:04.5632814Z     "reorder.json": "b685a129250f75f973326da78277130c7417b52c39e6f249809bdfc6724342a8",
native (ubuntu-24.04, linux-x86_64)	Execute official pinned binary on actual platform	2026-10-08T11:39:04.5633290Z     "reorder.pam": "6db18d931d460ff50a4536ca589428ff9e7aadeb2f534bde9f96ae5521ea8f21",
native (ubuntu-24.04, linux-x86_64)	Execute official pinned binary on actual platform	2026-10-08T11:39:04.5633777Z     "reorder.pdf": "c33df25b25e67b936c5d95e1bd9e1c7acae329f904e8c68675fe7a88b4cd4c3b",
native (ubuntu-24.04, linux-x86_64)	Execute official pinned binary on actual platform	2026-10-08T11:39:04.5634248Z     "rotate.json": "e5777834e3f716133c7278d8812767e66eb7ebabd780b55f6fd61c0cbbac81f3",
native (ubuntu-24.04, linux-x86_64)	Execute official pinned binary on actual platform	2026-10-08T11:39:04.5634819Z     "rotate.pam": "6c8181dcc97ff857c58fb82b0409fbc8841793cb9fb0b348df5919555968d91e",
native (ubuntu-24.04, linux-x86_64)	Execute official pinned binary on actual platform	2026-10-08T11:39:04.5635292Z     "rotate.pdf": "6d353919ce7ad7e966dd2598825cfdb50bbf7aa875ff3346d0887168943d4fe8",
native (ubuntu-24.04, linux-x86_64)	Execute official pinned binary on actual platform	2026-10-08T11:39:04.5635756Z     "source.pdf": "9d035b63e05cfeb06b0985db1582f14185f99931a51eda69718764e91fdc0a0a",
native (ubuntu-24.04, linux-x86_64)	Execute official pinned binary on actual platform	2026-10-08T11:39:04.5636231Z     "tools.json": "8ddb81c0382bacbdebf8ffdf242ec795135abc0a7723eebbe3b14123de64bea1"
native (ubuntu-24.04, linux-x86_64)	Execute official pinned binary on actual platform	2026-10-08T11:39:04.5636584Z   },
native (ubuntu-24.04, linux-x86_64)	Execute official pinned binary on actual platform	2026-10-08T11:39:04.5636821Z   "finishedAt": "2026-10-08T11:39:04.551952+00:00"
native (ubuntu-24.04, linux-x86_64)	Execute official pinned binary on actual platform	2026-10-08T11:39:04.5637127Z }
native (ubuntu-24.04, linux-x86_64)	Preserve native observations even on failure	﻿2026-10-08T11:39:04.5712879Z ##[group]Run actions/upload-artifact@v4
native (ubuntu-24.04, linux-x86_64)	Preserve native observations even on failure	2026-10-08T11:39:04.5713182Z with:
native (ubuntu-24.04, linux-x86_64)	Preserve native observations even on failure	2026-10-08T11:39:04.5713396Z   name: native-linux-x86_64-37771440411
native (ubuntu-24.04, linux-x86_64)	Preserve native observations even on failure	2026-10-08T11:39:04.5713798Z   path: native-evidence/*.json
native (ubuntu-24.04, linux-x86_64)	Preserve native observations even on failure	native-evidence/*.log
native (ubuntu-24.04, linux-x86_64)	Preserve native observations even on failure	native-evidence/*.pdf
native (ubuntu-24.04, linux-x86_64)	Preserve native observations even on failure	native-evidence/*.pam
native (ubuntu-24.04, linux-x86_64)	Preserve native observations even on failure	
native (ubuntu-24.04, linux-x86_64)	Preserve native observations even on failure	2026-10-08T11:39:04.5714222Z   if-no-files-found: error
native (ubuntu-24.04, linux-x86_64)	Preserve native observations even on failure	2026-10-08T11:39:04.5714471Z   compression-level: 6
native (ubuntu-24.04, linux-x86_64)	Preserve native observations even on failure	2026-10-08T11:39:04.5714693Z   overwrite: false
native (ubuntu-24.04, linux-x86_64)	Preserve native observations even on failure	2026-10-08T11:39:04.5714918Z   include-hidden-files: false
native (ubuntu-24.04, linux-x86_64)	Preserve native observations even on failure	2026-10-08T11:39:04.5715149Z env:
native (ubuntu-24.04, linux-x86_64)	Preserve native observations even on failure	2026-10-08T11:39:04.5715401Z   pythonLocation: /opt/hostedtoolcache/Python/3.13.15/x64
native (ubuntu-24.04, linux-x86_64)	Preserve native observations even on failure	2026-10-08T11:39:04.5715789Z   PKG_CONFIG_PATH: /opt/hostedtoolcache/Python/3.13.15/x64/lib/pkgconfig
native (ubuntu-24.04, linux-x86_64)	Preserve native observations even on failure	2026-10-08T11:39:04.5716194Z   Python_ROOT_DIR: /opt/hostedtoolcache/Python/3.13.15/x64
native (ubuntu-24.04, linux-x86_64)	Preserve native observations even on failure	2026-10-08T11:39:04.5716541Z   Python2_ROOT_DIR: /opt/hostedtoolcache/Python/3.13.15/x64
native (ubuntu-24.04, linux-x86_64)	Preserve native observations even on failure	2026-10-08T11:39:04.5716890Z   Python3_ROOT_DIR: /opt/hostedtoolcache/Python/3.13.15/x64
native (ubuntu-24.04, linux-x86_64)	Preserve native observations even on failure	2026-10-08T11:39:04.5717238Z   LD_LIBRARY_PATH: /opt/hostedtoolcache/Python/3.13.15/x64/lib
native (ubuntu-24.04, linux-x86_64)	Preserve native observations even on failure	2026-10-08T11:39:04.5717588Z ##[endgroup]
native (ubuntu-24.04, linux-x86_64)	Preserve native observations even on failure	2026-10-08T11:39:04.7005694Z (node:2268) [DEP0040] DeprecationWarning: The `punycode` module is deprecated. Please use a userland alternative instead.
native (ubuntu-24.04, linux-x86_64)	Preserve native observations even on failure	2026-10-08T11:39:04.7006430Z (Use `node --trace-deprecation ...` to show where the warning was created)
native (ubuntu-24.04, linux-x86_64)	Preserve native observations even on failure	2026-10-08T11:39:04.7169443Z With the provided path, there will be 97 files uploaded
native (ubuntu-24.04, linux-x86_64)	Preserve native observations even on failure	2026-10-08T11:39:04.7174269Z Artifact name is valid!
native (ubuntu-24.04, linux-x86_64)	Preserve native observations even on failure	2026-10-08T11:39:04.7174944Z Root directory input is valid!
native (ubuntu-24.04, linux-x86_64)	Preserve native observations even on failure	2026-10-08T11:39:04.9068684Z Beginning upload of artifact content to blob storage
native (ubuntu-24.04, linux-x86_64)	Preserve native observations even on failure	2026-10-08T11:39:05.0597848Z (node:2268) [DEP0169] DeprecationWarning: `url.parse()` behavior is not standardized and prone to errors that have security implications. Use the WHATWG URL API instead. CVEs are not issued for `url.parse()` vulnerabilities.
native (ubuntu-24.04, linux-x86_64)	Preserve native observations even on failure	2026-10-08T11:39:05.0877076Z Uploaded bytes 90333
native (ubuntu-24.04, linux-x86_64)	Preserve native observations even on failure	2026-10-08T11:39:05.1008144Z Finished uploading artifact content to blob storage!
native (ubuntu-24.04, linux-x86_64)	Preserve native observations even on failure	2026-10-08T11:39:05.1009772Z SHA256 digest of uploaded artifact zip is a055280d24af1ee3ec52dbc2de1411f549a8b9b326f8f67560472393d56c9841
native (ubuntu-24.04, linux-x86_64)	Preserve native observations even on failure	2026-10-08T11:39:05.1010937Z Finalizing artifact upload
native (ubuntu-24.04, linux-x86_64)	Preserve native observations even on failure	2026-10-08T11:39:05.3163836Z Artifact native-linux-x86_64-37771440411.zip successfully finalized. Artifact ID 11548291258
native (ubuntu-24.04, linux-x86_64)	Preserve native observations even on failure	2026-10-08T11:39:05.3164939Z Artifact native-linux-x86_64-37771440411 has been successfully uploaded! Final size is 90333 bytes. Artifact ID is 11548291258
native (ubuntu-24.04, linux-x86_64)	Preserve native observations even on failure	2026-10-08T11:39:05.3170293Z Artifact download URL: https://github.com/full-aigc-skills/printcraft-skills/actions/runs/37771440411/artifacts/11548291258
native (ubuntu-24.04, linux-x86_64)	Post Run actions/setup-python@v5	﻿2026-10-08T11:39:05.3350504Z Post job cleanup.
native (ubuntu-24.04, linux-x86_64)	Post Run actions/setup-python@v5	2026-10-08T11:39:05.4320364Z (node:2281) [DEP0040] DeprecationWarning: The `punycode` module is deprecated. Please use a userland alternative instead.
native (ubuntu-24.04, linux-x86_64)	Post Run actions/setup-python@v5	2026-10-08T11:39:05.4321678Z (Use `node --trace-deprecation ...` to show where the warning was created)
native (ubuntu-24.04, linux-x86_64)	Post Run actions/checkout@v4	﻿2026-10-08T11:39:05.4460768Z Post job cleanup.
native (ubuntu-24.04, linux-x86_64)	Post Run actions/checkout@v4	2026-10-08T11:39:05.5185421Z [command]/usr/bin/git version
native (ubuntu-24.04, linux-x86_64)	Post Run actions/checkout@v4	2026-10-08T11:39:05.5222847Z git version 2.55.0
native (ubuntu-24.04, linux-x86_64)	Post Run actions/checkout@v4	2026-10-08T11:39:05.5253529Z Temporarily overriding HOME='/home/runner/work/_temp/91c76aac-6aac-4279-b2cd-ad2ff8c66f61' before making global git config changes
native (ubuntu-24.04, linux-x86_64)	Post Run actions/checkout@v4	2026-10-08T11:39:05.5254577Z Adding repository directory to the temporary git global config as a safe directory
native (ubuntu-24.04, linux-x86_64)	Post Run actions/checkout@v4	2026-10-08T11:39:05.5257513Z [command]/usr/bin/git config --global --add safe.directory /home/runner/work/printcraft-skills/printcraft-skills
native (ubuntu-24.04, linux-x86_64)	Post Run actions/checkout@v4	2026-10-08T11:39:05.5293890Z [command]/usr/bin/git config --local --name-only --get-regexp core\.sshCommand
native (ubuntu-24.04, linux-x86_64)	Post Run actions/checkout@v4	2026-10-08T11:39:05.5325686Z [command]/usr/bin/git submodule foreach --recursive sh -c "git config --local --name-only --get-regexp 'core\.sshCommand' && git config --local --unset-all 'core.sshCommand' || :"
native (ubuntu-24.04, linux-x86_64)	Post Run actions/checkout@v4	2026-10-08T11:39:05.5551578Z [command]/usr/bin/git config --local --name-only --get-regexp http\.https\:\/\/github\.com\/\.extraheader
native (ubuntu-24.04, linux-x86_64)	Post Run actions/checkout@v4	2026-10-08T11:39:05.5579760Z http.https://github.com/.extraheader
native (ubuntu-24.04, linux-x86_64)	Post Run actions/checkout@v4	2026-10-08T11:39:05.5592222Z [command]/usr/bin/git config --local --unset-all http.https://github.com/.extraheader
native (ubuntu-24.04, linux-x86_64)	Post Run actions/checkout@v4	2026-10-08T11:39:05.5625067Z [command]/usr/bin/git submodule foreach --recursive sh -c "git config --local --name-only --get-regexp 'http\.https\:\/\/github\.com\/\.extraheader' && git config --local --unset-all 'http.https://github.com/.extraheader' || :"
native (ubuntu-24.04, linux-x86_64)	Post Run actions/checkout@v4	2026-10-08T11:39:05.5842581Z [command]/usr/bin/git config --local --name-only --get-regexp ^includeIf\.gitdir:
native (ubuntu-24.04, linux-x86_64)	Post Run actions/checkout@v4	2026-10-08T11:39:05.5887223Z [command]/usr/bin/git submodule foreach --recursive git config --local --show-origin --name-only --get-regexp remote.origin.url
native (ubuntu-24.04, linux-x86_64)	Complete job	﻿2026-10-08T11:39:05.6243351Z Cleaning up orphan processes
native (ubuntu-24.04, linux-x86_64)	Complete job	2026-10-08T11:39:05.6478108Z ##[warning]Node.js 20 is deprecated. The following actions target Node.js 20 but are being forced to run on Node.js 24: actions/checkout@v4, actions/setup-python@v5, actions/upload-artifact@v4. For more information see: https://github.blog/changelog/2025-09-19-deprecation-of-node-20-on-github-actions-runners/
